"study","title","latitude","longitude","methods","habitat","native_species","native_family","native_growth_cycle","invasive_species","invasive_family","invasive_growth_cycle","invasion_phase","MAT","MAP","fraction","source","index","units","depth","M_native","SD_native","N_native","M_invasive","SD_invasive","N_invasive","lnRR","depth_raw"
"R3","An aboveground–belowground assessment of ecosystem properties associated with exotic annual brome invasion","44.010041000000001","-107.57183999999999","field","n/a","B.tectorumL.","Poaceae","annual","BromusjaponicusThunb.","Poaceae","annual","invasive",NA,35,"TC","T1","TC","kg/ha","0-5",123.31,10.33,6,135.49,11.72,6,0.09419633,"0-5"
"R10","Effects of Canada Goldenrod Invasion on Soil Extracellular Enzyme Activities and Ecoenzymatic Stoichiometry","32.14","119.29","field","grassland","P.australis","Poaceae","perennial","P.australis","compositae","perennial","invasive",17.7,1272.1,"TC","T1","STC(soil total C)","mg C g−1 soil","0-15",10.82,0.52,4,13.17,1.09,4,0.19654524,"0-15"
"R11","Effects of invasive scotch broom on soil properties in a Pacific coastal prairie soil","39.2809","123.23390000000001","field","terrace","n/a","n/a","n/a","CytisusscopariusLink","Fabaceae","annual","invasive",NA,NA,"TC","T1","TC","g/kg","n/a",59.9,0.93,4,73.4,0.57,4,0.20324743,"n/a"
"R12","Effects of Invasive Spartina alterniﬂora Loisel. and Subsequent Ecological Replacement bySonneratia apetala Buch.-Ham. on Soil OrganicCarbon Fractions and Stock","22.26","113.38","field","n/a","KandeliaobovataSheue&al.","Rhizophoraceae Pers.","n/a","S.alterniflora","Poaceae","perennial","invasive",22.4,NA,"TC","F2","TC","g/kg","0-10",60.0343053173241,1.1418,3,15.9691252144082,1.981,3,-1.32413248,"0-10"
"R12","Effects of Invasive Spartina alterniﬂora Loisel. and Subsequent Ecological Replacement bySonneratia apetala Buch.-Ham. on Soil OrganicCarbon Fractions and Stock","22.26","113.38","field","n/a","KandeliaobovataSheue&al.","Rhizophoraceae Pers.","n/a","S.alterniflora","Poaceae","perennial","invasive",22.4,NA,"TC","F2","TC","g/kg","10-20",63.5162950257289,1.7809,3,16.6895368782161,1.3403,3,-1.33654508,"10-20"
"R12","Effects of Invasive Spartina alterniﬂora Loisel. and Subsequent Ecological Replacement bySonneratia apetala Buch.-Ham. on Soil OrganicCarbon Fractions and Stock","22.26","113.38","field","n/a","KandeliaobovataSheue&al.","Rhizophoraceae Pers.","n/a","S.alterniflora","Poaceae","perennial","invasive",22.4,NA,"TC","F2","TC","g/kg","20-30",19.090909090909,1.4822,3,25.6946826758147,3.001,3,0.29693717,"20-30"
"R12","Effects of Invasive Spartina alterniﬂora Loisel. and Subsequent Ecological Replacement bySonneratia apetala Buch.-Ham. on Soil OrganicCarbon Fractions and Stock","22.26","113.38","field","n/a","KandeliaobovataSheue&al.","Rhizophoraceae Pers.","n/a","S.alterniflora","Poaceae","perennial","invasive",22.4,NA,"TC","F2","TC","g/kg","30-50",20.7718696397941,2.0388,3,18.2504288164665,2.0718,3,-0.12934456,"30-50"
"R13","Effects of moso bamboo encroachment into tive, broad-leaved forests on soil carbon and nitrogen pools","30.1830-30.2455","119.2347-119.2827","field","forest","forest","n/a","n/a","Phyllostachysedulis","Poaceae","annual","invasive",NA,NA,"TC","T2","TC","g/kg","0-60",50.98,NA,5,52.31,NA,5,0.02575416,"0-60"
"R13","Effects of moso bamboo encroachment into tive, broad-leaved forests on soil carbon and nitrogen pools","30.1830-30.2455","119.2347-119.2827","field","forest","forest","n/a","n/a","Phyllostachysedulis","Poaceae","annual","invasive",NA,NA,"TC","T2","TC","g/kg","0-60",40.37,NA,5,54.18,NA,5,0.2942249,"0-60"
"R24","Loss of faster-cycling soil carbon pools following grass invasion across multiple forest sites","33.20-33.89","83.37-83.60","field","forest","Quercussp.","Fagaceae","n/a","M.vimineum","Poaceae","annual","invasive",NA,NA,"TC","F1","TC","g C m-2","0-10",299.074074074074,19.4444,8,276.851851851851,12.037,8,-0.07720182,"0-10"
"R24","Loss of faster-cycling soil carbon pools following grass invasion across multiple forest sites","33.20-33.89","83.37-83.60","field","forest","CaryacathayensisSarg.","JuglandaceaeDC.exPerleb","n/a","M.vimineum","Poaceae","annual","invasive",NA,NA,"TC","F1","TC","g C m-2","0-10",297.222222222222,17.5926,8,258.333333333333,17.5926,8,-0.14023477,"0-10"
"R33","The effect of plant invasion on soil microbial carbon-use efficiency in semiarid grasslands of the Rocky Mountain West","46.5145","114.0042","field","n/a","Pseudoroegneriaspicata(Pursh)ÁLöve","Poaceae","n/a","Bromustectorum L.","Poaceae","annual","invasive",NA,NA,"TC","T1","TC","g/kg","0-10",27.39,5.9,5,18.62,3.83,5,-0.38594171,"0-10"
"R33","The effect of plant invasion on soil microbial carbon-­use efficiency in semi-­arid grasslands of the Rocky Mountain West","46.4048","114.0140","field","n/a","Elymuselymoides(Raf.)Swezey","Poaceae","n/a","Euphorbiaesula L.","EuphorbiaceaeJuss.","perennial","invasive",7.7,350,"TC","T1","TC","g/kg","0-10",27.39,5.9,5,28.02,2.47,5,0.02274056,"0-10"
"R33","The effect of plant invasion on soil microbial carbon-use efficiency in semiarid grasslands of the Rocky Mountain West","46.5145","114.0042","field","n/a","Koelariamacrantha(Ledeb.)Schult.","Poaceae","n/a","CentaureastoebeL.","AsteraceaeBercht.&J.Presl","annual","invasive",7.7,350,"TC","T1","TC","g/kg","0-10",35.08,4.73,5,43.53,11.61,5,0.21581919,"0-10"
"R33","The effect of plant invasion on soil microbial carbon-use efficiency in semiarid grasslands of the Rocky Mountain West","46.4048","114.0140","field","n/a","Boutelouagracilis(Willd.ExKunth)Lag.ExGriffiths","Poaceae","n/a","PotentillarectaLinn.","Rosaceae","perennial","invasive",7.7,350,"TC","T1","TC","g/kg","0-10",25.76,3.54,5,28.82,4.24,5,0.11224669,"0-10"
"R34","The invasive plant Mikania micrantha affects the soil foodweb and plant-soil nutrient contents in orchards","22.35","114.29","field","orchard","Pistaciachinensis Bunge","AcardiaceaeR.Br.","n/a","Mikaniamicrantha KunthinHumb.&al.","AsteraceaeBercht.&J.Presl","perennial","invasive",NA,NA,"TC","T1","TC","g/kg","5-10",19.49,1.62,5,13.2,1.1,5,-0.38968468,"5-10"
"R34","The invasive plant Mikania micrantha affects the soil foodweb and plant-soil nutrient contents in orchards","22.52","114.22","field","n/a","Pistaciachinensis Bunge","AcardiaceaeR.Br.","n/a","Mikaniamicrantha KunthinHumb.&al.","AsteraceaeBercht.&J.Presl","perennial","invasive",NA,NA,"TC","T1","TC","g/kg","5-10",26.59,5.52,5,17.33,1.33,5,-0.4280961,"5-10"
"R34","The invasive plant Mikania micrantha affects the soil foodweb and plant-soil nutrient contents in orchards","23.26","113.28","field","n/a","Pistaciachinensis Bunge","AcardiaceaeR.Br.","n/a","Mikaniamicrantha KunthinHumb.&al.","AsteraceaeBercht.&J.Presl","perennial","invasive",NA,NA,"TC","T1","TC","g/kg","5-10",30.79,3.56,5,20.35,2.24,5,-0.41410905,"5-10"
"R35","Total and available soil carbon fractions under the perennial grass Cynodon dactylon (L.) Pers and the bioenergy crop Arundo dox L.","28.9587","100.645","field","n/a","Arundodox L.","Poaceae","perennial","Cynodondactylon (L.)Persoon","Poaceae","perennial","invasive",21.5,546,"TC","T2","TC","g/kg","0-10",43.2,1.65,NA,59.56,1.53,NA,0.32114371,"0-10"
"R35","Total and available soil carbon fractions under the perennial grass Cynodon dactylon (L.) Pers and the bioenergy crop Arundo dox L.","28.9587","100.645","field","n/a","Arundodox L.","Poaceae","perennial","Cynodondactylon (L.)Persoon","Poaceae","perennial","invasive",21.5,546,"TC","T2","TC","g/kg","10-20",36.94,1.77,NA,40.8,10.9,NA,0.09938711,"10-20"
"R35","Total and available soil carbon fractions under the perennial grass Cynodon dactylon (L.) Pers and the bioenergy crop Arundo dox L.","28.9587","100.645","field","n/a","Arundodox L.","Poaceae","perennial","Cynodondactylon (L.)Persoon","Poaceae","perennial","invasive",21.5,546,"TC","T2","TC","g/kg","20-30",33.91,1.96,NA,37.62,1.18,NA,0.10382587,"20-30"
"R35","Total and available soil carbon fractions under the perennial grass Cynodon dactylon (L.) Pers and the bioenergy crop Arundo dox L.","28.9587","100.645","field","n/a","Arundodox L.","Poaceae","perennial","Cynodondactylon (L.)Persoon","Poaceae","perennial","invasive",21.5,546,"TC","T2","TC","g/kg","30-40",30.9,1.6,NA,37.28,1.42,NA,0.18770081,"30-40"
"R35","Total and available soil carbon fractions under the perennial grass Cynodon dactylon (L.) Pers and the bioenergy crop Arundo dox L.","28.9587","100.645","field","n/a","Arundodox L.","Poaceae","perennial","Cynodondactylon (L.)Persoon","Poaceae","perennial","invasive",21.5,546,"TC","T2","TC","g/kg","40-50",32.38,2,NA,36.57,1.77,NA,0.12168728,"40-50"
"R37","Effects of Spartina Alterniflora Invasion on Soil Physical and Chemical Properties in Wetlands of the Yangtze River","23.90-23.93","117.40-117.50","field","estuary","Mangrove","n/a","n/a","S.alterniflora","Poaceae","perennial","invasive",15.3,1022,"TC","F2","TC","g/kg","0-15",17.9718875502007,4.22,3,10.2409638554216,2.21,3,-0.56240208,"0-15"
"R37","Effects of Spartina Alterniflora Invasion on Soil Physical and Chemical Properties in Wetlands of the Yangtze River","23.90-23.93","117.40-117.50","field","estuary","Mangrove","n/a","n/a","S.alterniflora","Poaceae","perennial","invasive",15.3,1022,"TC","F2","TC","g/kg","15-30",16.867469879518,3.51,3,9.13654618473895,1.5,3,-0.61287651,"15-30"
"R37","Effects of Spartina Alterniflora Invasion on Soil Physical and Chemical Properties in Wetlands of the Yangtze River","23.90-23.93","117.40-117.50","field","estuary","Mangrove","n/a","n/a","S.alterniflora","Poaceae","perennial","invasive",15.3,1022,"TC","F2","TC","g/kg","30-50",12.5502008032128,3.14,3,8.73493975903614,1.71,3,-0.3629553,"30-50"
"R37","Effects of Spartina Alterniflora Invasion on Soil Physical and Chemical Properties in Wetlands of the Yangtze River","23.90-23.93","117.40-117.50","field","estuary","Mangrove","n/a","n/a","S.alterniflora","Poaceae","perennial","invasive",15.3,1022,"TC","F2","TC","g/kg","50-75",10.6425702811244,2.41,3,7.2289156626506,1,3,-0.38638145,"50-75"
"R37","Effects of Spartina Alterniflora Invasion on Soil Physical and Chemical Properties in Wetlands of the Yangtze River","23.90-23.93","117.40-117.50","field","estuary","Mangrove","n/a","n/a","S.alterniflora","Poaceae","perennial","invasive",15.3,1022,"TC","F2","TC","g/kg","75-100",8.93574297188755,2.41,3,6.52610441767068,1.2,3,-0.31412865,"75-100"
"R39","Substrate availability regulates the suppressive effects of Canada goldenrod invasion on soil respiration","32.14","119.29","field","Shore","P.australis","Poaceae","perennial","SolidagocadensisL.","AsteraceaeBercht.&J.Presl","perennial","invasive",17.1,1272.1,"TC","T1","STC(soil total C)","mg C g−1 soil","0-10",12.47,1.19,3,10.8,0.74,3,-0.14377963,"0-10"
"R39","Substrate availability regulates the suppressive effects of Cada goldenrod invasion on soil respiration","32.12","119.30","greenhouse","n/a","P.australis","Poaceae","perennial","SolidagocadensisL.","AsteraceaeBercht.&J.Presl","perennial","invasive",17.1,1272.1,"TC","T2","STC(soil total C)","mg C g−1 soil","0-10",3.76,0.09,3,3.56,0.06,3,-0.05465841,"0-10"
"R50","Grass invasion of a hardwood forest is associated with declines in belowground carbon pools","33.5327","83.2193","field","forest","Acerrubrum,Quercusnigra,Platanusoccidentalis,andLiquidambarstyraciflua","n/a","n/a","M.vimineum","Poaceae","annual","invasive",NA,NA,"TC","T2","TC","ug/g dry wt soil -1","0-10",22.21,7.83836717690617,6,17.24,8.72018348430811,6,-0.25331037,"0-10"
"R54","Effects of Spartina alterniflora invasion on soil organic carbon composition of mangrove wetland in Zhangjiang River Estuary","23.90-23.93","117.40-117.50","field","estuary","Mangrove","n/a","n/a","S.alterniflora","Poaceae","perennial","invasive",21.2,1714.5,"TC","F2","TC","g/kg","0-15",18.0604982206405,4.36,3,10.4092526690391,2.14,3,-0.55093267,"0-15"
"R54","Effects of Spartina alterniflora invasion on soil organic carbon composition of mangrove wetland in Zhangjiang River Estuary","23.90-23.93","117.40-117.50","field","estuary","Mangrove","n/a","n/a","S.alterniflora","Poaceae","perennial","invasive",21.2,1714.5,"TC","F2","TC","g/kg","15-30",17.170818505338,3.3,3,9.16370106761565,1.6,3,-0.6283175,"15-30"
"R54","Effects of Spartina alterniflora invasion on soil organic carbon composition of mangrove wetland in Zhangjiang River Estuary","23.90-23.93","117.40-117.50","field","estuary","Mangrove","n/a","n/a","S.alterniflora","Poaceae","perennial","invasive",21.2,1714.5,"TC","F2","TC","g/kg","30-50",13.0782918149466,3.11,3,8.98576512455516,1.51,3,-0.3749715,"30-50"
"R54","Effects of Spartina alterniflora invasion on soil organic carbon composition of mangrove wetland in Zhangjiang River Estuary","23.90-23.93","117.40-117.50","field","estuary","Mangrove","n/a","n/a","S.alterniflora","Poaceae","perennial","invasive",21.2,1714.5,"TC","F2","TC","g/kg","50-75",10.6761565836298,2.85,3,7.20640569395017,1.07,3,-0.39290388,"50-75"
"R54","Effects of Spartina alterniflora invasion on soil organic carbon composition of mangrove wetland in Zhangjiang River Estuary","23.90-23.93","117.40-117.50","field","estuary","Mangrove","n/a","n/a","S.alterniflora","Poaceae","perennial","invasive",21.2,1714.5,"TC","F2","TC","g/kg","75-100",8.98576512455516,2.58,3,6.49466192170818,1.6,3,-0.32590318,"75-100"
"R56","Changes of ecosystem carbon stock following the plantation of exotic mangrove Sonneratia apetala in Qi'ao Island, China","22.2340-22.2738","113.3640-113.3915","field","mangrove","Kandeliaobovata Sheue&al.","Rhizophoraceae Pers.","n/a","Sonneratiaapetala Buch.-Ham.","Lythraceae","n/a","invasive",22.4,1964.4,"TC","T3","TC","%","0-20",1.29,0.12,6,5.21,1.06,6,1.39593764,"0-20"
"R56","Changes of ecosystem carbon stock following the plantation of exotic mangrove Sonneratia apetala in Qi'ao Island, China","22.2340-22.2738","113.3640-113.3915","field","mangrove","Kandeliaobovata Sheue&al.","Rhizophoraceae Pers.","n/a","Sonneratiaapetala Buch.-Ham.","Lythraceae","n/a","invasive",22.4,1964.4,"TC","T3","TC","%","20-40",1.25,0.06,6,3.78,0.85,6,1.10658046,"20-40"
"R56","Changes of ecosystem carbon stock following the plantation of exotic mangrove Sonneratia apetala in Qi'ao Island, China","22.2340-22.2738","113.3640-113.3915","field","mangrove","Kandeliaobovata Sheue&al.","Rhizophoraceae Pers.","n/a","Sonneratiaapetala Buch.-Ham.","Lythraceae","n/a","invasive",22.4,1964.4,"TC","T3","TC","%","40-60",1.27,0.1,6,1.73,0.13,6,0.30910451,"40-60"
"R56","Changes of ecosystem carbon stock following the plantation of exotic mangrove Sonneratia apetala in Qi'ao Island, China","22.2340-22.2738","113.3640-113.3915","field","mangrove","Kandeliaobovata Sheue&al.","Rhizophoraceae Pers.","n/a","Sonneratiaapetala Buch.-Ham.","Lythraceae","n/a","invasive",22.4,1964.4,"TC","T3","TC","%","60-80",1.28,0.1,6,1.45,0.24,6,0.12470348,"60-80"
"R56","Changes of ecosystem carbon stock following the plantation of exotic mangrove Sonneratia apetala in Qi'ao Island, China","22.2340-22.2738","113.3640-113.3915","field","mangrove","Kandeliaobovata Sheue&al.","Rhizophoraceae Pers.","n/a","Sonneratiaapetala Buch.-Ham.","Lythraceae","n/a","invasive",22.4,1964.4,"TC","T3","TC","%","80-100",1.24,0.09,6,1.31,0.2,6,0.05491576,"80-100"
"R58","Transition From Sagebrush Steppe to Annual Grass (Bromus tectorum): Influence on Belowground Carbon and Nitrogen","n/a","n/a","field","grassland","Artemisiatridentata Nutt.","AsteraceaeBercht.&J.Presl","n/a","Bromustectorum L.","Poaceae","annual","invasive",NA,NA,"TC","F3","TC","mg ha-1","9cm-1m",49.1538461538461,3.46,4,43.6153846153846,3.23,4,-0.11936109,"9cm-1m"
"R6","Bamboo invasion of broadleaf forests altered soil fungal community closely linked to changes in soil organic C chemical composition and mineral N production","30.1830-30.2137","119.2411-119.2711","field","forest","forest","n/a","n/a","Phyllostachy sedulis","Poaceae","annual","invasive",15.8,1630,"SOC","T1","SOC","g/kg","n/a",23.13,3.69,6,30.87,7.31,6,0.288654362,"n/a"
"R7","Cascading effects from plant to soil elucidate how the invasive Amorpha fruticosa L. impacts dry grasslands","45.5032-46.0745","12.4413-13.2739","field","grassland","n/a","n/a","n/a","A.fruticosa","Asparagaceae","n/a","invasive",13,NA,"SOC","T1","SOC","%","n/a",3,1.31,3,2.58,1.63,3,-0.15082289,"n/a"
"R8","Changes in Soil Organic Carbon Dymics in a tive C4 Plant-Domited Tidal Marsh Following Sparti alterniflora Invasion","26.0036–26.0342","119.3412–119.4040","field","n/a","C.malaccensis","Cyperaceae","annual","S.alterniflora","Poaceae","perennial","invasive",19.6,1350,"SOC","F2","SOC","g/kg","0-10",15.1649746192893,0.698,3,21.8908629441624,0.5076,3,0.367369531,"0-10"
"R8","Changes in Soil Organic Carbon Dymics in a tive C4 Plant-Domited Tidal Marsh Following Sparti alterniflora Invasion","26.0036–26.0342","119.3412–119.4040","field","n/a","C.malaccensis","Cyperaceae","annual","S.alterniflora","Poaceae","perennial","invasive",19.6,1350,"SOC","F2","SOC","g/kg","10-20",16.243654822335,0.5711,3,20.8756345177664,0.5711,3,0.251314428,"10-20"
"R8","Changes in Soil Organic Carbon Dymics in a tive C4 Plant-Domited Tidal Marsh Following Sparti alterniflora Invasion","26.0036–26.0342","119.3412–119.4040","field","n/a","C.malaccensis","Cyperaceae","annual","S.alterniflora","Poaceae","perennial","invasive",19.6,1350,"SOC","F2","SOC","g/kg","20-30",17.2588832487309,1.39594,3,18.8451776649746,0.69797,3,0.088121228,"20-30"
"R8","Changes in Soil Organic Carbon Dymics in a tive C4 Plant-Domited Tidal Marsh Following Sparti alterniflora Invasion","26.0036–26.0342","119.3412–119.4040","field","n/a","C.malaccensis","Cyperaceae","annual","S.alterniflora","Poaceae","perennial","invasive",19.6,1350,"SOC","F2","SOC","g/kg","30-40",16.8147208121827,0.76142,3,16.9416243654822,0.50761,3,0.007703742,"30-40"
"R8","Changes in Soil Organic Carbon Dymics in a tive C4 Plant-Domited Tidal Marsh Following Sparti alterniflora Invasion","26.0036–26.0342","119.3412–119.4040","field","n/a","C.malaccensis","Cyperaceae","annual","S.alterniflora","Poaceae","perennial","invasive",19.6,1350,"SOC","F2","SOC","g/kg","40-50",16.9416243654822,2.8553,3,18.8451776649746,3.3629,3,0.106835225,"40-50"
"R10","Effects of Canada Goldenrod Invasion on Soil Extracellular Enzyme Activities and Ecoenzymatic Stoichiometry","32.14","119.29","field","grassland","P.australis","Poaceae","perennial","P.australis","compositae","perennial","invasive",17.7,1272.1,"SOC","T1","SOC","mg C g−1 soil","0-15",7.56,0.53,4,8.57,0.29,4,0.125396542,"0-15"
"R13","Effects of moso bamboo encroachment into native, broad-leaved forests on soil carbon and nitrogen pools","30.1830-30.2455","119.2347-119.2827","field","forest","forest","n/a","n/a","Phyllostachysedulis","Poaceae","annual","invasive",NA,NA,"SOC","F2","SOC","g/cm2","0-20",0.5824,0.1147,3,0.5647,0.0791,3,-0.03509132,"0-20"
"R13","Effects of moso bamboo encroachment into native, broad-leaved forests on soil carbon and nitrogen pools","30.1830-30.2455","119.2347-119.2827","field","forest","forest","n/a","n/a","Phyllostachysedulis","Poaceae","annual","invasive",NA,NA,"SOC","F2","SOC","g/cm2","20-40",0.7588,0.1147,3,0.8206,0.0791,3,0.075985907,"20-40"
"R13","Effects of moso bamboo encroachment into tive, broad-leaved forests on soil carbon and nitrogen pools","30.1830-30.2455","119.2347-119.2827","field","forest","forest","n/a","n/a","Phyllostachysedulis","Poaceae","annual","invasive",NA,NA,"SOC","F2","SOC","g/cm2","40-60",0.9971,0.1147,3,1.0147,0.0791,3,0.009950331,"40-60"
"R13","Effects of moso bamboo encroachment into tive, broad-leaved forests on soil carbon and nitrogen pools","30.1830-30.2455","119.2347-119.2827","field","forest","forest","n/a","n/a","Phyllostachysedulis","Poaceae","annual","invasive",NA,NA,"SOC","F2","SOC","g/cm2","0-20",0.6176,0.1324,3,0.4941,0.1147,3,-0.235314087,"0-20"
"R13","Effects of moso bamboo encroachment into tive, broad-leaved forests on soil carbon and nitrogen pools","30.1830-30.2455","119.2347-119.2827","field","forest","forest","n/a","n/a","Phyllostachysedulis","Poaceae","annual","invasive",NA,NA,"SOC","F2","SOC","g/cm2","20-40",0.8029,0.1324,3,0.6882,0.1147,3,-0.14792013,"20-40"
"R13","Effects of moso bamboo encroachment into tive, broad-leaved forests on soil carbon and nitrogen pools","30.1830-30.2455","119.2347-119.2827","field","forest","forest","n/a","n/a","Phyllostachysedulis","Poaceae","annual","invasive",NA,NA,"SOC","F2","SOC","g/cm2","40-60",1.05,0.1324,3,0.7941,0.1147,3,-0.284512498,"40-60"
"R14","Exotic grasses and nitrate enrichment alter soil carbon cycling along an urban–rural tropical forest gradient","18.27-18.17","66.6-65.53","field","watershedforest","forest","n/a","n/a","PennisetumpurpureumSchumach.","Poaceae","perennial","invasive",25.7,1750,"SOC","F3","SOC","%","0-10",3.45669291338582,0.2145,3,2.92125984251968,0.1394,3,-0.169684973,"0-10"
"R15","Exotic Pinus carbaea causes soil quality to deteriorate on former abandoned land compared to an indigenous Podocarpus plantation in the tropical forest area of southern China","18.230-18.520","108.440–109.02","field","forest","PodocarpusimbricatusB1.","Podocarpaceae Endl.","n/a","PinuscaribaeaMorelet","PiceaeSpreng.exF.Rudolphi","n/a","invasive",NA,3000,"SOC","T1","SOC","g/kg","0-20",17.4,1.15,3,14.4,2.64,3,-0.189242,"0-20"
"R16","Far-reaching effects on soil properties and underground microbial ecosystem after the introduction of black locusts in forest","34.47-34.51","108.05-108.10","field","forest","P.orientalis","Cupressaceae","n/a","Robiniapseudoacacia L.","Fabaceae","n/a","invasive",10.8,605,"SOC","T2","SOC","g/kg","0-20",5.61,0.04,3,10.06,0.12,3,0.584016445,"0-20"
"R19","Impacts of Spartina alterniflora invasion on soil carbon contents and stability in the Yellow River Delta, China","37.4-37.5","119.1-119.2","field","delta","Phragmitesaustralis","Poaceae","perennial","S.alterniflora","Poaceae","perennial","invasive",NA,NA,"SOC","F2","SOC","g/kg","0-30",3.41865509761388,0.0521,3,7.01084598698481,0.0521,3,0.71769715,"0-30"
"R19","Impacts of Spartina alterniflora invasion on soil carbon contents and stability in the Yellow River Delta, China","37.4-37.5","119.1-119.2","field","delta","Suaedasalsa","Amaranthaceae","annual","S.alterniflora","Poaceae","perennial","invasive",NA,NA,"SOC","F2","SOC","g/kg","0-30",1.70065075921908,0.03471,3,7.01084598698481,0.0521,3,1.41670945,"0-30"
"R19","Impacts of Spartina alterniflora invasion on soil carbon contents and stability in the Yellow River Delta, China","37.4-37.5","119.1-119.2","field","delta","T.chinensi","TaxaceaeGray","n/a","S.alterniflora","Poaceae","perennial","invasive",NA,NA,"SOC","F2","SOC","g/kg","0-30",2.49891540130151,0.0174,3,7.01084598698481,0.0521,3,1.031046969,"0-30"
"R20","Impacts of Spartina alterniflora invasion on soil carbon contents and stability in the Yellow River Delta, China","24.80","113.36","field","ricefields","Cynodondactylon,Festucaarundicea,Paspalumtatu,andCommelicommunis","herbaceous","n/a","AmbrosiaartemisiifoliaL.","AsteraceaeBercht.&J.Presl","annual","invasive",NA,NA,"SOC","T1","SOC","g/kg","n/a",22.08,0.66,4,26.92,0.67,4,0.198197283,"n/a"
"R20","Impacts of Spartina alterniflora invasion on soil carbon contents and stability in the Yellow River Delta, China","24.80","113.36","field","ricefields","Toxicodendronvernicifluum,Sapiumdiscolor,Lygodiumjaponicum,
Gardeniajasminoides,Pinusmassonia,G.mangosta,U.lobata,
Mallotusapelta,Vitexnegundo,Meliaazedarach,S.bonox,Brous-
sonetiapapyrifera,PaederiascandensandRhuschinensis.","tivespecies","n/a","AmbrosiaartemisiifoliaL.","AsteraceaeBercht.&J.Presl","annual","invasive",NA,NA,"SOC","T1","SOC","g/kg","n/a",21.83,0.54,4,26.92,0.67,4,0.209584334,"n/a"
"R21","Invasion effects of Chromolaena odorata on soil carbon and nitrogen fractions in a tropical savanna","108.470–108.490","19.050–19.170","field","grassland","Hyptissuavedens,Eragrostiszylindrica,Tridaxprocumbens","Grass","n/a","Chromolaeodorata L.","AsteraceaeBercht.&J.Presl","perennial","invasive",24.6,1019,"SOC","F3","SOC","g/kg","0-10",18.3240223463687,1.1173,NA,25.2513966480446,2.3836,NA,0.320832796,"0-10"
"R21","Invasion effects of Chromolae odorata on soil carbon and nitrogen fractions in a tropical savan","108.470–108.490","19.050–19.170","field","grassland","Hyptissuavedens,Eragrostiszylindrica,Tridaxprocumbens","Grass","n/a","Chromolaeodorata L.","AsteraceaeBercht.&J.Presl","perennial","invasive",24.6,1019,"SOC","F3","SOC","g/kg","10-20",27.2625698324022,2.6816,NA,25.2513966480446,2.3836,NA,-0.076594271,"10-20"
"R21","Invasion effects of Chromolae odorata on soil carbon and nitrogen fractions in a tropical savan","108.470–108.490","19.050–19.170","field","forest","Crotonlaui,Microcospaniculata,Dimocarpuslongga","Forest","n/a","Chromolaeodorata L.","AsteraceaeBercht.&J.Presl","perennial","invasive",24.6,1019,"SOC","F3","SOC","g/kg","0-10",9.45996275605214,0.8194,NA,12.9608938547486,0.6704,NA,0.314795308,"0-10"
"R21","Invasion effects of Chromolae odorata on soil carbon and nitrogen fractions in a tropical savan","108.470–108.490","19.050–19.170","field","forest","Crotonlaui,Microcospaniculata,Dimocarpuslongga","Forest","n/a","Chromolaeodorata L.","AsteraceaeBercht.&J.Presl","perennial","invasive",24.6,1019,"SOC","F3","SOC","g/kg","10-20",14.7486033519553,1.2663,NA,12.9608938547486,0.6704,NA,-0.129375392,"10-20"
"R22","Invasion of non-native grasses causes a drop in soil carbon storage in California grasslands"," 37.862","122.524","field","grassland","Agrostishalli","Poaceae","perennial","Avebarbata","Poaceae","annual","invasive",NA,900,"SOC","F1","SOC","kg/m2","0-10",5.46212121212121,0.1944,5,4.71969696969697,0.3005,5,-0.14563999,"0-10"
"R22","Invasion of non-native grasses causes a drop in soil carbon storage in California grasslands","37.930999999999997","122.673","field","grassland","Agrostishalli","Poaceae","perennial","Loliummultiflorum","Poaceae","annual","invasive",NA,900,"SOC","F1","SOC","kg/m2","10-20",3.78282828282828,0.1591,5,3.39393939393939,0.1591,5,-0.108894088,"10-20"
"R22","Invasion of non-native grasses causes a drop in soil carbon storage in California grasslands"," 37.862","122.524","field","grassland","Agrostishalli","Poaceae","perennial","Brizamaxima L.","Poaceae","annual","invasive",NA,900,"SOC","F1","SOC","kg/m2","20-30",3.12878787878787,0.1237,5,3.04040404040404,0.0884,5,-0.029175489,"20-30"
"R22","Invasion of non-native grasses causes a drop in soil carbon storage in California grasslands","37.930999999999997","122.673","field","grassland","Agrostishalli","Poaceae","perennial","Vulpiaspp","Poaceae","annual","invasive",NA,900,"SOC","F1","SOC","kg/m2","30-40",2.58080808080808,0.0884,5,2.59848484848484,0.1061,5,0.007722046,"30-40"
"R22","Invasion of non-native grasses causes a drop in soil carbon storage in California grasslands","37.930999999999997","122.673","field","grassland","Agrostishalli","Poaceae","perennial","n/a","n/a","n/a","invasive",NA,900,"SOC","F1","SOC","kg/m2","40-50",2.33333333333333,0.1061,5,1.57323232323232,0.2298,5,-0.394792648,"40-50"
"R23","Invasion of Praxelis clematidea increases the chemically non-labile rather than labile soil organic carbon in a tropical savanna","19.05-19.17","108.47 - 108.49","field","n/a","Hyptissuavedens,Eragrostiszylindrica,Tridaxprocumbens,Borreriaarticularis,andFimbristylisfusca,aswellasseveralshrubs,suchasSidaalnifoliaandWaltheriaamerica.","n/a","n/a","Praxelisclematidea","AsteraceaeBercht.&J.Presl","annual","invasive",24.6,1019,"SOC","F1","SOC","g/kg","0-10",9.70623742454728,0.3622,NA,14.2334004024144,0.5795,NA,0.38219613,"0-10"
"R23","Invasion of Praxelis clematidea increases the chemically non-labile rather than labile soil organic carbon in a tropical savan","19.05-19.17","108.47 - 108.49","field","forest","Hyptissuavedens,Eragrostiszylindrica,Tridaxprocumbens,Borreriaarticularis,andFimbristylisfusca,aswellasseveralshrubs,suchasSidaalnifoliaandWaltheriaamerica.","n/a","n/a","Praxelisclematidea","AsteraceaeBercht.&J.Presl","annual","invasive",24.6,1019,"SOC","F1","SOC","g/kg","10-20",7.64185110663984,0.3622,NA,9.19919517102616,0.9779,NA,0.185805881,"10-20"
"R25","Methane production potential and methanogenic Methane production potential and methanogenic archaea community dynamics along the Spartina alterniflora invasion chronosequence in a coastal salt marsh","33.36","120.36","field","swamp","Suaedasalsa","Amaranthaceae","annual","S.alterniflora","Poaceae","perennial","invasive",NA,NA,"SOC","T1","SOC","g C kg−1","0-20",2.1,0.18,3,12.37,0.11,3,1.773336842,"0-20"
"R27","Plant litter chemistry and microbial priming regulate the accrual, composition and stability of soil carbon in invaded ecosystems","42.24","72.31","field","n/a","n/a","n/a","n/a","Polygonumcuspidatum","Polygoceae","perennial","invasive",NA,NA,"SOC","F2","SOC","mg ha-1","0-5",24.3410852713178,1.8605,6,34.7286821705426,2.3255,6,0.355482779,"0-5"
"R27","Plant litter chemistry and microbial priming regulate the accrual, composition and stability of soil carbon in invaded ecosystems","42.24","72.31","field","n/a","n/a","n/a","n/a","Polygonumcuspidatum","Polygoceae","perennial","invasive",NA,NA,"SOC","F2","SOC","mg ha-1","5-10",17.0542635658914,0.9302,6,22.1705426356589,1.7054,6,0.26258982,"5-10"
"R27","Plant litter chemistry and microbial priming regulate the accrual, composition and stability of soil carbon in invaded ecosystems","42.24","72.31","field","n/a","n/a","n/a","n/a","Polygonumcuspidatum","Polygoceae","perennial","invasive",NA,NA,"SOC","F2","SOC","mg ha-1","10-15",16.7441860465116,0.6202,6,17.0542635658914,0.7752,6,0.018349139,"10-15"
"R27","Plant litter chemistry and microbial priming regulate the accrual, composition and stability of soil carbon in invaded ecosystems","34.41","82.53","field","n/a","n/a","n/a","n/a","Puerariamonta","Fabaceae","perennial","invasive",NA,NA,"SOC","F2","SOC","mg ha-1","0-5",47.906976744186,2.3256,6,32.4031007751938,2.6357,6,-0.391165828,"0-5"
"R27","Plant litter chemistry and microbial priming regulate the accrual, composition and stability of soil carbon in invaded ecosystems","34.41","82.53","field","n/a","n/a","n/a","n/a","Puerariamonta","Fabaceae","perennial","invasive",NA,NA,"SOC","F2","SOC","mg ha-1","5-10",23.4108527131782,0.4651,6,16.5891472868217,1.2403,6,-0.344363177,"5-10"
"R27","Plant litter chemistry and microbial priming regulate the accrual, composition and stability of soil carbon in invaded ecosystems","34.41","82.53","field","n/a","n/a","n/a","n/a","Puerariamonta","Fabaceae","perennial","invasive",NA,NA,"SOC","F2","SOC","mg ha-1","10-15",12.7131782945736,1.0853,6,11.0077519379844,0,6,-0.143585134,"10-15"
"R28","Response of the soil microbial community composition and biomass to a short-term Spartina alterniflora invasion in a coastal wetland of eastern China","32.3651-34.2832","119.5125-121.547","field","n/a","Suaedasalsa","Amaranthaceae","annual","S.alterniflora","Poaceae","perennial","invasive",13.8,1000,"SOC","T2","SOC","g/kg","0-30",3.63,0.24,9,0.52,0.03,9,-1.943159116,"0-30"
"R28","Response of the soil microbial community composition and biomass to a short-term Spartina alterniflora invasion in a coastal wetland of eastern China","32.3651-34.2832","119.5125-121.547","field","n/a","Phragmitesaustralis","Poaceae","perennial","S.alterniflora","Poaceae","perennial","invasive",13.8,1000,"SOC","T2","SOC","g/kg","0-30",2.92,0.16,9,0.52,0.03,9,-1.725510084,"0-30"
"R29","Response of topsoil Fe-bound organic carbon pool and microbial community to Spartina alterniflora invasion in coastal wetlands","n/a","n/a","field","n/a","Kandeliaobovata Sheue&al.","Rhizophoraceae Pers.","n/a","S.alterniflora","Poaceae","perennial","invasive",NA,NA,"SOC","T1","SOC","g/kg","n/a",27.04,0.56,3,20.13,1.95,3,-0.295106012,"n/a"
"R29","Response of topsoil Fe-bound organic carbon pool and microbial community to Spartina alterniflora invasion in coastal wetlands","n/a","n/a","field","n/a","Kandeliaobovata Sheue&al.","Rhizophoraceae Pers.","n/a","S.alterniflora","Poaceae","perennial","invasive",NA,NA,"SOC","T1","SOC","g/kg","n/a",20.03,0.99,3,13.91,0.44,3,-0.364623144,"n/a"
"R29","Response of topsoil Fe-bound organic carbon pool and microbial community to Spartina alterniflora invasion in coastal wetlands","n/a","n/a","field","n/a","Kandeliaobovata Sheue&al.","Rhizophoraceae Pers.","n/a","S.alterniflora","Poaceae","perennial","invasive",NA,NA,"SOC","T1","SOC","g/kg","n/a",23.86,0.64,3,24.16,0.58,3,0.012494956,"n/a"
"R29","Response of topsoil Fe-bound organic carbon pool and microbial community to Spartina alterniflora invasion in coastal wetlands","n/a","n/a","field","n/a","Avicenniamari (Forsk.)Vierh.","Acanthaceae","n/a","S.alterniflora","Poaceae","perennial","invasive",NA,NA,"SOC","T1","SOC","g/kg","n/a",10.06,0.37,3,13.38,0.15,3,0.28519389,"n/a"
"R29","Response of topsoil Fe-bound organic carbon pool and microbial community to Spartina alterniflora invasion in coastal wetlands","n/a","n/a","field","n/a","Avicenniamari (Forsk.)Vierh.","Acanthaceae","n/a","S.alterniflora","Poaceae","perennial","invasive",NA,NA,"SOC","T1","SOC","g/kg","n/a",19.63,0.35,3,20.61,0.35,3,0.048717387,"n/a"
"R29","Response of topsoil Fe-bound organic carbon pool and microbial community to Spartina alterniflora invasion in coastal wetlands","n/a","n/a","field","n/a","Avicenniamari (Forsk.)Vierh.","Acanthaceae","n/a","S.alterniflora","Poaceae","perennial","invasive",NA,NA,"SOC","T1","SOC","g/kg","n/a",17.87,0.17,3,17.03,0.19,3,-0.048146834,"n/a"
"R29","Response of topsoil Fe-bound organic carbon pool and microbial community to Spartina alterniflora invasion in coastal wetlands","n/a","n/a","field","n/a","Phragmitesaustralis","Poaceae","perennial","S.alterniflora","Poaceae","perennial","invasive",NA,NA,"SOC","T1","SOC","g/kg","n/a",28.86,1.87,3,24.5,2.91,3,-0.163783436,"n/a"
"R29","Response of topsoil Fe-bound organic carbon pool and microbial community to Spartina alterniflora invasion in coastal wetlands","n/a","n/a","field","n/a","Phragmitesaustralis","Poaceae","perennial","S.alterniflora","Poaceae","perennial","invasive",NA,NA,"SOC","T1","SOC","g/kg","n/a",20.4,0.16,3,24.15,0.62,3,0.168749479,"n/a"
"R29","Response of topsoil Fe-bound organic carbon pool and microbial community to Spartina alterniflora invasion in coastal wetlands","n/a","n/a","field","n/a","Phragmitesaustralis","Poaceae","perennial","S.alterniflora","Poaceae","perennial","invasive",NA,NA,"SOC","T1","SOC","g/kg","n/a",19.94,0.17,3,19.49,0.17,3,-0.022826251,"n/a"
"R31","Seawall construction alters soil carbon and nitrogen dynamics and soil microbial biomass in an invasive Spartina alterniflora salt marsh in eastern China","32.59-33.03","120.47-120.53","field","n/a","Suaedasalsa","n/a","annual","S.alterniflora","Poaceae","perennial","invasive",14.1,1000,"SOC","F3","SOC","g/kg","0-10",9.61625282167042,0.8669,3,4.8216704288939,0.4334,3,-0.691070337,"0-10"
"R31","Seawall construction alters soil carbon and nitrogen dymics and soil microbial biomass in an invasive Spartina alterniflora salt marsh in eastern China","32.59-33.03","120.47-120.53","field","n/a","Suaedasalsa","n/a","annual","S.alterniflora","Poaceae","perennial","invasive",14.1,1000,"SOC","F3","SOC","g/kg","10-20",6.31151241534988,0.5418,3,2.60045146726862,0.0542,3,-0.886624232,"10-20"
"R31","Seawall construction alters soil carbon and nitrogen dymics and soil microbial biomass in an invasive Spartina alterniflora salt marsh in eastern China","32.59-33.03","120.47-120.53","field","n/a","Suaedasalsa","n/a","annual","S.alterniflora","Poaceae","perennial","invasive",14.1,1000,"SOC","F3","SOC","g/kg","20-30",5.01128668171557,0.5418,3,1.95033860045146,0.05418,3,-0.943606543,"20-30"
"R32","Species choice inmangrove reforestationmay influence the quantity and quality of long-term carbon sequestration and storage","23.45","116.43","field","Mangroveplantations,sandybeaches&mudflats","Kandeliaobovata Sheue&al.","Rhizophoraceae Pers.","n/a","Sonneratiaapetala Buch.-Ham.","Lythraceae","n/a","invasive",NA,NA,"SOC","T1","SOC","g/kg","0-20",43.99,2.82,NA,17.8,10.26,NA,-0.904763878,"0-20"
"R32","Species choice inmangrove reforestationmay influence the quantity and quality of long-term carbon sequestration and storage","23.45","116.43","field","Mangroveplantations,sandybeaches&mudflats","Kandeliaobovata Sheue&al.","Rhizophoraceae Pers.","n/a","Sonneratiaapetala Buch.-Ham.","Lythraceae","n/a","invasive",NA,NA,"SOC","T1","SOC","g/kg","20-40",38.52,0.53,NA,19.73,8.55,NA,-0.669037267,"20-40"
"R32","Species choice inmangrove reforestationmay influence the quantity and quality of long-term carbon sequestration and storage","23.45","116.43","field","Mangroveplantations,sandybeaches&mudflats","Kandeliaobovata Sheue&al.","Rhizophoraceae Pers.","n/a","Sonneratiaapetala Buch.-Ham.","Lythraceae","n/a","invasive",NA,NA,"SOC","T1","SOC","g/kg","40-60",35.59,2.28,NA,14.99,6.77,NA,-0.864681387,"40-60"
"R32","Species choice inmangrove reforestationmay influence the quantity and quality of long-term carbon sequestration and storage","23.45","116.43","field","Mangroveplantations,sandybeaches&mudflats","Kandeliaobovata Sheue&al.","Rhizophoraceae Pers.","n/a","Sonneratiaapetala Buch.-Ham.","Lythraceae","n/a","invasive",NA,NA,"SOC","T1","SOC","g/kg","60-80",26.21,2.4,NA,13.96,6.1,NA,-0.62994492,"60-80"
"R32","Species choice inmangrove reforestationmay influence the quantity and quality of long-term carbon sequestration and storage","23.45","116.43","field","Mangroveplantations,sandybeaches&mudflats","Kandeliaobovata Sheue&al.","Rhizophoraceae Pers.","n/a","Sonneratiaapetala Buch.-Ham.","Lythraceae","n/a","invasive",NA,NA,"SOC","T1","SOC","g/kg","80-100",20.63,2,NA,10.01,1.88,NA,-0.723161734,"80-100"
"R36","Effects of Spartina Alterniflora Invasion on Soil Physical and Chemical Properties in Wetlands of the Yangtze River","31.25-31.28","121.50-122.05","field","SiltIsland","P.australis","Poaceae","perennial","S.alterniflora","Poaceae","perennial","invasive",15.3,1022,"SOC","F5","SOC","mg/kg","0-100",5.70316301703162,0.21,3,7.02676399026763,0.29,3,0.209720531,"0-100"
"R36","Effects of Spartina Alterniflora Invasion on Soil Physical and Chemical Properties in Wetlands of the Yangtze River","31.25-31.28","121.50-122.05","field","SiltIsland","Bolboschoenoplectusmariqueter (Tang&F.T.Wang)Tatanov","Cyperaceae","perennial","S.alterniflora","Poaceae","perennial","invasive",15.3,1022,"SOC","F5","SOC","mg/kg","0-100",2.88077858880778,0.21,3,5.5669099756691,0.04,3,0.65960476,"0-100"
"R38","Relationship among vegetation types and soil microbial biomass in the Loess Hilly region of China","36.254","109.3153","field","Forest","Platycladusorientalis(L.)Franco","Cupressaceae","n/a","Robiniapseudoacacia L.","Fabaceae","n/a","invasive",NA,NA,"SOC","T1","SOC","%","0-20",1.88,0.41569219381653,3,1.08,0.155884572681199,3,-0.554310736,"0-20"
"R38","Relationship among vegetation types and soil microbial biomass in the Loess Hilly region of China","36.254","109.3153","field","Forest","QuercuswutaishanseaMary","Fagaceae","n/a","Robiniapseudoacacia L.","Fabaceae","n/a","invasive",NA,NA,"SOC","T1","SOC","%","0-20",2.86,0.727461339178928,3,1.08,0.155884572681199,3,-0.973860584,"0-20"
"R38","Relationship among vegetation types and soil microbial biomass in the Loess Hilly region of China","36.254","109.3153","field","Forest","bushes","n/a","n/a","Robiniapseudoacacia L.","Fabaceae","n/a","invasive",NA,NA,"SOC","T1","SOC","%","0-20",2.26,0.467653718043597,3,1.08,0.155884572681199,3,-0.738403772,"0-20"
"R41","Effects of moso bamboo invasion on soil active organic carbon and nitrogen in a evergreen broad-leaved forest in subtropical China","33.41","120.00","field","forest","Quercusglauca","Fagaceae","n/a","Phyllostachysedulis","Poaceae","annual","invasive",NA,NA,"SOC","T3","SOC","g/kg","0-20",44.83,2.23,9,38.2,2.21,9,-0.160042043,"0-20"
"R41","Effects of moso bamboo invasion on soil active organic carbon and nitrogen in a evergreen broad-leaved forest in subtropical China","33.41","120.00","field","forest","Quercusglauca","Fagaceae","n/a","Phyllostachysedulis","Poaceae","annual","invasive",NA,NA,"SOC","T3","SOC","g/kg","0-20",44.83,2.23,9,38.2,2.21,9,-0.160042043,"0-20"
"R41","Effects of moso bamboo invasion on soil active organic carbon and nitrogen in a evergreen broad-leaved forest in subtropical China","33.41","120.00","field","forest","Quercusglauca","Fagaceae","n/a","Phyllostachysedulis","Poaceae","annual","invasive",NA,NA,"SOC","T3","SOC","g/kg","0-20",44.83,2.23,9,38.2,2.21,9,-0.160042043,"0-20"
"R41","Effects of moso bamboo invasion on soil active organic carbon and nitrogen in a evergreen broad-leaved forest in subtropical China","33.41","120.00","field","forest","Quercusglauca","Fagaceae","n/a","Phyllostachysedulis","Poaceae","annual","invasive",NA,NA,"SOC","T3","SOC","g/kg","0-20",44.83,2.23,9,38.2,2.21,9,-0.160042043,"0-20"
"R41","Effects of moso bamboo invasion on soil active organic carbon and nitrogen in a evergreen broad-leaved forest in subtropical China","30.1830-30.2455","119.2347-119.2827","field","turereserve","forest","n/a","n/a","Phyllostachysedulis","Poaceae","annual","invasive",NA,NA,"SOC","T1","SOC","g/kg","0-20",39.02,9.48,10,32.34,2.42,10,-0.187769481,"0-20"
"R44","Significant changes in soil microbial community structure and metabolic function after Mikania micrantha invasion","23.1305-23.1943","114.1921-114.2706","field","Forest","forest","MyrtaceaeJuss.","n/a","Mikaniamicrantha KunthinHumb.&al.","AsteraceaeBercht.&J.Presl","perennial","invasive",NA,NA,"SOC","T1","SOC","g/kg","0-10",27.32,4.26,6,26.77,5.5,6,-0.020337177,"0-10"
"R45","Impacts of Ipomoea cairica and Wedelia trilobata invasion on soil chemical and microbiological characteristics","23.09","113.21","field","hill","Neyraudiareyudia","Poaceae","perennial","Ipomoeacairica (L.)Sweet)","Convolvulaceae","perennial","invasive",NA,NA,"SOC","T2","SOC","g/kg","0-10",12.09,1.46,4,24.5,2.56,4,0.706294453,"0-10"
"R45","Impacts of Ipomoea cairica and Wedelia trilobata invasion on soil chemical and microbiological characteristics","23.09","113.21","field","hill","Neyraudiareyudia","Poaceae","perennial","Sphagneticolatrilobata(L.)Pruski","AsteraceaeBercht.&J.Presl","perennial","invasive",15.3,1022,"SOC","T2","SOC","g/kg","0-10",12.09,1.46,4,18.2,1.23,4,0.409042929,"0-10"
"R46","Effects of Spartina alterniflora invasion on soil carbon dynamics in wetlands of the Yangtze River estuary","31.25-31.28","121.50-122.05","field","SiltIsland","P.australis","Poaceae","perennial","S.alterniflora","Poaceae","perennial","invasive",15.3,1022,"SOC","F5","SOC","kg/m2","0-20",1.18861209964412,0.06,3,1.40569395017793,0.43,3,0.169636397,"0-20"
"R46","Effects of Spartina alterniflora invasion on soil carbon dynamics in wetlands of the Yangtze River estuary","31.25-31.28","121.50-122.05","field","SiltIsland","P.australis","Poaceae","perennial","S.alterniflora","Poaceae","perennial","invasive",15.3,1022,"SOC","F5","SOC","kg/m2","20-40",0.94306049822064,0.1,3,1.23843416370106,0.06,3,0.276986783,"20-40"
"R46","Effects of Spartina alterniflora invasion on soil carbon dynamics in wetlands of the Yangtze River estuary","31.25-31.28","121.50-122.05","field","SiltIsland","P.australis","Poaceae","perennial","S.alterniflora","Poaceae","perennial","invasive",15.3,1022,"SOC","F5","SOC","kg/m2","40-60",0.9288256227758,0.03,3,1.06761565836298,0.05,3,0.140229341,"40-60"
"R46","Effects of Spartina alterniflora invasion on soil carbon dynamics in wetlands of the Yangtze River estuary","31.25-31.28","121.50-122.05","field","SiltIsland","P.australis","Poaceae","perennial","S.alterniflora","Poaceae","perennial","invasive",15.3,1022,"SOC","F5","SOC","kg/m2","60-80",0.921708185053381,0.07,3,1.01067615658362,0.05,3,0.09333194,"60-80"
"R46","Effects of Spartina alterniflora invasion on soil carbon dynamics in wetlands of the Yangtze River estuary","31.25-31.28","121.50-122.05","field","SiltIsland","P.australis","Poaceae","perennial","S.alterniflora","Poaceae","perennial","invasive",15.3,1022,"SOC","F5","SOC","kg/m2","80-100",0.786476868327402,0.06,3,0.854092526690391,0.07,3,0.073203404,"80-100"
"R46","Effects of Spartina alterniflora invasion on soil carbon dynamics in wetlands of the Yangtze River estuary","31.25-31.28","121.50-122.05","field","SiltIsland","Bolboschoenoplectusmariqueter (Tang&F.T.Wang)Tatanov","Cyperaceae","perennial","S.alterniflora","Poaceae","perennial","invasive",15.3,1022,"SOC","F5","SOC","kg/m2","0-20",0.588045234248788,0.04,3,0.962843295638126,0.03,3,0.486810748,"0-20"
"R46","Effects of Spartina alterniflora invasion on soil carbon dynamics in wetlands of the Yangtze River estuary","31.25-31.28","121.50-122.05","field","SiltIsland","Bolboschoenoplectusmariqueter (Tang&F.T.Wang)Tatanov","Cyperaceae","perennial","S.alterniflora","Poaceae","perennial","invasive",15.3,1022,"SOC","F5","SOC","kg/m2","20-40",0.668820678513731,0.05,3,0.988691437802908,0.04,3,0.390427231,"20-40"
"R46","Effects of Spartina alterniflora invasion on soil carbon dynamics in wetlands of the Yangtze River estuary","31.25-31.28","121.50-122.05","field","SiltIsland","Bolboschoenoplectusmariqueter (Tang&F.T.Wang)Tatanov","Cyperaceae","perennial","S.alterniflora","Poaceae","perennial","invasive",15.3,1022,"SOC","F5","SOC","kg/m2","40-60",0.617124394184168,0.05,3,0.936995153473344,0.05,3,0.416160397,"40-60"
"R46","Effects of Spartina alterniflora invasion on soil carbon dynamics in wetlands of the Yangtze River estuary","31.25-31.28","121.50-122.05","field","SiltIsland","Bolboschoenoplectusmariqueter (Tang&F.T.Wang)Tatanov","Cyperaceae","perennial","S.alterniflora","Poaceae","perennial","invasive",15.3,1022,"SOC","F5","SOC","kg/m2","60-80",0.539579967689822,0.05,3,0.798061389337641,0.08,3,0.393042588,"60-80"
"R46","Effects of Spartina alterniflora invasion on soil carbon dynamics in wetlands of the Yangtze River estuary","31.25-31.28","121.50-122.05","field","SiltIsland","Bolboschoenoplectusmariqueter (Tang&F.T.Wang)Tatanov","Cyperaceae","perennial","S.alterniflora","Poaceae","perennial","invasive",15.3,1022,"SOC","F5","SOC","kg/m2","80-100",0.390953150242326,0.04,3,0.432956381260097,0.04,3,0.09763847,"80-100"
"R47","Spartina alterniflora invasion affects methane emissions in the Yangtze River estuary","31.25-31.28","121.50-122.05","field","SiltIsland","P.australis","Poaceae","perennial","S.alterniflora","Poaceae","perennial","invasive",15.3,1022,"SOC","T1","SOC","mg/g","0-20",2.03,0.08,4,3.36,0.14,4,0.503905181,"0-20"
"R47","Spartina alterniflora invasion affects methane emissions in the Yangtze River estuary","31.25-31.28","121.50-122.05","field","SiltIsland","P.australis","Poaceae","perennial","S.alterniflora","Poaceae","perennial","invasive",15.3,1022,"SOC","T1","SOC","mg/g","0-20",0.66,0.08,4,3.77,0.26,4,1.742590445,"0-20"
"R48","Non-linear impacts of Eucalyptus plantation stand age on soil microbial metabolic diversity","22.14-22.21","107.47-107.56","field","Forestfarm","Pinusmassonia Lamb.","PiceaeSpreng.exF.Rudolphi","n/a","EucalyptusurophyllaS.T.Blake&Eucalyptusgrandis W.HillexMaiden","MyrtaceaeJuss.","n/a","turalized",NA,NA,"SOC","T1","SOC","g/kg","0-10",13.35,0.85,3,17.17,0.79,3,0.25164729,"0-10"
"R49","Changes in plant community and soil ecological indicators in response to Prosopis juliflora and Acacia mearnsii invasion and removal in two biodiversity hotspots in Southern India","10.2942","79.8579","field","plain","n/a","n/a","n/a","Prosopisjuliflora (Sw.)DC.","Fabaceae","n/a","turalized",29.5,1250,"SOC","T2","SOC","mg/g","0-10",6.7,NA,12,7.9,NA,12,0.164755233,"0-10"
"R49","Changes in plant community and soil ecological indicators in response to Prosopis juliflora and Acacia mearnsii invasion and removal in two biodiversity hotspots in Southern India","10.2942","79.8579","field","plain","n/a","n/a","n/a","Acaciapolystachya A.Cunn_exBenth.","Fabaceae","n/a","turalized",29.5,1250,"SOC","T2","SOC","mg/g","0-10",119,NA,12,142,NA,12,0.176703564,"0-10"
"R51","Biochemical characterization and mycorrhizal fungal community of plant species in the Brazilian seasonal dry forest","-37.82","-6.81","field","n/a","M.tenuiflora","Fabaceae","n/a","Ctenitismadagascariensis","DryopteridaceaeHene","n/a","invasive",28,936.07,"SOC","T1","SOC","g/kg","0-20",2.1,0.18,12,4.59,0.27,12,0.781942679,"0-20"
"R52","Characteristics of Particulate Organic Carbon and Nitrogen in Soil of Leucaena leucocephala Plantation in the Dry-hot Valley","25.31-26.07","101.36-102.07","field","rivervalley","TermiliafranchetiiGagnep.\PhyllanthusemblicaLinn.\Dodoeaviscosa(L.)Jacq)\(OsteomelesschwerieSchneid.)\(DiospyrosdumetorumW.W.Smith)","n/a","n/a","Leucaeleucocephala(Lam.)deWit","Fabaceae","n/a","invasive",NA,NA,"SOC","T2","SOC","g/kg","0-10",13.42,2.42,4,61.06,15.31,4,1.51515856,"0-10"
"R53","Response of bacterial community characteristics in the rhizosphere soil of Stellera chamaejasme L. to its expansion on the Qinghai-Tibet Plateau","30.3-30.4","101.37-101.43","field","plateau","n/a","n/a","n/a","Stellerachamaejasme L.","ThymelaeaceaeJuss.","n/a","invasive",7,NA,"SOC","T1","SOC","g/kg","0-20",50.79,1.71,3,54.5,2.6,3,0.070501217,"0-20"
"R58","Transition From Sagebrush Steppe to Annual Grass (Bromus tectorum): Influence on Belowground Carbon and Nitrogen","n/a","n/a","field","grassland","Artemisiatridentata Nutt.","AsteraceaeBercht.&J.Presl","n/a","Bromustectorum L.","Poaceae","annual","invasive",NA,NA,"SOC","F3","SOC","mg/ha","9cm-1m",44.5384615384615,3.23,4,38.5384615384615,3.23,4,-0.144690999,"9cm-1m"
"R59","Chromoleana odorata fallow-cropping cycles maintain soil carbon stocks and yam yields 40 years after conversion of native- to farmland, implications for forest conservation","4.55-5.00","6.10-6.15","field","forest&grassland","forest","Lecaniodiscuscupanioides(Sapindaceae),Dialiumguineense(Caesalpiniaceae),Antiarisafrica(Moraceae),Diospyrosmespiliformis
(Ebeceae),Colagigantea(Sterculiaceae),Olaxsubscorpioidea(Olacaceae),Mimusopskumel(Sapotaceae),Milletiazechi
(Fabaceae),Griffoniasimplicifolia(Caesalpiniaceae),Celtisprantlii(Ulmaceae),Olyralatifolia(Poaceae),Uvariaovata(Annoceae)","n/a","Chromolaeodorata (L.)R.M.King&H.Rob.)","AsteraceaeBercht.&J.Presl","perennial","invasive",27.9,1218,"SOC","T4","SOC","g/kg","0-10",21.9,3.35410196624968,5,23.4,4.91934955049954,5,0.066249386,"0-10"
"R59","Chromoleana odorata fallow-cropping cycles maintain soil carbon stocks and yam yields 40 years after conversion of native- to farmland, implications for forest conservation","4.55-5.00","6.10-6.15","field","forest&grassland","forest","Lecaniodiscuscupanioides(Sapindaceae),Dialiumguineense(Caesalpiniaceae),Antiarisafrica(Moraceae),Diospyrosmespiliformis
(Ebeceae),Colagigantea(Sterculiaceae),Olaxsubscorpioidea(Olacaceae),Mimusopskumel(Sapotaceae),Milletiazechi
(Fabaceae),Griffoniasimplicifolia(Caesalpiniaceae),Celtisprantlii(Ulmaceae),Olyralatifolia(Poaceae),Uvariaovata(Annoceae)","n/a","Chromolaeodorata (L.)R.M.King&H.Rob.)","AsteraceaeBercht.&J.Presl","perennial","invasive",27.9,1218,"SOC","T4","SOC","g/kg","10-20",12.7,1.78885438199983,5,13.3,3.35410196624968,5,0.046162042,"10-20"
"R59","Chromoleana odorata fallow-cropping cycles maintain soil carbon stocks and yam yields 40 years after conversion of native- to farmland, implications for forest conservation","4.55-5.00","6.10-6.15","field","forest&grassland","forest","Lecaniodiscuscupanioides(Sapindaceae),Dialiumguineense(Caesalpiniaceae),Antiarisafrica(Moraceae),Diospyrosmespiliformis
(Ebeceae),Colagigantea(Sterculiaceae),Olaxsubscorpioidea(Olacaceae),Mimusopskumel(Sapotaceae),Milletiazechi
(Fabaceae),Griffoniasimplicifolia(Caesalpiniaceae),Celtisprantlii(Ulmaceae),Olyralatifolia(Poaceae),Uvariaovata(Annoceae)","n/a","Chromolaeodorata (L.)R.M.King&H.Rob.)","AsteraceaeBercht.&J.Presl","perennial","invasive",27.9,1218,"SOC","T4","SOC","g/kg","20-40",8,1.34164078649987,5,7.6,2.01246117974981,5,-0.051293294,"20-40"
"R59","Chromoleana odorata fallow-cropping cycles maintain soil carbon stocks and yam yields 40 years after conversion of native- to farmland, implications for forest conservation","4.55-5.00","6.10-6.15","field","forest&grassland","grassland","Brideliaferruginea(Euphorbiacea),Cussoniabarteri(Araliaceae),Crossopteryxfebrifuga(Rubiaceae),Termiliaglaucescens
(Combretaceae),Annosenegalensis(Annoceae),Piliostigmathonningii(Ceasalpiniaceae),Borassusaethiopum(Araceae),
Hyparrheniadiplandra(Poaceae),Imperatacylindrica(Poaceae),Andropogonschirensis(Poaceae)","n/a","Chromolaeodorata (L.)R.M.King&H.Rob.)","AsteraceaeBercht.&J.Presl","perennial","invasive",27.9,1218,"SOC","T4","SOC","g/kg","0-10",10.2,5.59016994374947,5,14.2,2.23606797749979,5,0.330854244,"0-10"
"R59","Chromoleana odorata fallow-cropping cycles maintain soil carbon stocks and yam yields 40 years after conversion of native- to farmland, implications for forest conservation","4.55-5.00","6.10-6.15","field","forest&grassland","grassland","Brideliaferruginea(Euphorbiacea),Cussoniabarteri(Araliaceae),Crossopteryxfebrifuga(Rubiaceae),Termiliaglaucescens
(Combretaceae),Annosenegalensis(Annoceae),Piliostigmathonningii(Ceasalpiniaceae),Borassusaethiopum(Araceae),
Hyparrheniadiplandra(Poaceae),Imperatacylindrica(Poaceae),Andropogonschirensis(Poaceae)","n/a","Chromolaeodorata (L.)R.M.King&H.Rob.)","AsteraceaeBercht.&J.Presl","perennial","invasive",27.9,1218,"SOC","T4","SOC","g/kg","10-20",6.8,3.35410196624968,5,8.7,2.23606797749979,5,0.246400413,"10-20"
"R59","Chromoleana odorata fallow-cropping cycles maintain soil carbon stocks and yam yields 40 years after conversion of native- to farmland, implications for forest conservation","4.55-5.00","6.10-6.15","field","forest&grassland","grassland","Brideliaferruginea(Euphorbiacea),Cussoniabarteri(Araliaceae),Crossopteryxfebrifuga(Rubiaceae),Termiliaglaucescens
(Combretaceae),Annosenegalensis(Annoceae),Piliostigmathonningii(Ceasalpiniaceae),Borassusaethiopum(Araceae),
Hyparrheniadiplandra(Poaceae),Imperatacylindrica(Poaceae),Andropogonschirensis(Poaceae)","n/a","Chromolaeodorata (L.)R.M.King&H.Rob.)","AsteraceaeBercht.&J.Presl","perennial","invasive",27.9,1218,"SOC","T4","SOC","g/kg","20-40",5.2,1.78885438199983,5,5.2,2.68328157299975,5,0,"20-40"
"R60","Effects of the invasion of Ambrosia artemisiifolia and Bidens pilosa on soil microbial community structures and carbon metabolic pathways","39.3042","116.3607","greenhouse","Homogeneousorchardsinthefield","Setariaviridis (L.)P.Beauv.","Poaceae","annual","AmbrosiaartemisiifoliaL.","AsteraceaeBercht.&J.Presl","annual","invasive",NA,513,"SOC","F2-1","SOC","g/kg","n/a",10.7999999999999,0.225,5,12.94,0.225,5,0.180777155,"n/a"
"R60","Effects of the invasion of Ambrosia artemisiifolia and Bidens pilosa on soil microbial community structures and carbon metabolic pathways","39.3042","116.3607","greenhouse","Homogeneousorchardsinthefield","Melilotusofficilis (L.)Pall.","Fabaceae","perennial","AmbrosiaartemisiifoliaL.","AsteraceaeBercht.&J.Presl","annual","invasive",NA,513,"SOC","F2-1","SOC","g/kg","n/a",9.33749999999999,0.225,5,12.9374999999999,0.1125,5,0.326017037,"n/a"
"R60","Effects of the invasion of Ambrosia artemisiifolia and Bidens pilosa on soil microbial community structures and carbon metabolic pathways","39.3042","116.3607","greenhouse","Homogeneousorchardsinthefield","Chenopodiumalbum L.","Amaranthaceae","annual","AmbrosiaartemisiifoliaL.","AsteraceaeBercht.&J.Presl","annual","invasive",NA,513,"SOC","F2-1","SOC","g/kg","n/a",8.8875,0.337,5,12.9374999999999,0.337,5,0.37539624,"n/a"
"R60","Effects of the invasion of Ambrosia artemisiifolia and Bidens pilosa on soil microbial community structures and carbon metabolic pathways","39.3042","116.3607","greenhouse","Homogeneousorchardsinthefield","Setariaviridis (L.)P.Beauv.","Poaceae","annual","Bidenspilosa L.","AsteraceaeBercht.&J.Presl","annual","invasive",NA,513,"SOC","F2-1","SOC","g/kg","n/a",10.9325153374233,0,5,14.1349693251533,0.3312,5,0.256788895,"n/a"
"R60","Effects of the invasion of Ambrosia artemisiifolia and Bidens pilosa on soil microbial community structures and carbon metabolic pathways","39.3042","116.3607","greenhouse","Homogeneousorchardsinthefield","Melilotusofficilis (L.)Pall.","Fabaceae","perennial","Bidenspilosa L.","AsteraceaeBercht.&J.Presl","annual","invasive",NA,513,"SOC","F2-1","SOC","g/kg","n/a",8.94478527607361,0.331,5,14.2453987730061,0.331,5,0.466221318,"n/a"
"R60","Effects of the invasion of Ambrosia artemisiifolia and Bidens pilosa on soil microbial community structures and carbon metabolic pathways","39.3042","116.3607","greenhouse","Homogeneousorchardsinthefield","Chenopodiumalbum L.","Amaranthaceae","annual","Bidenspilosa L.","AsteraceaeBercht.&J.Presl","annual","invasive",NA,513,"SOC","F2-1","SOC","g/kg","n/a",9.38650306748466,0,5,14.1349693251533,0.33,5,0.408654903,"n/a"
"R61","The effects of Spartina alterniflora seaward invasion on soil organic carbon fractions, sources and distribution","33.35-33.38","120.30-120.40","field","beach","n/a","n/a","n/a","S.alterniflora","Poaceae","perennial","invasive",NA,NA,"SOC","T2","SOC","mg/g","0-20",1.05,0.15,3,6.35,0.3,3,1.799664649,"0-20"
"R2","Alien vs. native plants in a Patagonian wetland elemental ratios and ecosystem stoichiometric impacts","-41.07","-71.27","field","n/a","Eleocharispachycarpa","Cyperaceae","perennial","Potentillaanseri","Rosaceae","perennial","invasive",NA,208.31,"DOC","F5","DOC","mg C/L","n/a",356.626506024096,26.506,55,751.807228915662,43.383471084338,55,0.745784803,"n/a"
"R2","Alien vs. native plants in a Patagonian wetland elemental ratios and ecosystem stoichiometric impacts","-41.07","-71.27","field","n/a","Carexaematorrhyncha","Cyperaceae","perennial","Potentillaanseri","Rosaceae","perennial","invasive",NA,208.31,"DOC","F5","DOC","mg C/L","n/a",479.518072289156,113.253,55,751.807228915662,43.383471084338,55,0.449698029,"n/a"
"R5","Bacterial Succession in Salt Marsh Soils Along a Short-term Invasion Chronosequence of Spartina alterniflora in the Yellow River Estuary, China","31.3-31.17","121.46-122.15","field","wetland","Suaedasalsa","Amaranthaceae","annual","S.alterniflora","Poaceae","perennial","invasive",NA,NA,"DOC","T2","DOC","mg/kg","n/a",9.7,2.56,3,29.12,7.14,3,1.099299338,"n/a"
"R5","Bacterial Succession in Salt Marsh Soils Along a Short-term Invasion Chronosequence of Spartina alterniflora in the Yellow River Estuary, China","31.3-31.17","121.46-122.15","field","wetland","Suaedasalsa","Amaranthaceae","annual","S.alterniflora","Poaceae","perennial","invasive",NA,NA,"DOC","T2","DOC","mg/kg","n/a",8.23,1.93,3,42.59,19.33,3,1.643833469,"n/a"
"R5","Bacterial Succession in Salt Marsh Soils Along a Short-term Invasion Chronosequence of Spartina alterniflora in the Yellow River Estuary, China","31.3-31.17","121.46-122.15","field","wetland","Suaedasalsa","Amaranthaceae","annual","S.alterniflora","Poaceae","perennial","invasive",NA,NA,"DOC","T2","DOC","mg/kg","n/a",5.97,1.13,3,0.82,0.36,3,-1.985197866,"n/a"
"R8","Changes in Soil Organic Carbon Dymics in a tive C4 Plant-Domited Tidal Marsh Following Sparti alterniflora Invasion","26.0036–26.0342","119.3412–119.4040","field","n/a","C.malaccensis","Cyperaceae","annual","S.alterniflora","Poaceae","perennial","invasive",19.6,1350,"DOC","F3","DOC","g/kg","0-10",73.9946380697051,12.5469,3,99.4101876675603,9.9731,3,0.295322763,"0-10"
"R8","Changes in Soil Organic Carbon Dymics in a tive C4 Plant-Domited Tidal Marsh Following Sparti alterniflora Invasion","26.0036–26.0342","119.3412–119.4040","field","n/a","C.malaccensis","Cyperaceae","annual","S.alterniflora","Poaceae","perennial","invasive",19.6,1350,"DOC","F3","DOC","g/kg","10-20",54.3699731903485,7.7212,3,62.4128686327077,3.5389,3,0.137912988,"10-20"
"R8","Changes in Soil Organic Carbon Dymics in a tive C4 Plant-Domited Tidal Marsh Following Sparti alterniflora Invasion","26.0036–26.0342","119.3412–119.4040","field","n/a","C.malaccensis","Cyperaceae","annual","S.alterniflora","Poaceae","perennial","invasive",19.6,1350,"DOC","F3","DOC","g/kg","20-30",40.5361930294906,8.6863,3,41.1796246648793,12.2252,3,0.015663561,"20-30"
"R8","Changes in Soil Organic Carbon Dymics in a tive C4 Plant-Domited Tidal Marsh Following Sparti alterniflora Invasion","26.0036–26.0342","119.3412–119.4040","field","n/a","C.malaccensis","Cyperaceae","annual","S.alterniflora","Poaceae","perennial","invasive",19.6,1350,"DOC","F3","DOC","g/kg","30-40",41.1796246648793,2.5737,3,39.8927613941018,3.5389,3,-0.031827036,"30-40"
"R8","Changes in Soil Organic Carbon Dymics in a tive C4 Plant-Domited Tidal Marsh Following Sparti alterniflora Invasion","26.0036–26.0342","119.3412–119.4040","field","n/a","C.malaccensis","Cyperaceae","annual","S.alterniflora","Poaceae","perennial","invasive",19.6,1350,"DOC","F3","DOC","g/kg","40-50",31.5281501340482,4.1823,3,31.8498659517426,3.5389,3,0.010097908,"40-50"
"R10","Effects of Canada Goldenrod Invasion on Soil Extracellular Enzyme Activities and Ecoenzymatic Stoichiometry","32.14","119.29","field","grassland","P.australis","Poaceae","perennial","P.australis","compositae","perennial","invasive",17.7,1272.1,"DOC","T1","DOC","(×10−1 mg C g−1 soil","0-15",2.86,0.04,4,2.41,0.03,4,-0.171194877,"0-15"
"R12","Effects of Invasive Spartina alterniﬂora Loisel. and Subsequent Ecological Replacement bySonneratia apetala Buch.-Ham. on Soil OrganicCarbon Fractions and Stock","22.26","113.38","field","n/a","KandeliaobovataSheue&al.","Rhizophoraceae Pers.","n/a","S.alterniflora","Poaceae","perennial","invasive",22.4,NA,"DOC","F2","DOC","mg/kg","0-10",37.2857142857142,7.1987,3,101.571428571428,5.9572,3,1.002023022,"0-10"
"R12","Effects of Invasive Spartina alterniﬂora Loisel. and Subsequent Ecological Replacement bySonneratia apetala Buch.-Ham. on Soil OrganicCarbon Fractions and Stock","22.26","113.38","field","n/a","KandeliaobovataSheue&al.","Rhizophoraceae Pers.","n/a","S.alterniflora","Poaceae","perennial","invasive",22.4,NA,"DOC","F2","DOC","mg/kg","10-20",101.25,10.9922,3,82.2857142857142,6.9778,3,-0.207343112,"10-20"
"R12","Effects of Invasive Spartina alterniﬂora Loisel. and Subsequent Ecological Replacement bySonneratia apetala Buch.-Ham. on Soil OrganicCarbon Fractions and Stock","22.26","113.38","field","n/a","KandeliaobovataSheue&al.","Rhizophoraceae Pers.","n/a","S.alterniflora","Poaceae","perennial","invasive",22.4,NA,"DOC","F2","DOC","mg/kg","20-30",51.4285714285714,11.9102,3,154.285714285714,8.6275,3,1.098612289,"20-30"
"R12","Effects of Invasive Spartina alterniﬂora Loisel. and Subsequent Ecological Replacement bySonneratia apetala Buch.-Ham. on Soil OrganicCarbon Fractions and Stock","22.26","113.38","field","n/a","KandeliaobovataSheue&al.","Rhizophoraceae Pers.","n/a","S.alterniflora","Poaceae","perennial","invasive",22.4,NA,"DOC","F2","DOC","mg/kg","30-50",46.9285714285714,5.5101,3,63.6428571428571,9.7123,3,0.30459074,"30-50"
"R14","Exotic grasses and nitrate enrichment alter soil carbon cycling along an urban–rural tropical forest gradient","18.27-18.17","66.6-65.53","field","watershedforest","forest","n/a","n/a","PennisetumpurpureumSchumach.","Poaceae","perennial","invasive",25.7,1750,"DOC","F5","DOC","µg-C g–1","0-20",94.6478873239436,15.2113,3,63.3802816901408,5.0704,3,-0.401037523,"0-20"
"R17","Frequent Fire Reduces the Magnitude of Positive Interactions Between an Invasive Grass and Soil Microbes in Temperate Forests","37.32","88.45","field","forest","Ulmusspecies,Acerspecies,Fraxinusspecies,Juglansnigra,Quercusspecies,Caryaspecies,andPlatanusocci-dentalis","hardwood","n/a","Microstegium","Poaceae","n/a","invasive",NA,12800,"DOC","T2","DOC","µg-C g soil–1","0-5",84.3,17.4,40,107,12,40,0.238446969,"0-5"
"R17","Frequent Fire Reduces the Magnitude of Positive Interactions Between an Invasive Grass and Soil Microbes in Temperate Forests","37.32","88.45","field","forest","Ulmusspecies,Acerspecies,Fraxinusspecies,Juglansnigra,Quercusspecies,Caryaspecies,andPlatanusocci-dentalis","hardwood","n/a","Microstegium","Poaceae","n/a","invasive",NA,12800,"DOC","T2","DOC","µg-C g soil–1","5-10",49.2,10.1,40,73.1,8.1,40,0.395934743,"5-10"
"R17","Frequent Fire Reduces the Magnitude of Positive Interactions Between an Invasive Grass and Soil Microbes in Temperate Forests","37.32","88.45","field","forest","Ulmusspecies,Acerspecies,Fraxinusspecies,Juglansnigra,Quercusspecies,Caryaspecies,andPlatanusocci-dentalis","hardwood","n/a","Microstegium","Poaceae","n/a","invasive",NA,12800,"DOC","T2","DOC","µg-C g soil–1","10-15",42.7,8.8,40,77.9,8.6,40,0.601227033,"10-15"
"R19","Impacts of Spartina alterniflora invasion on soil carbon contents and stability in the Yellow River Delta, China","37.4-37.5","119.1-119.2","field","delta","Phragmitesaustralis","Poaceae","perennial","S.alterniflora","Poaceae","perennial","invasive",NA,NA,"DOC","F2","DOC","mg/kg","0-30",45.29284164859,0.7809,3,107.505422993492,3.1236,3,0.864497609,"0-30"
"R19","Impacts of Spartina alterniflora invasion on soil carbon contents and stability in the Yellow River Delta, China","37.4-37.5","119.1-119.2","field","delta","Suaedasalsa","Amaranthaceae","annual","S.alterniflora","Poaceae","perennial","invasive",NA,NA,"DOC","F2","DOC","mg/kg","0-30",25.5097613882863,1.3015,3,107.505422993492,3.1236,3,1.438513334,"0-30"
"R19","Impacts of Spartina alterniflora invasion on soil carbon contents and stability in the Yellow River Delta, China","37.4-37.5","119.1-119.2","field","delta","T.chinensi","TaxaceaeGray","n/a","S.alterniflora","Poaceae","perennial","invasive",NA,NA,"DOC","F2","DOC","mg/kg","0-30",30.9761388286334,0.7809,3,107.505422993492,3.1236,3,1.244242032,"0-30"
"R21","Invasion effects of Chromolaena odorata on soil carbon and nitrogen fractions in a tropical savanna","108.470–108.490","19.050–19.170","field","grassland","Hyptissuavedens,Eragrostiszylindrica,Tridaxprocumbens","Grass","n/a","Chromolaeodorata L.","AsteraceaeBercht.&J.Presl","perennial","invasive",24.6,1019,"DOC","F3","DOC","mg/kg","0-10",71.2280701754385,3.8207,NA,96.8810916179337,4.3665,NA,0.307559021,"0-10"
"R21","Invasion effects of Chromolae odorata on soil carbon and nitrogen fractions in a tropical savan","108.470–108.490","19.050–19.170","field","grassland","Hyptissuavedens,Eragrostiszylindrica,Tridaxprocumbens","Grass","n/a","Chromolaeodorata L.","AsteraceaeBercht.&J.Presl","perennial","invasive",24.6,1019,"DOC","F3","DOC","mg/kg","10-20",104.522417153996,5.371,NA,96.8810916179337,4.3665,NA,-0.075905341,"10-20"
"R21","Invasion effects of Chromolae odorata on soil carbon and nitrogen fractions in a tropical savan","108.470–108.490","19.050–19.170","field","forest","Crotonlaui,Microcospaniculata,Dimocarpuslongga","Forest","n/a","Chromolaeodorata L.","AsteraceaeBercht.&J.Presl","perennial","invasive",24.6,1019,"DOC","F3","DOC","mg/kg","0-10",46.120857699805,8.7329,NA,69.0448343079922,3.8206,NA,0.403439351,"0-10"
"R21","Invasion effects of Chromolae odorata on soil carbon and nitrogen fractions in a tropical savan","108.470–108.490","19.050–19.170","field","forest","Crotonlaui,Microcospaniculata,Dimocarpuslongga","Forest","n/a","Chromolaeodorata L.","AsteraceaeBercht.&J.Presl","perennial","invasive",24.6,1019,"DOC","F3","DOC","mg/kg","10-20",96.6081871345029,1.3645,NA,69.0448343079922,3.8206,NA,-0.335996209,"10-20"
"R25","Methane production potential and methanogenic Methane production potential and methanogenic archaea community dynamics along the Spartina alterniflora invasion chronosequence in a coastal salt marsh","33.36","120.36","field","swamp","Suaedasalsa","Amaranthaceae","annual","S.alterniflora","Poaceae","perennial","invasive",NA,NA,"DOC","T1","DOC","g C kg−1","0-20",0.3,0.03,3,0.46,0.02,3,0.427444015,"0-20"
"R29","Response of topsoil Fe-bound organic carbon pool and microbial community to Spartina alterniflora invasion in coastal wetlands","n/a","n/a","field","n/a","Kandeliaobovata Sheue&al.","Rhizophoraceae Pers.","n/a","S.alterniflora","Poaceae","perennial","invasive",NA,NA,"DOC","T1","DOC","g/kg","n/a",0.08,0,3,0.08,0,3,0,"n/a"
"R29","Response of topsoil Fe-bound organic carbon pool and microbial community to Spartina alterniflora invasion in coastal wetlands","n/a","n/a","field","n/a","Kandeliaobovata Sheue&al.","Rhizophoraceae Pers.","n/a","S.alterniflora","Poaceae","perennial","invasive",NA,NA,"DOC","T1","DOC","g/kg","n/a",0.23,0,3,0.08,0,3,-1.056052674,"n/a"
"R29","Response of topsoil Fe-bound organic carbon pool and microbial community to Spartina alterniflora invasion in coastal wetlands","n/a","n/a","field","n/a","Kandeliaobovata Sheue&al.","Rhizophoraceae Pers.","n/a","S.alterniflora","Poaceae","perennial","invasive",NA,NA,"DOC","T1","DOC","g/kg","n/a",0.04,0.01,3,0.08,0.01,3,0.693147181,"n/a"
"R29","Response of topsoil Fe-bound organic carbon pool and microbial community to Spartina alterniflora invasion in coastal wetlands","n/a","n/a","field","n/a","Avicenniamari (Forsk.)Vierh.","Acanthaceae","n/a","S.alterniflora","Poaceae","perennial","invasive",NA,NA,"DOC","T1","DOC","g/kg","n/a",0.06,0.01,3,0.07,0,3,0.15415068,"n/a"
"R29","Response of topsoil Fe-bound organic carbon pool and microbial community to Spartina alterniflora invasion in coastal wetlands","n/a","n/a","field","n/a","Avicenniamari (Forsk.)Vierh.","Acanthaceae","n/a","S.alterniflora","Poaceae","perennial","invasive",NA,NA,"DOC","T1","DOC","g/kg","n/a",0.07,0,3,0.07,0.01,3,0,"n/a"
"R29","Response of topsoil Fe-bound organic carbon pool and microbial community to Spartina alterniflora invasion in coastal wetlands","n/a","n/a","field","n/a","Avicenniamari (Forsk.)Vierh.","Acanthaceae","n/a","S.alterniflora","Poaceae","perennial","invasive",NA,NA,"DOC","T1","DOC","g/kg","n/a",0.11,0.01,3,0.08,0.01,3,-0.318453731,"n/a"
"R29","Response of topsoil Fe-bound organic carbon pool and microbial community to Spartina alterniflora invasion in coastal wetlands","n/a","n/a","field","n/a","Phragmitesaustralis","Poaceae","perennial","S.alterniflora","Poaceae","perennial","invasive",NA,NA,"DOC","T1","DOC","g/kg","n/a",0.07,0,3,0.07,0.01,3,0,"n/a"
"R29","Response of topsoil Fe-bound organic carbon pool and microbial community to Spartina alterniflora invasion in coastal wetlands","n/a","n/a","field","n/a","Phragmitesaustralis","Poaceae","perennial","S.alterniflora","Poaceae","perennial","invasive",NA,NA,"DOC","T1","DOC","g/kg","n/a",0.18,0,3,0.21,0,3,0.15415068,"n/a"
"R29","Response of topsoil Fe-bound organic carbon pool and microbial community to Spartina alterniflora invasion in coastal wetlands","n/a","n/a","field","n/a","Phragmitesaustralis","Poaceae","perennial","S.alterniflora","Poaceae","perennial","invasive",NA,NA,"DOC","T1","DOC","g/kg","n/a",0.17,0.01,3,0.16,0.01,3,-0.060624622,"n/a"
"R33","The effect of plant invasion on soil microbial carbon-use efficiency in semiarid grasslands of the Rocky Mountain West","46.5145","114.0042","field","n/a","Pseudoroegneriaspicata(Pursh)ÁLöve","Poaceae","n/a","Bromustectorum L.","Poaceae","annual","invasive",NA,NA,"DOC","T1","DOC","mg/kg","n/a",124.64,19.3,5,141.21,19.55,5,0.124818562,"n/a"
"R33","The effect of plant invasion on soil microbial carbon-­use efficiency in semi-­arid grasslands of the Rocky Mountain West","46.4048","114.0140","field","n/a","Elymuselymoides(Raf.)Swezey","Poaceae","n/a","Euphorbiaesula L.","EuphorbiaceaeJuss.","perennial","invasive",7.7,350,"DOC","T1","DOC","mg/kg","n/a",124.64,19.3,5,226.05,26.62,5,0.595326632,"n/a"
"R33","The effect of plant invasion on soil microbial carbon-use efficiency in semiarid grasslands of the Rocky Mountain West","46.5145","114.0042","field","n/a","Koelariamacrantha(Ledeb.)Schult.","Poaceae","n/a","CentaureastoebeL.","AsteraceaeBercht.&J.Presl","annual","invasive",7.7,350,"DOC","T1","DOC","mg/kg","n/a",195.7,22.32,5,238.46,48.22,5,0.197618707,"n/a"
"R33","The effect of plant invasion on soil microbial carbon-use efficiency in semiarid grasslands of the Rocky Mountain West","46.4048","114.0140","field","n/a","Boutelouagracilis(Willd.ExKunth)Lag.ExGriffiths","Poaceae","n/a","PotentillarectaLinn.","Rosaceae","perennial","invasive",7.7,350,"DOC","T1","DOC","mg/kg","n/a",176.46,30.86,5,233.76,30.86,5,0.281200726,"n/a"
"R34","The invasive plant Mikania micrantha affects the soil foodweb and plant-soil nutrient contents in orchards","22.35","114.29","field","orchard","Pistaciachinensis Bunge","AcardiaceaeR.Br.","n/a","Mikaniamicrantha KunthinHumb.&al.","AsteraceaeBercht.&J.Presl","perennial","invasive",NA,NA,"DOC","T1","DOC","mg/kg","5-10",125,23.78,5,209.53,37.74,5,0.51655319,"5-10"
"R34","The invasive plant Mikania micrantha affects the soil foodweb and plant-soil nutrient contents in orchards","22.52","114.22","field","n/a","Pistaciachinensis Bunge","AcardiaceaeR.Br.","n/a","Mikaniamicrantha KunthinHumb.&al.","AsteraceaeBercht.&J.Presl","perennial","invasive",NA,NA,"DOC","T1","DOC","mg/kg","5-10",109.07,20.29,5,321.89,29.86,5,1.082219994,"5-10"
"R34","The invasive plant Mikania micrantha affects the soil foodweb and plant-soil nutrient contents in orchards","23.26","113.28","field","n/a","Pistaciachinensis Bunge","AcardiaceaeR.Br.","n/a","Mikaniamicrantha KunthinHumb.&al.","AsteraceaeBercht.&J.Presl","perennial","invasive",NA,NA,"DOC","T1","DOC","mg/kg","5-10",140.24,21.15,5,220,23.59,5,0.450272306,"5-10"
"R37","Effects of Spartina Alterniflora Invasion on Soil Physical and Chemical Properties in Wetlands of the Yangtze River","23.90-23.93","117.40-117.50","field","estuary","Mangrove","n/a","n/a","S.alterniflora","Poaceae","perennial","invasive",15.3,1022,"DOC","F4","DOC","mg/L","0-15",257.894736842105,30.26,3,231.578947368421,14.47,3,-0.107607751,"0-15"
"R37","Effects of Spartina Alterniflora Invasion on Soil Physical and Chemical Properties in Wetlands of the Yangtze River","23.90-23.93","117.40-117.50","field","estuary","Mangrove","n/a","n/a","S.alterniflora","Poaceae","perennial","invasive",15.3,1022,"DOC","F4","DOC","mg/L","15-30",273.684210526315,27.63,3,219.736842105263,13.16,3,-0.219514511,"15-30"
"R37","Effects of Spartina Alterniflora Invasion on Soil Physical and Chemical Properties in Wetlands of the Yangtze River","23.90-23.93","117.40-117.50","field","estuary","Mangrove","n/a","n/a","S.alterniflora","Poaceae","perennial","invasive",15.3,1022,"DOC","F4","DOC","mg/L","30-50",231.578947368421,25,3,227.631578947368,14.47,3,-0.017203882,"30-50"
"R37","Effects of Spartina Alterniflora Invasion on Soil Physical and Chemical Properties in Wetlands of the Yangtze River","23.90-23.93","117.40-117.50","field","estuary","Mangrove","n/a","n/a","S.alterniflora","Poaceae","perennial","invasive",15.3,1022,"DOC","F4","DOC","mg/L","50-75",243.421052631578,14.47,3,206.578947368421,17.11,3,-0.1641006,"50-75"
"R37","Effects of Spartina Alterniflora Invasion on Soil Physical and Chemical Properties in Wetlands of the Yangtze River","23.90-23.93","117.40-117.50","field","estuary","Mangrove","n/a","n/a","S.alterniflora","Poaceae","perennial","invasive",15.3,1022,"DOC","F4","DOC","mg/L","75-100",252.631578947368,25,3,230.263157894736,17.11,3,-0.092716862,"75-100"
"R39","Substrate availability regulates the suppressive effects of Canada goldenrod invasion on soil respiration","32.14","119.29","field","Shore","P.australis","Poaceae","perennial","SolidagocadensisL.","AsteraceaeBercht.&J.Presl","perennial","invasive",17.1,1272.1,"DOC","T1","DOC","×10–1 mg C g−1 soil","0-10",1.95,0.01,3,2.32,0.02,3,0.173737813,"0-10"
"R39","Substrate availability regulates the suppressive effects of Cada goldenrod invasion on soil respiration","32.12","119.30","greenhouse","n/a","P.australis","Poaceae","perennial","SolidagocadensisL.","AsteraceaeBercht.&J.Presl","perennial","invasive",17.1,1272.1,"DOC","T2","DOC","×10–1 mg C g−1 soil","0-10",1.49,0.04,3,1.69,0.31,3,0.125952409,"0-10"
"R40","Effect of the invasion by Soildago canadensis on soil properties in Hangzhou bay wetland and reclamation district","121.0958","30.1929","field","wetland","Phaceluruslatifolius (Steud.)Ohwi","Poaceae","perennial","SolidagocadensisL.","AsteraceaeBercht.&J.Presl","perennial","invasive",16,1273,"DOC","F1","DOC","g/kg","0-10",8.39312039312039,1.69,5,8.18673218673218,1.27,5,-0.024126623,"0-10"
"R40","Effect of the invasion by Soildago cadensis on soil properties in Hangzhou bay wetland and reclamation district","121.0958","30.1929","field","wetland","Imperatacylindrica (L.)P.Beauv.","Poaceae","perennial","SolidagocadensisL.","AsteraceaeBercht.&J.Presl","perennial","invasive",16,1273,"DOC","F1","DOC","g/kg","0-10",6.6044226044226,0.38,5,8.18673218673218,1.27,5,0.215844249,"0-10"
"R40","Effect of the invasion by Soildago cadensis on soil properties in Hangzhou bay wetland and reclamation district","121.0958","30.1929","field","wetland","Phragmitesaustralis","Poaceae","perennial","SolidagocadensisL.","AsteraceaeBercht.&J.Presl","perennial","invasive",16,1273,"DOC","F1","DOC","g/kg","0-10",7.39557739557739,0.93,5,8.18673218673218,1.27,5,0.101433898,"0-10"
"R40","Effect of the invasion by Soildago cadensis on soil properties in Hangzhou bay wetland and reclamation district","121.0958","30.1929","field","wetland","Phaceluruslatifolius (Steud.)Ohwi","Poaceae","perennial","SolidagocadensisL.","AsteraceaeBercht.&J.Presl","perennial","invasive",16,1273,"DOC","F1","DOC","g/kg","10-20",6.74201474201474,0.21,5,4.6093366093366,0.65,5,-0.379832068,"10-20"
"R40","Effect of the invasion by Soildago cadensis on soil properties in Hangzhou bay wetland and reclamation district","121.0958","30.1929","field","wetland","Imperatacylindrica (L.)P.Beauv.","Poaceae","perennial","SolidagocadensisL.","AsteraceaeBercht.&J.Presl","perennial","invasive",16,1273,"DOC","F1","DOC","g/kg","10-20",3.95577395577395,0.38,5,4.6093366093366,0.65,5,0.151983832,"10-20"
"R40","Effect of the invasion by Soildago cadensis on soil properties in Hangzhou bay wetland and reclamation district","121.0958","30.1929","field","wetland","Phragmitesaustralis","Poaceae","perennial","SolidagocadensisL.","AsteraceaeBercht.&J.Presl","perennial","invasive",16,1273,"DOC","F1","DOC","g/kg","10-20",5.4004914004914,0.38,5,4.6093366093366,0.65,5,-0.158171097,"10-20"
"R41","Effects of moso bamboo invasion on soil active organic carbon and nitrogen in a evergreen broad-leaved forest in subtropical China","30.1830-30.2455","119.2347-119.2827","field","turereserve","forest","n/a","n/a","Phyllostachysedulis","Poaceae","annual","invasive",NA,NA,"DOC","T1","DOC","g/kg","0-20",33.6,10.9,10,36.54,8.55,10,0.083881484,"0-20"
"R43","Effect of invasive plants Ambrosia artemisiifolia L. on soil carbon and nitrogen transition","26.124331","111.354871","field","Forest","TorilisscabraThunb.","Apiaceae","annual","AmbrosiaartemisiifoliaL.","AsteraceaeBercht.&J.Presl","annual","invasive",NA,NA,"DOC","T1","DOC","g/kg","n/a",10.21,0.79,3,19.31,1.12,3,0.637255464,"n/a"
"R44","Significant changes in soil microbial community structure and metabolic function after Mikania micrantha invasion","23.1305-23.1943","114.1921-114.2706","field","Forest","forest","MyrtaceaeJuss.","n/a","Mikaniamicrantha KunthinHumb.&al.","AsteraceaeBercht.&J.Presl","perennial","invasive",NA,NA,"DOC","T1","DOC","mg/kg","0-10",46.46,2.17,6,15.61,1.99,6,-1.090679993,"0-10"
"R50","Grass invasion of a hardwood forest is associated with declines in belowground carbon pools","33.5327","83.2193","field","forest","Acerrubrum,Quercusnigra,Platanusoccidentalis,andLiquidambarstyraciflua","n/a","n/a","M.vimineum","Poaceae","annual","invasive",NA,NA,"DOC","T2","DOC","ug/g dry wt soil -1","0-10",102.97,31.74538706647,6,87.1,38.0895655002784,6,-0.1673808,"0-10"
"R54","Effects of Spartina alterniflora invasion on soil organic carbon composition of mangrove wetland in Zhangjiang River Estuary","23.90-23.93","117.40-117.50","field","estuary","Mangrove","n/a","n/a","S.alterniflora","Poaceae","perennial","invasive",21.2,1714.5,"DOC","F4","DOC","mg/L","0-15",261.851851851851,27.22,3,237.222222222222,9.07,3,-0.09878384,"0-15"
"R54","Effects of Spartina alterniflora invasion on soil organic carbon composition of mangrove wetland in Zhangjiang River Estuary","23.90-23.93","117.40-117.50","field","estuary","Mangrove","n/a","n/a","S.alterniflora","Poaceae","perennial","invasive",21.2,1714.5,"DOC","F4","DOC","mg/L","15-30",273.518518518518,31.11,3,221.666666666666,12.96,3,-0.210184956,"15-30"
"R54","Effects of Spartina alterniflora invasion on soil organic carbon composition of mangrove wetland in Zhangjiang River Estuary","23.90-23.93","117.40-117.50","field","estuary","Mangrove","n/a","n/a","S.alterniflora","Poaceae","perennial","invasive",21.2,1714.5,"DOC","F4","DOC","mg/L","30-50",234.629629629629,23.33,3,230.74074074074,12.96,3,-0.01671827,"30-50"
"R54","Effects of Spartina alterniflora invasion on soil organic carbon composition of mangrove wetland in Zhangjiang River Estuary","23.90-23.93","117.40-117.50","field","estuary","Mangrove","n/a","n/a","S.alterniflora","Poaceae","perennial","invasive",21.2,1714.5,"DOC","F4","DOC","mg/L","50-75",244.999999999999,19.44,3,210,14.26,3,-0.15415068,"50-75"
"R54","Effects of Spartina alterniflora invasion on soil organic carbon composition of mangrove wetland in Zhangjiang River Estuary","23.90-23.93","117.40-117.50","field","estuary","Mangrove","n/a","n/a","S.alterniflora","Poaceae","perennial","invasive",21.2,1714.5,"DOC","F4","DOC","mg/L","75-100",257.962962962962,16.85,3,232.037037037037,16.85,3,-0.105894764,"75-100"
"R55","Invasion Effects of Solidago canadensis on Soil Nutrients and Active Organic Carbon Components in Reclamation District of Hangzhou Bay Wetland","30.1929","121.0958","field","wetland","Phaceluruslatifolius (Steud.)Ohwi","Poaceae","perennial","SolidagocadensisL.","AsteraceaeBercht.&J.Presl","perennial","invasive",16,1273,"DOC","F4","DOC","g/kg","0-10",0.329519450800915,0.06,5,0.239130434782608,0.03,5,-0.318453731,"0-10"
"R55","Invasion Effects of Solidago canadensis on Soil Nutrients and Active Organic Carbon Components in Reclamation District of Hangzhou Bay Wetland","30.1929","121.0958","field","wetland","Imperatacylindrica (L.)P.Beauv.","Poaceae","perennial","SolidagocadensisL.","AsteraceaeBercht.&J.Presl","perennial","invasive",16,1273,"DOC","F4","DOC","g/kg","0-10",0.414187643020594,0.05,5,0.239130434782608,0.03,5,-0.535518236,"0-10"
"R55","Invasion Effects of Solidago canadensis on Soil Nutrients and Active Organic Carbon Components in Reclamation District of Hangzhou Bay Wetland","30.1929","121.0958","field","wetland","P.australis","Poaceae","perennial","SolidagocadensisL.","AsteraceaeBercht.&J.Presl","perennial","invasive",16,1273,"DOC","F4","DOC","g/kg","0-10",0.250572082379862,0.04,5,0.239130434782608,0.03,5,-0.040821995,"0-10"
"R55","Invasion Effects of Solidago canadensis on Soil Nutrients and Active Organic Carbon Components in Reclamation District of Hangzhou Bay Wetland","30.1929","121.0958","field","wetland","Phaceluruslatifolius (Steud.)Ohwi","Poaceae","perennial","SolidagocadensisL.","AsteraceaeBercht.&J.Presl","perennial","invasive",16,1273,"DOC","F4","DOC","g/kg","10-20",0.320366132723112,0.03,5,0.187643020594965,0.03,5,-0.521296924,"10-20"
"R55","Invasion Effects of Solidago canadensis on Soil Nutrients and Active Organic Carbon Components in Reclamation District of Hangzhou Bay Wetland","30.1929","121.0958","field","wetland","Imperatacylindrica (L.)P.Beauv.","Poaceae","perennial","SolidagocadensisL.","AsteraceaeBercht.&J.Presl","perennial","invasive",16,1273,"DOC","F4","DOC","g/kg","10-20",0.314645308924485,0.04,5,0.187643020594965,0.03,5,-0.489548225,"10-20"
"R55","Invasion Effects of Solidago canadensis on Soil Nutrients and Active Organic Carbon Components in Reclamation District of Hangzhou Bay Wetland","30.1929","121.0958","field","wetland","P.australis","Poaceae","perennial","SolidagocadensisL.","AsteraceaeBercht.&J.Presl","perennial","invasive",16,1273,"DOC","F4","DOC","g/kg","10-20",0.271167048054919,0.08,5,0.187643020594965,0.03,5,-0.351397887,"10-20"
"R1","Effect of Invasive Plants (Conyza sumatrenss and Alternthera philoxeroides) on Soil Carbon and Nitrogen Processes","31.23-31.60","118.34-119.22","greenhouse","ricefields","DigitariasanguilisL.","Poaceae","annual","Alterntheraphiloxeroides","Amaranthaceae","annual","invasive",NA,NA,"MBC","F1","MBC","ug/g","n/a",237.652811735941,15.40342298,7,528.117359413203,37.40831296,7,0.798524528,"n/a"
"R1","Effect of Invasive Plants (Conyza sumatrenss and Alternthera philoxeroides) on Soil Carbon and Nitrogen Processes","31.23-31.60","118.34-119.22","greenhouse","ricefields","DigitariasanguilisL.","Poaceae","annual","Erigeronsumatrensis Retz","compositae","n/a","invasive",NA,NA,"MBC","n/a","n/a","n/a","n/a",237.652811735941,15.40342298,7,767.9706601,6.601466993,7,1.172951667,"n/a"
"R8","Changes in Soil Organic Carbon Dymics in a tive C4 Plant-Domited Tidal Marsh Following Sparti alterniflora Invasion","26.0036–26.0342","119.3412–119.4040","field","n/a","C.malaccensis","Cyperaceae","annual","S.alterniflora","Poaceae","perennial","invasive",19.6,1350,"MBC","F3","MBC","mg/kg","0-10",131.165311653116,14.0921,3,174.525745257452,9.2141,3,0.285602455,"0-10"
"R8","Changes in Soil Organic Carbon Dymics in a tive C4 Plant-Domited Tidal Marsh Following Sparti alterniflora Invasion","26.0036–26.0342","119.3412–119.4040","field","n/a","C.malaccensis","Cyperaceae","annual","S.alterniflora","Poaceae","perennial","invasive",19.6,1350,"MBC","F3","MBC","mg/kg","10-20",84.010840108401,7.5881,3,95.9349593495935,17.3442,3,0.132682919,"10-20"
"R8","Changes in Soil Organic Carbon Dymics in a tive C4 Plant-Domited Tidal Marsh Following Sparti alterniflora Invasion","26.0036–26.0342","119.3412–119.4040","field","n/a","C.malaccensis","Cyperaceae","annual","S.alterniflora","Poaceae","perennial","invasive",19.6,1350,"MBC","F3","MBC","mg/kg","20-30",82.3848238482384,4.336,3,82.3848238482384,17.8862,3,0,"20-30"
"R8","Changes in Soil Organic Carbon Dymics in a tive C4 Plant-Domited Tidal Marsh Following Sparti alterniflora Invasion","26.0036–26.0342","119.3412–119.4040","field","n/a","C.malaccensis","Cyperaceae","annual","S.alterniflora","Poaceae","perennial","invasive",19.6,1350,"MBC","F3","MBC","mg/kg","30-40",52.0325203252032,10.2981,3,44.4444444444444,10.2981,3,-0.157680511,"30-40"
"R8","Changes in Soil Organic Carbon Dymics in a tive C4 Plant-Domited Tidal Marsh Following Sparti alterniflora Invasion","26.0036–26.0342","119.3412–119.4040","field","n/a","C.malaccensis","Cyperaceae","annual","S.alterniflora","Poaceae","perennial","invasive",19.6,1350,"MBC","F3","MBC","mg/kg","40-50",39.0243902439024,6.5041,3,41.7344173441734,10.2981,3,0.067145959,"40-50"
"R9","Crop-weed competition changes the decomposition of soil organic matter fractions in the rhizosphere","-5.9945700000000004","-37.942100000000003","greenhouse","n/a","ZeamaysL.","Poaceae","annual","BidenspilosaL.","compositae","annual","invasive",NA,NA,"MBC","T1","MBC","µg of MBC g−1 of soil","0-20",135.3,18.06,5,67.16,9.39,5,-0.700416703,"0-20"
"R9","Crop-weed competition changes the decomposition of soil organic matter fractions in the rhizosphere","-5.9945700000000004","-37.942100000000003","greenhouse","n/a","AmaranthusviridisL.","Amaranthaceae","annual","BidenspilosaL.","compositae","annual","invasive",NA,NA,"MBC","T1","MBC","µg of MBC g−1 of soil","0-20",69.4,8.75,5,67.16,9.39,5,-0.032809035,"0-20"
"R9","Crop-weed competition changes the decomposition of soil organic matter fractions in the rhizosphere","-5.9945700000000004","-37.942100000000003","greenhouse","n/a","I.grandifolia","BignoniaceaeJuss.","annual","BidenspilosaL.","compositae","annual","invasive",NA,NA,"MBC","T1","MBC","µg of MBC g−1 of soil","0-20",79.65,7.8,5,67.16,9.39,5,-0.170564204,"0-20"
"R10","Effects of Canada Goldenrod Invasion on Soil Extracellular Enzyme Activities and Ecoenzymatic Stoichiometry","32.14","119.29","field","grassland","P.australis","Poaceae","perennial","P.australis","compositae","perennial","invasive",17.7,1272.1,"MBC","T1","MBC","×10−1 mg C g−1 soil","0-15",6.4,2.3,4,8.84,2.95,4,0.322988886,"0-15"
"R12","Effects of Invasive Spartina alterniﬂora Loisel. and Subsequent Ecological Replacement bySonneratia apetala Buch.-Ham. on Soil OrganicCarbon Fractions and Stock","22.26","113.38","field","n/a","KandeliaobovataSheue&al.","Rhizophoraceae Pers.","n/a","S.alterniflora","Poaceae","perennial","invasive",22.4,NA,"MBC","F2","MBC","mg/kg","0-10",350.30549898167,36.0672,3,301.42566191446,16.0092,3,-0.15028066,"0-10"
"R12","Effects of Invasive Spartina alterniﬂora Loisel. and Subsequent Ecological Replacement bySonneratia apetala Buch.-Ham. on Soil OrganicCarbon Fractions and Stock","22.26","113.38","field","n/a","KandeliaobovataSheue&al.","Rhizophoraceae Pers.","n/a","S.alterniflora","Poaceae","perennial","invasive",22.4,NA,"MBC","F2","MBC","mg/kg","10-20",213.441955193482,35.055,3,185.743380855397,14.6574,3,-0.139007916,"10-20"
"R12","Effects of Invasive Spartina alterniﬂora Loisel. and Subsequent Ecological Replacement bySonneratia apetala Buch.-Ham. on Soil OrganicCarbon Fractions and Stock","22.26","113.38","field","n/a","KandeliaobovataSheue&al.","Rhizophoraceae Pers.","n/a","S.alterniflora","Poaceae","perennial","invasive",22.4,NA,"MBC","F2","MBC","mg/kg","20-30",211.812627291242,38.2876,3,301.42566191446,24.0252,3,0.35284817,"20-30"
"R12","Effects of Invasive Spartina alterniﬂora Loisel. and Subsequent Ecological Replacement bySonneratia apetala Buch.-Ham. on Soil OrganicCarbon Fractions and Stock","22.26","113.38","field","n/a","KandeliaobovataSheue&al.","Rhizophoraceae Pers.","n/a","S.alterniflora","Poaceae","perennial","invasive",22.4,NA,"MBC","F2","MBC","mg/kg","30-50",87.9837067209776,9.8119,3,140.122199592668,8.976,3,0.465389682,"30-50"
"R13","Effects of moso bamboo encroachment into native, broad-leaved forests on soil carbon and nitrogen pools","30.1830-30.2455","119.2347-119.2827","field","forest","forest","n/a","n/a","Phyllostachysedulis","Poaceae","annual","invasive",NA,NA,"MBC","F2","MBC","mg/cm2","0-20",2.5114,0.7696,3,2.5519,0.6076,3,0.015810606,"0-20"
"R13","Effects of moso bamboo encroachment into native, broad-leaved forests on soil carbon and nitrogen pools","30.1830-30.2455","119.2347-119.2827","field","forest","forest","n/a","n/a","Phyllostachysedulis","Poaceae","annual","invasive",NA,NA,"MBC","F2","MBC","mg/cm2","20-40",3.281,0.7696,3,3.841,0.6076,3,0.157628944,"20-40"
"R13","Effects of moso bamboo encroachment into tive, broad-leaved forests on soil carbon and nitrogen pools","30.1830-30.2455","119.2347-119.2827","field","forest","forest","n/a","n/a","Phyllostachysedulis","Poaceae","annual","invasive",NA,NA,"MBC","F2","MBC","mg/cm2","40-60",4.9013,0.7696,3,5.1038,0.6076,3,0.040005335,"40-60"
"R13","Effects of moso bamboo encroachment into tive, broad-leaved forests on soil carbon and nitrogen pools","30.1830-30.2455","119.2347-119.2827","field","forest","forest","n/a","n/a","Phyllostachysedulis","Poaceae","annual","invasive",NA,NA,"MBC","F2","MBC","mg/cm2","0-20",13.1646,0.5671,3,11.4633,0.3646,3,-0.138319215,"0-20"
"R13","Effects of moso bamboo encroachment into tive, broad-leaved forests on soil carbon and nitrogen pools","30.1830-30.2455","119.2347-119.2827","field","forest","forest","n/a","n/a","Phyllostachysedulis","Poaceae","annual","invasive",NA,NA,"MBC","F2","MBC","mg/cm2","20-40",3.281,0.5671,3,4.0101,0.3646,3,0.200947819,"20-40"
"R13","Effects of moso bamboo encroachment into tive, broad-leaved forests on soil carbon and nitrogen pools","30.1830-30.2455","119.2347-119.2827","field","forest","forest","n/a","n/a","Phyllostachysedulis","Poaceae","annual","invasive",NA,NA,"MBC","F2","MBC","mg/cm2","40-60",4.6987,0.5671,3,6.03544,0.3646,3,0.250841503,"40-60"
"R13","Effects of moso bamboo encroachment into tive, broad-leaved forests on soil carbon and nitrogen pools","30.1830-30.2455","119.2347-119.2827","field","forest","forest","n/a","n/a","Phyllostachysedulis","Poaceae","annual","invasive",NA,NA,"MBC","T2","MBC","mg/kg","0-60",266.4,NA,5,256.46,NA,5,-0.038026232,"0-60"
"R13","Effects of moso bamboo encroachment into tive, broad-leaved forests on soil carbon and nitrogen pools","30.1830-30.2455","119.2347-119.2827","field","forest","forest","n/a","n/a","Phyllostachysedulis","Poaceae","annual","invasive",NA,NA,"MBC","T2","MBC","mg/kg","0-60",280,NA,5,250.46,NA,5,-0.111490376,"0-60"
"R14","Exotic grasses and nitrate enrichment alter soil carbon cycling along an urban–rural tropical forest gradient","18.27-18.17","66.6-65.53","field","watershedforest","forest","n/a","n/a","PennisetumpurpureumSchumach.","Poaceae","perennial","invasive",25.7,1750,"MBC","F3","MBC","µg-C g–1","n/a",200,20.2896,3,139.130434782608,18.3575,3,-0.362908619,"n/a"
"R15","Exotic Pinus carbaea causes soil quality to deteriorate on former abandoned land compared to an indigenous Podocarpus plantation in the tropical forest area of southern China","18.230-18.520","108.440–109.02","field","forest","PodocarpusimbricatusB1.","Podocarpaceae Endl.","n/a","PinuscaribaeaMorelet","PiceaeSpreng.exF.Rudolphi","n/a","invasive",NA,3000,"MBC","T2","MBC","mg/kg","0-20",109.8,8.8,3,86.8,10.8,3,-0.235053907,"0-20"
"R16","Far-reaching effects on soil properties and underground microbial ecosystem after the introduction of black locusts in forest","34.47-34.51","108.05-108.10","field","forest","P.orientalis","Cupressaceae","n/a","Robiniapseudoacacia L.","Fabaceae","n/a","invasive",10.8,605,"MBC","T2","MBC","mg/kg","0-20",102.74,13.25,3,233.27,4.97,3,0.819995056,"0-20"
"R17","Frequent Fire Reduces the Magnitude of Positive Interactions Between an Invasive Grass and Soil Microbes in Temperate Forests","37.32","88.45","field","forest","Ulmusspecies,Acerspecies,Fraxinusspecies,Juglansnigra,Quercusspecies,Caryaspecies,andPlatanusocci-dentalis","hardwood","n/a","Microstegium","Poaceae","n/a","invasive",NA,12800,"MBC","T1","MBC","ug C g soil-1","0-5",147,36,40,161,27,40,0.090971778,"0-5"
"R17","Frequent Fire Reduces the Magnitude of Positive Interactions Between an Invasive Grass and Soil Microbes in Temperate Forests","37.32","88.45","field","forest","Ulmusspecies,Acerspecies,Fraxinusspecies,Juglansnigra,Quercusspecies,Caryaspecies,andPlatanusocci-dentalis","hardwood","n/a","Microstegium","Poaceae","n/a","invasive",NA,12800,"MBC","T1","MBC","ug C g soil-1","5-10",68.1,16.8,40,66.2,11.1,40,-0.02829675,"5-10"
"R17","Frequent Fire Reduces the Magnitude of Positive Interactions Between an Invasive Grass and Soil Microbes in Temperate Forests","37.32","88.45","field","forest","Ulmusspecies,Acerspecies,Fraxinusspecies,Juglansnigra,Quercusspecies,Caryaspecies,andPlatanusocci-dentalis","hardwood","n/a","Microstegium","Poaceae","n/a","invasive",NA,12800,"MBC","T1","MBC","ug C g soil-1","10-15",21.1,5.2,40,37.7,6.33,40,0.580387054,"10-15"
"R20","Impacts of Spartina alterniflora invasion on soil carbon contents and stability in the Yellow River Delta, China","24.80","113.36","field","ricefields","Cynodondactylon,Festucaarundicea,Paspalumtatu,andCommelicommunis","herbaceous","n/a","AmbrosiaartemisiifoliaL.","AsteraceaeBercht.&J.Presl","annual","invasive",NA,NA,"MBC","T1","MBC","n/a","n/a",624.01,53.4,4,614.62,6.64,4,-0.015162203,"n/a"
"R20","Impacts of Spartina alterniflora invasion on soil carbon contents and stability in the Yellow River Delta, China","24.80","113.36","field","ricefields","Toxicodendronvernicifluum,Sapiumdiscolor,Lygodiumjaponicum,
Gardeniajasminoides,Pinusmassonia,G.mangosta,U.lobata,
Mallotusapelta,Vitexnegundo,Meliaazedarach,S.bonox,Brous-
sonetiapapyrifera,PaederiascandensandRhuschinensis.","tivespecies","n/a","AmbrosiaartemisiifoliaL.","AsteraceaeBercht.&J.Presl","annual","invasive",NA,NA,"MBC","T1","MBC","n/a","n/a",309.48,19.95,4,614.62,6.64,4,0.68615721,"n/a"
"R21","Invasion effects of Chromolaena odorata on soil carbon and nitrogen fractions in a tropical savanna","108.470–108.490","19.050–19.170","field","grassland","Hyptissuavedens,Eragrostiszylindrica,Tridaxprocumbens","Grass","n/a","Chromolaeodorata L.","AsteraceaeBercht.&J.Presl","perennial","invasive",24.6,1019,"MBC","F3","MBC","mg/kg","0-10",419.847328244274,20.9924,NA,458.015267175572,22.9008,NA,0.087015347,"0-10"
"R21","Invasion effects of Chromolae odorata on soil carbon and nitrogen fractions in a tropical savan","108.470–108.490","19.050–19.170","field","grassland","Hyptissuavedens,Eragrostiszylindrica,Tridaxprocumbens","Grass","n/a","Chromolaeodorata L.","AsteraceaeBercht.&J.Presl","perennial","invasive",24.6,1019,"MBC","F3","MBC","mg/kg","10-20",652.67175572519,61.0687,NA,458.015267175572,22.9008,NA,-0.35415879,"10-20"
"R21","Invasion effects of Chromolae odorata on soil carbon and nitrogen fractions in a tropical savan","108.470–108.490","19.050–19.170","field","forest","Crotonlaui,Microcospaniculata,Dimocarpuslongga","Forest","n/a","Chromolaeodorata L.","AsteraceaeBercht.&J.Presl","perennial","invasive",24.6,1019,"MBC","F3","MBC","mg/kg","0-10",229.007633587786,26.7176,NA,225.190839694656,15.2672,NA,-0.01682118,"0-10"
"R21","Invasion effects of Chromolae odorata on soil carbon and nitrogen fractions in a tropical savan","108.470–108.490","19.050–19.170","field","forest","Crotonlaui,Microcospaniculata,Dimocarpuslongga","Forest","n/a","Chromolaeodorata L.","AsteraceaeBercht.&J.Presl","perennial","invasive",24.6,1019,"MBC","F3","MBC","mg/kg","10-20",360.687022900763,28.626,NA,225.190839694656,15.2672,NA,-0.471074373,"10-20"
"R28","Response of the soil microbial community composition and biomass to a short-term Spartina alterniflora invasion in a coastal wetland of eastern China","32.3651-34.2832","119.5125-121.547","field","n/a","Suaedasalsa","Amaranthaceae","annual","S.alterniflora","Poaceae","perennial","invasive",13.8,1000,"MBC","F1","MBC","mg/kg","0-30",71.2742980561555,4.3197,9,197.624190064794,19.9784,9,1.019870513,"0-30"
"R28","Response of the soil microbial community composition and biomass to a short-term Spartina alterniflora invasion in a coastal wetland of eastern China","32.3651-34.2832","119.5125-121.547","field","n/a","Phragmitesaustralis","Poaceae","perennial","S.alterniflora","Poaceae","perennial","invasive",13.8,1000,"MBC","F1","MBC","mg/kg","0-30",64.2548596112311,12.419,9,197.624190064794,19.9784,9,1.123564271,"0-30"
"R29","Response of topsoil Fe-bound organic carbon pool and microbial community to Spartina alterniflora invasion in coastal wetlands","n/a","n/a","field","n/a","Kandeliaobovata Sheue&al.","Rhizophoraceae Pers.","n/a","S.alterniflora","Poaceae","perennial","invasive",NA,NA,"MBC","T1","MBC","g/kg","n/a",0.24,0.04,3,0.4,0.1,3,0.510825624,"n/a"
"R29","Response of topsoil Fe-bound organic carbon pool and microbial community to Spartina alterniflora invasion in coastal wetlands","n/a","n/a","field","n/a","Kandeliaobovata Sheue&al.","Rhizophoraceae Pers.","n/a","S.alterniflora","Poaceae","perennial","invasive",NA,NA,"MBC","T1","MBC","g/kg","n/a",0.44,0.08,3,0.23,0,3,-0.648695418,"n/a"
"R29","Response of topsoil Fe-bound organic carbon pool and microbial community to Spartina alterniflora invasion in coastal wetlands","n/a","n/a","field","n/a","Kandeliaobovata Sheue&al.","Rhizophoraceae Pers.","n/a","S.alterniflora","Poaceae","perennial","invasive",NA,NA,"MBC","T1","MBC","g/kg","n/a",0.54,0.11,3,0.58,0.07,3,0.071458964,"n/a"
"R29","Response of topsoil Fe-bound organic carbon pool and microbial community to Spartina alterniflora invasion in coastal wetlands","n/a","n/a","field","n/a","Avicenniamari (Forsk.)Vierh.","Acanthaceae","n/a","S.alterniflora","Poaceae","perennial","invasive",NA,NA,"MBC","T1","MBC","g/kg","n/a",0.36,0.02,3,0.45,0.01,3,0.223143551,"n/a"
"R29","Response of topsoil Fe-bound organic carbon pool and microbial community to Spartina alterniflora invasion in coastal wetlands","n/a","n/a","field","n/a","Avicenniamari (Forsk.)Vierh.","Acanthaceae","n/a","S.alterniflora","Poaceae","perennial","invasive",NA,NA,"MBC","T1","MBC","g/kg","n/a",0.46,0.02,3,0.43,0.06,3,-0.067441281,"n/a"
"R29","Response of topsoil Fe-bound organic carbon pool and microbial community to Spartina alterniflora invasion in coastal wetlands","n/a","n/a","field","n/a","Avicenniamari (Forsk.)Vierh.","Acanthaceae","n/a","S.alterniflora","Poaceae","perennial","invasive",NA,NA,"MBC","T1","MBC","g/kg","n/a",0.87,0.04,3,0.71,0.07,3,-0.203228242,"n/a"
"R29","Response of topsoil Fe-bound organic carbon pool and microbial community to Spartina alterniflora invasion in coastal wetlands","n/a","n/a","field","n/a","Phragmitesaustralis","Poaceae","perennial","S.alterniflora","Poaceae","perennial","invasive",NA,NA,"MBC","T1","MBC","g/kg","n/a",0.39,0,3,0.44,0.01,3,0.120627988,"n/a"
"R29","Response of topsoil Fe-bound organic carbon pool and microbial community to Spartina alterniflora invasion in coastal wetlands","n/a","n/a","field","n/a","Phragmitesaustralis","Poaceae","perennial","S.alterniflora","Poaceae","perennial","invasive",NA,NA,"MBC","T1","MBC","g/kg","n/a",0.42,0.02,3,0.43,0.01,3,0.023530497,"n/a"
"R29","Response of topsoil Fe-bound organic carbon pool and microbial community to Spartina alterniflora invasion in coastal wetlands","n/a","n/a","field","n/a","Phragmitesaustralis","Poaceae","perennial","S.alterniflora","Poaceae","perennial","invasive",NA,NA,"MBC","T1","MBC","g/kg","n/a",0.42,0.02,3,0.43,0.01,3,0.023530497,"n/a"
"R31","Seawall construction alters soil carbon and nitrogen dynamics and soil microbial biomass in an invasive Spartina alterniflora salt marsh in eastern China","32.59-33.03","120.47-120.53","field","n/a","Suaedasalsa","n/a","annual","S.alterniflora","Poaceae","perennial","invasive",14.1,1000,"MBC","F4","MBC","mg/kg","0-10",521.854304635761,9.2715,3,237.086092715231,42.3841,3,-0.788940374,"0-10"
"R31","Seawall construction alters soil carbon and nitrogen dymics and soil microbial biomass in an invasive Spartina alterniflora salt marsh in eastern China","32.59-33.03","120.47-120.53","field","n/a","Suaedasalsa","n/a","annual","S.alterniflora","Poaceae","perennial","invasive",14.1,1000,"MBC","F4","MBC","mg/kg","10-20",303.311258278145,23.8411,3,152.317880794701,22.5166,3,-0.688771814,"10-20"
"R31","Seawall construction alters soil carbon and nitrogen dymics and soil microbial biomass in an invasive Spartina alterniflora salt marsh in eastern China","32.59-33.03","120.47-120.53","field","n/a","Suaedasalsa","n/a","annual","S.alterniflora","Poaceae","perennial","invasive",14.1,1000,"MBC","F4","MBC","mg/kg","20-30",290.066225165562,23.8411,3,147.019867549668,31.7881,3,-0.679553641,"20-30"
"R32","Species choice inmangrove reforestationmay influence the quantity and quality of long-term carbon sequestration and storage","23.45","116.43","field","Mangroveplantations,sandybeaches&mudflats","Kandeliaobovata Sheue&al.","Rhizophoraceae Pers.","n/a","Sonneratiaapetala Buch.-Ham.","Lythraceae","n/a","invasive",NA,NA,"MBC","T1","MBC","g/kg","0-20",0.38,0.03,NA,0.66,0.12,NA,0.552068582,"0-20"
"R32","Species choice inmangrove reforestationmay influence the quantity and quality of long-term carbon sequestration and storage","23.45","116.43","field","Mangroveplantations,sandybeaches&mudflats","Kandeliaobovata Sheue&al.","Rhizophoraceae Pers.","n/a","Sonneratiaapetala Buch.-Ham.","Lythraceae","n/a","invasive",NA,NA,"MBC","T1","MBC","g/kg","20-40",0.48,0.08,NA,0.39,0.03,NA,-0.207639365,"20-40"
"R32","Species choice inmangrove reforestationmay influence the quantity and quality of long-term carbon sequestration and storage","23.45","116.43","field","Mangroveplantations,sandybeaches&mudflats","Kandeliaobovata Sheue&al.","Rhizophoraceae Pers.","n/a","Sonneratiaapetala Buch.-Ham.","Lythraceae","n/a","invasive",NA,NA,"MBC","T1","MBC","g/kg","40-60",0.2,0.03,NA,0.6,0.1,NA,1.098612289,"40-60"
"R32","Species choice inmangrove reforestationmay influence the quantity and quality of long-term carbon sequestration and storage","23.45","116.43","field","Mangroveplantations,sandybeaches&mudflats","Kandeliaobovata Sheue&al.","Rhizophoraceae Pers.","n/a","Sonneratiaapetala Buch.-Ham.","Lythraceae","n/a","invasive",NA,NA,"MBC","T1","MBC","g/kg","60-80",0.21,0.01,NA,1.14,0.16,NA,1.691676011,"60-80"
"R32","Species choice inmangrove reforestationmay influence the quantity and quality of long-term carbon sequestration and storage","23.45","116.43","field","Mangroveplantations,sandybeaches&mudflats","Kandeliaobovata Sheue&al.","Rhizophoraceae Pers.","n/a","Sonneratiaapetala Buch.-Ham.","Lythraceae","n/a","invasive",NA,NA,"MBC","T1","MBC","g/kg","80-100",0.37,0.03,NA,0.64,0.03,NA,0.547965171,"80-100"
"R33","The effect of plant invasion on soil microbial carbon-use efficiency in semiarid grasslands of the Rocky Mountain West","46.5145","114.0042","field","n/a","Pseudoroegneriaspicata(Pursh)ÁLöve","Poaceae","n/a","Bromustectorum L.","Poaceae","annual","invasive",NA,NA,"MBC","T1","MBC","mg/kg","n/a",869.41,172.5,5,477.99,80.08,5,-0.598225009,"n/a"
"R33","The effect of plant invasion on soil microbial carbon-­use efficiency in semi-­arid grasslands of the Rocky Mountain West","46.4048","114.0140","field","n/a","Elymuselymoides(Raf.)Swezey","Poaceae","n/a","Euphorbiaesula L.","EuphorbiaceaeJuss.","perennial","invasive",7.7,350,"MBC","T1","MBC","mg/kg","n/a",869.41,172.5,5,565.5,96.59,5,-0.430104525,"n/a"
"R33","The effect of plant invasion on soil microbial carbon-use efficiency in semiarid grasslands of the Rocky Mountain West","46.5145","114.0042","field","n/a","Koelariamacrantha(Ledeb.)Schult.","Poaceae","n/a","CentaureastoebeL.","AsteraceaeBercht.&J.Presl","annual","invasive",7.7,350,"MBC","T1","MBC","mg/kg","n/a",869.1,138.03,5,1143.59,277.14,5,0.274469523,"n/a"
"R33","The effect of plant invasion on soil microbial carbon-use efficiency in semiarid grasslands of the Rocky Mountain West","46.4048","114.0140","field","n/a","Boutelouagracilis(Willd.ExKunth)Lag.ExGriffiths","Poaceae","n/a","PotentillarectaLinn.","Rosaceae","perennial","invasive",7.7,350,"MBC","T1","MBC","mg/kg","n/a",903.79,66.49,5,653.3,107.19,5,-0.324560591,"n/a"
"R36","Effects of Spartina Alterniflora Invasion on Soil Physical and Chemical Properties in Wetlands of the Yangtze River","31.25-31.28","121.50-122.05","field","SiltIsland","P.australis","Poaceae","perennial","S.alterniflora","Poaceae","perennial","invasive",15.3,1022,"MBC","F5","MBC","mg/kg","0-100",44.7058823529411,5.88,3,76.4705882352941,6.82,3,0.536701317,"0-100"
"R36","Effects of Spartina Alterniflora Invasion on Soil Physical and Chemical Properties in Wetlands of the Yangtze River","31.25-31.28","121.50-122.05","field","SiltIsland","Bolboschoenoplectusmariqueter (Tang&F.T.Wang)Tatanov","Cyperaceae","perennial","S.alterniflora","Poaceae","perennial","invasive",15.3,1022,"MBC","F5","MBC","mg/kg","0-100",31.0588235294117,4.71,3,45.6470588235294,4.71,3,0.39082789,"0-100"
"R38","Relationship among vegetation types and soil microbial biomass in the Loess Hilly region of China","36.254","109.3153","field","Forest","Platycladusorientalis(L.)Franco","Cupressaceae","n/a","Robiniapseudoacacia L.","Fabaceae","n/a","invasive",NA,NA,"MBC","F1","MBC","mg/kg","0-20",99.1983967935871,34.3465675140908,3,72.8657314629258,53.1046777600618,3,-0.308460983,"0-20"
"R38","Relationship among vegetation types and soil microbial biomass in the Loess Hilly region of China","36.254","109.3153","field","Forest","QuercuswutaishanseaMary","Fagaceae","n/a","Robiniapseudoacacia L.","Fabaceae","n/a","invasive",NA,NA,"MBC","F1","MBC","mg/kg","0-20",112.905811623246,46.2284360540133,3,72.8657314629258,53.1046777600618,3,-0.43791401,"0-20"
"R38","Relationship among vegetation types and soil microbial biomass in the Loess Hilly region of China","36.254","109.3153","field","Forest","bushes","n/a","n/a","Robiniapseudoacacia L.","Fabaceae","n/a","invasive",NA,NA,"MBC","F1","MBC","mg/kg","0-20",138.877755511022,32.4932731499921,3,72.8657314629258,53.1046777600618,3,-0.644933219,"0-20"
"R39","Substrate availability regulates the suppressive effects of Canada goldenrod invasion on soil respiration","32.14","119.29","field","Shore","P.australis","Poaceae","perennial","SolidagocadensisL.","AsteraceaeBercht.&J.Presl","perennial","invasive",17.1,1272.1,"MBC","T1","MBC","(×10–1 mg C g−1 soil)","0-10",8.02,4,3,5.74,3.11,3,-0.334479212,"0-10"
"R39","Substrate availability regulates the suppressive effects of Cada goldenrod invasion on soil respiration","32.12","119.30","greenhouse","n/a","P.australis","Poaceae","perennial","SolidagocadensisL.","AsteraceaeBercht.&J.Presl","perennial","invasive",17.1,1272.1,"MBC","T2","MBC","(×10–1 mg C g−1 soil)","0-10",2.19,0.66,3,1.81,0.18,3,-0.190574699,"0-10"
"R40","Effect of the invasion by Soildago canadensis on soil properties in Hangzhou bay wetland and reclamation district","121.0958","30.1929","field","wetland","Phaceluruslatifolius (Steud.)Ohwi","Poaceae","perennial","SolidagocadensisL.","AsteraceaeBercht.&J.Presl","perennial","invasive",16,1273,"MBC","F2","MBC","mg/kg","0-10",81.1491935483871,7.06,5,237.096774193548,68.45,5,1.072182699,"0-10"
"R40","Effect of the invasion by Soildago cadensis on soil properties in Hangzhou bay wetland and reclamation district","121.0958","30.1929","field","wetland","Imperatacylindrica (L.)P.Beauv.","Poaceae","perennial","SolidagocadensisL.","AsteraceaeBercht.&J.Presl","perennial","invasive",16,1273,"MBC","F2","MBC","mg/kg","0-10",82.5604838709677,20.46,5,237.096774193548,68.45,5,1.054956691,"0-10"
"R40","Effect of the invasion by Soildago cadensis on soil properties in Hangzhou bay wetland and reclamation district","121.0958","30.1929","field","wetland","Phragmitesaustralis","Poaceae","perennial","SolidagocadensisL.","AsteraceaeBercht.&J.Presl","perennial","invasive",16,1273,"MBC","F2","MBC","mg/kg","0-10",166.532258064516,64.21,5,237.096774193548,68.45,5,0.35330652,"0-10"
"R40","Effect of the invasion by Soildago cadensis on soil properties in Hangzhou bay wetland and reclamation district","121.0958","30.1929","field","wetland","Phaceluruslatifolius (Steud.)Ohwi","Poaceae","perennial","SolidagocadensisL.","AsteraceaeBercht.&J.Presl","perennial","invasive",16,1273,"MBC","F2","MBC","mg/kg","10-20",49.3951612903226,14.11,5,58.5685483870967,13.41,5,0.170272196,"10-20"
"R40","Effect of the invasion by Soildago cadensis on soil properties in Hangzhou bay wetland and reclamation district","121.0958","30.1929","field","wetland","Imperatacylindrica (L.)P.Beauv.","Poaceae","perennial","SolidagocadensisL.","AsteraceaeBercht.&J.Presl","perennial","invasive",16,1273,"MBC","F2","MBC","mg/kg","10-20",48.6895161290322,8.47,5,58.5685483870967,13.41,5,0.18474895,"10-20"
"R40","Effect of the invasion by Soildago cadensis on soil properties in Hangzhou bay wetland and reclamation district","121.0958","30.1929","field","wetland","Phragmitesaustralis","Poaceae","perennial","SolidagocadensisL.","AsteraceaeBercht.&J.Presl","perennial","invasive",16,1273,"MBC","F2","MBC","mg/kg","10-20",40.2217741935483,14.11,5,58.5685483870967,13.41,5,0.375858236,"10-20"
"R41","Effects of moso bamboo invasion on soil active organic carbon and nitrogen in a evergreen broad-leaved forest in subtropical China","33.41","120.00","field","forest","Quercusglauca","Fagaceae","n/a","Phyllostachysedulis","Poaceae","annual","invasive",NA,NA,"MBC","F2","MBC","mg/kg","0-20",1050.19305019305,69.5,9,463.320463320463,30.89,9,-0.818308419,"0-20"
"R41","Effects of moso bamboo invasion on soil active organic carbon and nitrogen in a evergreen broad-leaved forest in subtropical China","33.41","120.00","field","forest","Quercusglauca","Fagaceae","n/a","Phyllostachysedulis","Poaceae","annual","invasive",NA,NA,"MBC","F2","MBC","mg/kg","0-20",254.826254826254,38.61,9,254.826254826254,54.05,9,0,"0-20"
"R41","Effects of moso bamboo invasion on soil active organic carbon and nitrogen in a evergreen broad-leaved forest in subtropical China","33.41","120.00","field","forest","Quercusglauca","Fagaceae","n/a","Phyllostachysedulis","Poaceae","annual","invasive",NA,NA,"MBC","F2","MBC","mg/kg","0-20",1629.34362934362,146.72,9,1034.74903474903,84.94,9,-0.454015173,"0-20"
"R41","Effects of moso bamboo invasion on soil active organic carbon and nitrogen in a evergreen broad-leaved forest in subtropical China","33.41","120.00","field","forest","Quercusglauca","Fagaceae","n/a","Phyllostachysedulis","Poaceae","annual","invasive",NA,NA,"MBC","F2","MBC","mg/kg","0-20",764.478764478764,92.66,9,370.65637065637,38.61,9,-0.723910664,"0-20"
"R41","Effects of moso bamboo invasion on soil active organic carbon and nitrogen in a evergreen broad-leaved forest in subtropical China","30.1830-30.2455","119.2347-119.2827","field","turereserve","forest","n/a","n/a","Phyllostachysedulis","Poaceae","annual","invasive",NA,NA,"MBC","F1","MBC","mg/kg","0-20",769.635627530364,255.06,10,1075.70850202429,178.54,10,0.334813315,"0-20"
"R43","Effect of invasive plants Ambrosia artemisiifolia L. on soil carbon and nitrogen transition","26.124331","111.354871","field","Forest","TorilisscabraThunb.","Apiaceae","annual","AmbrosiaartemisiifoliaL.","AsteraceaeBercht.&J.Presl","annual","invasive",NA,NA,"MBC","T2","MBC","ug/kg","n/a",205.32,15.74,3,312.26,21.23,3,0.419266436,"n/a"
"R44","Significant changes in soil microbial community structure and metabolic function after Mikania micrantha invasion","23.1305-23.1943","114.1921-114.2706","field","Forest","forest","MyrtaceaeJuss.","n/a","Mikaniamicrantha KunthinHumb.&al.","AsteraceaeBercht.&J.Presl","perennial","invasive",NA,NA,"MBC","T1","MBC","mg/kg","0-10",45.63,3.17,6,39.45,4.87,6,-0.145531348,"0-10"
"R45","Impacts of Ipomoea cairica and Wedelia trilobata invasion on soil chemical and microbiological characteristics","23.09","113.21","field","hill","Neyraudiareyudia","Poaceae","perennial","Ipomoeacairica (L.)Sweet)","Convolvulaceae","perennial","invasive",NA,NA,"MBC","T3","MBC","mg/kg","0-10",350.48,32.32,4,883.74,30.13,4,0.924859258,"0-10"
"R45","Impacts of Ipomoea cairica and Wedelia trilobata invasion on soil chemical and microbiological characteristics","23.09","113.21","field","hill","Neyraudiareyudia","Poaceae","perennial","Sphagneticolatrilobata(L.)Pruski","AsteraceaeBercht.&J.Presl","perennial","invasive",15.3,1022,"MBC","T3","MBC","mg/kg","0-10",350.48,32.32,4,835.09,96.66,4,0.86823586,"0-10"
"R46","Effects of Spartina alterniflora invasion on soil carbon dynamics in wetlands of the Yangtze River estuary","31.25-31.28","121.50-122.05","field","SiltIsland","P.australis","Poaceae","perennial","S.alterniflora","Poaceae","perennial","invasive",15.3,1022,"MBC","F7","MBC","mg/kg","0-20",56.1679790026246,3.41,3,81.1023622047244,7.87,3,0.367300155,"0-20"
"R46","Effects of Spartina alterniflora invasion on soil carbon dynamics in wetlands of the Yangtze River estuary","31.25-31.28","121.50-122.05","field","SiltIsland","Bolboschoenoplectusmariqueter (Tang&F.T.Wang)Tatanov","Cyperaceae","perennial","S.alterniflora","Poaceae","perennial","invasive",15.3,1022,"MBC","F7","MBC","mg/kg","0-20",31.2335958005249,2.89,3,45.4068241469816,2.36,3,0.374353174,"0-20"
"R47","Spartina alterniflora invasion affects methane emissions in the Yangtze River estuary","31.25-31.28","121.50-122.05","field","SiltIsland","P.australis","Poaceae","perennial","S.alterniflora","Poaceae","perennial","invasive",15.3,1022,"MBC","T2","MBC","mg/kg","0-20",45,10.6,4,76,14,4,0.524070851,"0-20"
"R47","Spartina alterniflora invasion affects methane emissions in the Yangtze River estuary","31.25-31.28","121.50-122.05","field","SiltIsland","P.australis","Poaceae","perennial","S.alterniflora","Poaceae","perennial","invasive",15.3,1022,"MBC","T2","MBC","mg/kg","0-20",30.9,10.2,4,45.4,10.8,4,0.384755921,"0-20"
"R48","Non-linear impacts of Eucalyptus plantation stand age on soil microbial metabolic diversity","22.14-22.21","107.47-107.56","field","Forestfarm","Pinusmassonia Lamb.","PiceaeSpreng.exF.Rudolphi","n/a","EucalyptusurophyllaS.T.Blake&Eucalyptusgrandis W.HillexMaiden","MyrtaceaeJuss.","n/a","turalized",NA,NA,"MBC","T1","MBC","mg/kg","0-10",328.48,35.26,3,577.42,32.34,3,0.564093951,"0-10"
"R49","Changes in plant community and soil ecological indicators in response to Prosopis juliflora and Acacia mearnsii invasion and removal in two biodiversity hotspots in Southern India","10.2942","79.8579","field","plain","n/a","n/a","n/a","Prosopisjuliflora (Sw.)DC.","Fabaceae","n/a","turalized",29.5,1250,"MBC","T2","MBC","ug/g","0-10",231,NA,12,292,NA,12,0.234336092,"0-10"
"R49","Changes in plant community and soil ecological indicators in response to Prosopis juliflora and Acacia mearnsii invasion and removal in two biodiversity hotspots in Southern India","10.2942","79.8579","field","plain","n/a","n/a","n/a","Acaciapolystachya A.Cunn_exBenth.","Fabaceae","n/a","turalized",29.5,1250,"MBC","T2","MBC","ug/g","0-10",116.8,NA,12,2078,NA,12,2.878698101,"0-10"
"R50","Grass invasion of a hardwood forest is associated with declines in belowground carbon pools","33.5327","83.2193","field","forest","Acerrubrum,Quercusnigra,Platanusoccidentalis,andLiquidambarstyraciflua","n/a","n/a","M.vimineum","Poaceae","annual","invasive",NA,NA,"MBC","T2","MBC","ug/g dry wt soil -1","0-10",68.56,55.3829630843276,6,25.03,25.6706525043677,6,-1.007634169,"0-10"
"R51","Biochemical characterization and mycorrhizal fungal community of plant species in the Brazilian seasonal dry forest","-37.82","-6.81","field","n/a","M.tenuiflora","Fabaceae","n/a","Ctenitismadagascariensis","DryopteridaceaeHene","n/a","invasive",28,936.07,"MBC","T1","MBC","mg/kg","0-20",2.98,0.32,12,5.31,0.54,12,0.577668535,"0-20"
"R53","Response of bacterial community characteristics in the rhizosphere soil of Stellera chamaejasme L. to its expansion on the Qinghai-Tibet Plateau","30.3-30.4","101.37-101.43","field","plateau","n/a","n/a","n/a","Stellerachamaejasme L.","ThymelaeaceaeJuss.","n/a","invasive",7,NA,"MBC","T1","MBC","mg/kg","0-20",137.67,4.04,3,411,7,3,1.093733697,"0-20"
"R55","Invasion Effects of Solidago canadensis on Soil Nutrients and Active Organic Carbon Components in Reclamation District of Hangzhou Bay Wetland","30.1929","121.0958","field","wetland","Phaceluruslatifolius (Steud.)Ohwi","Poaceae","perennial","SolidagocadensisL.","AsteraceaeBercht.&J.Presl","perennial","invasive",16,1273,"MBC","F4","MBC","mg/kg","0-10",80.7692307692307,6.28,5,236.923076923076,67.3,5,1.076116922,"0-10"
"R55","Invasion Effects of Solidago canadensis on Soil Nutrients and Active Organic Carbon Components in Reclamation District of Hangzhou Bay Wetland","30.1929","121.0958","field","wetland","Imperatacylindrica (L.)P.Beauv.","Poaceae","perennial","SolidagocadensisL.","AsteraceaeBercht.&J.Presl","perennial","invasive",16,1273,"MBC","F4","MBC","mg/kg","0-10",85.26,18.85,5,236.923076923076,67.3,5,1.02201712,"0-10"
"R55","Invasion Effects of Solidago canadensis on Soil Nutrients and Active Organic Carbon Components in Reclamation District of Hangzhou Bay Wetland","30.1929","121.0958","field","wetland","P.australis","Poaceae","perennial","SolidagocadensisL.","AsteraceaeBercht.&J.Presl","perennial","invasive",16,1273,"MBC","F4","MBC","mg/kg","0-10",169.615384615384,58.33,5,236.923076923076,67.3,5,0.33416189,"0-10"
"R55","Invasion Effects of Solidago canadensis on Soil Nutrients and Active Organic Carbon Components in Reclamation District of Hangzhou Bay Wetland","30.1929","121.0958","field","wetland","Phaceluruslatifolius (Steud.)Ohwi","Poaceae","perennial","SolidagocadensisL.","AsteraceaeBercht.&J.Presl","perennial","invasive",16,1273,"MBC","F4","MBC","mg/kg","10-20",57.4358974358974,9.87,5,61.025641025641,14.36,5,0.060624622,"10-20"
"R55","Invasion Effects of Solidago canadensis on Soil Nutrients and Active Organic Carbon Components in Reclamation District of Hangzhou Bay Wetland","30.1929","121.0958","field","wetland","Imperatacylindrica (L.)P.Beauv.","Poaceae","perennial","SolidagocadensisL.","AsteraceaeBercht.&J.Presl","perennial","invasive",16,1273,"MBC","F4","MBC","mg/kg","10-20",48.4615384615384,8.97,5,61.025641025641,14.36,5,0.230626831,"10-20"
"R55","Invasion Effects of Solidago canadensis on Soil Nutrients and Active Organic Carbon Components in Reclamation District of Hangzhou Bay Wetland","30.1929","121.0958","field","wetland","P.australis","Poaceae","perennial","SolidagocadensisL.","AsteraceaeBercht.&J.Presl","perennial","invasive",16,1273,"MBC","F4","MBC","mg/kg","10-20",42.1794871794871,9.87,5,61.025641025641,14.36,5,0.369419372,"10-20"
"R59","Chromoleana odorata fallow-cropping cycles maintain soil carbon stocks and yam yields 40 years after conversion of native- to farmland, implications for forest conservation","4.55-5.00","6.10-6.15","field","forest&grassland","forest","Lecaniodiscuscupanioides(Sapindaceae),Dialiumguineense(Caesalpiniaceae),Antiarisafrica(Moraceae),Diospyrosmespiliformis
(Ebeceae),Colagigantea(Sterculiaceae),Olaxsubscorpioidea(Olacaceae),Mimusopskumel(Sapotaceae),Milletiazechi
(Fabaceae),Griffoniasimplicifolia(Caesalpiniaceae),Celtisprantlii(Ulmaceae),Olyralatifolia(Poaceae),Uvariaovata(Annoceae)","n/a","Chromolaeodorata (L.)R.M.King&H.Rob.)","AsteraceaeBercht.&J.Presl","perennial","invasive",27.9,1218,"MBC","T6","MBC","mg/kg soil","0-10",393.3,125.443413537738,5,238.3,82.9581219652422,5,-0.501042295,"0-10"
"R59","Chromoleana odorata fallow-cropping cycles maintain soil carbon stocks and yam yields 40 years after conversion of native- to farmland, implications for forest conservation","4.55-5.00","6.10-6.15","field","forest&grassland","grassland","Brideliaferruginea(Euphorbiacea),Cussoniabarteri(Araliaceae),Crossopteryxfebrifuga(Rubiaceae),Termiliaglaucescens
(Combretaceae),Annosenegalensis(Annoceae),Piliostigmathonningii(Ceasalpiniaceae),Borassusaethiopum(Araceae),
Hyparrheniadiplandra(Poaceae),Imperatacylindrica(Poaceae),Andropogonschirensis(Poaceae)","n/a","Chromolaeodorata (L.)R.M.King&H.Rob.)","AsteraceaeBercht.&J.Presl","perennial","invasive",27.9,1218,"MBC","T6","MBC","mg/kg soil","0-10",151.7,37.1187284264965,5,182,45.6157867409957,5,0.182101801,"0-10"
"R60","Effects of the invasion of Ambrosia artemisiifolia and Bidens pilosa on soil microbial community structures and carbon metabolic pathways","39.3042","116.3607","greenhouse","Homogeneousorchardsinthefield","Setariaviridis (L.)P.Beauv.","Poaceae","annual","AmbrosiaartemisiifoliaL.","AsteraceaeBercht.&J.Presl","annual","invasive",NA,513,"MBC","F2-2","MBC","mg/kg","n/a",483.116883116882,31.1688,5,1558.44155844155,109.09,5,1.17117553,"n/a"
"R60","Effects of the invasion of Ambrosia artemisiifolia and Bidens pilosa on soil microbial community structures and carbon metabolic pathways","39.3042","116.3607","greenhouse","Homogeneousorchardsinthefield","Melilotusofficilis (L.)Pall.","Fabaceae","perennial","AmbrosiaartemisiifoliaL.","AsteraceaeBercht.&J.Presl","annual","invasive",NA,513,"MBC","F2-2","MBC","mg/kg","n/a",685.714285714285,46.754,5,1542.85714285714,124.675,5,0.810938318,"n/a"
"R60","Effects of the invasion of Ambrosia artemisiifolia and Bidens pilosa on soil microbial community structures and carbon metabolic pathways","39.3042","116.3607","greenhouse","Homogeneousorchardsinthefield","Chenopodiumalbum L.","Amaranthaceae","annual","AmbrosiaartemisiifoliaL.","AsteraceaeBercht.&J.Presl","annual","invasive",NA,513,"MBC","F2-2","MBC","mg/kg","n/a",1418.18181818181,62.337,5,1542.85714285714,124.675,5,0.084263478,"n/a"
"R60","Effects of the invasion of Ambrosia artemisiifolia and Bidens pilosa on soil microbial community structures and carbon metabolic pathways","39.3042","116.3607","greenhouse","Homogeneousorchardsinthefield","Setariaviridis (L.)P.Beauv.","Poaceae","annual","Bidenspilosa L.","AsteraceaeBercht.&J.Presl","annual","invasive",NA,513,"MBC","F2-2","MBC","mg/kg","n/a",456.521739130434,43.478,5,2586.95652173913,108.695,5,1.734606209,"n/a"
"R60","Effects of the invasion of Ambrosia artemisiifolia and Bidens pilosa on soil microbial community structures and carbon metabolic pathways","39.3042","116.3607","greenhouse","Homogeneousorchardsinthefield","Melilotusofficilis (L.)Pall.","Fabaceae","perennial","Bidenspilosa L.","AsteraceaeBercht.&J.Presl","annual","invasive",NA,513,"MBC","F2-2","MBC","mg/kg","n/a",652.173913043478,43.478,5,2543.47826086956,108.695,5,1.360983237,"n/a"
"R60","Effects of the invasion of Ambrosia artemisiifolia and Bidens pilosa on soil microbial community structures and carbon metabolic pathways","39.3042","116.3607","greenhouse","Homogeneousorchardsinthefield","Chenopodiumalbum L.","Amaranthaceae","annual","Bidenspilosa L.","AsteraceaeBercht.&J.Presl","annual","invasive",NA,513,"MBC","F2-2","MBC","mg/kg","n/a",1413.04347826086,43.478,5,2586.95652173913,65.217,5,0.604740029,"n/a"
"R9","Crop-weed competition changes the decomposition of soil organic matter fractions in the rhizosphere","-5.9945700000000004","-37.942100000000003","greenhouse","n/a","ZeamaysL.","Poaceae","annual","BidenspilosaL.","compositae","annual","invasive",NA,NA,"POC","F2","POC","mg C g soil-1","n/a",1.71511627906976,0.0872,5,1.51162790697674,0.1454,5,-0.13021464,"n/a"
"R9","Crop-weed competition changes the decomposition of soil organic matter fractions in the rhizosphere","-5.9945700000000004","-37.942100000000003","greenhouse","n/a","AmaranthusviridisL.","Amaranthaceae","annual","BidenspilosaL.","compositae","annual","invasive",NA,NA,"POC","F2","POC","mg C g soil-2","n/a",1.33720930232558,0.1163,5,1.51162790697674,0.1454,5,0.119440037,"n/a"
"R9","Crop-weed competition changes the decomposition of soil organic matter fractions in the rhizosphere","-5.9945700000000004","-37.942100000000003","greenhouse","n/a","I.grandifolia","BignoniaceaeJuss.","annual","BidenspilosaL.","compositae","annual","invasive",NA,NA,"POC","F2","POC","mg C g soil-3","n/a",1.6860465116279,0.1453,5,1.51162790697674,0.1454,5,-0.112618878,"n/a"
"R12","Effects of Invasive Spartina alterniﬂora Loisel. and Subsequent Ecological Replacement bySonneratia apetala Buch.-Ham. on Soil OrganicCarbon Fractions and Stock","22.26","113.38","field","n/a","KandeliaobovataSheue&al.","Rhizophoraceae Pers.","n/a","S.alterniflora","Poaceae","perennial","invasive",22.4,NA,"POC","F2","POC","g/kg","n/a",45.3703703703703,1.5104,3,14.8989898989898,1.6148,3,-1.113489881,"n/a"
"R12","Effects of Invasive Spartina alterniﬂora Loisel. and Subsequent Ecological Replacement bySonneratia apetala Buch.-Ham. on Soil OrganicCarbon Fractions and Stock","22.26","113.38","field","n/a","KandeliaobovataSheue&al.","Rhizophoraceae Pers.","n/a","S.alterniflora","Poaceae","perennial","invasive",22.4,NA,"POC","F2","POC","g/kg","n/a",45.7912457912457,1.3647,3,12.4579124579124,1.9458,3,-1.301542213,"n/a"
"R12","Effects of Invasive Spartina alterniﬂora Loisel. and Subsequent Ecological Replacement bySonneratia apetala Buch.-Ham. on Soil OrganicCarbon Fractions and Stock","22.26","113.38","field","n/a","KandeliaobovataSheue&al.","Rhizophoraceae Pers.","n/a","S.alterniflora","Poaceae","perennial","invasive",22.4,NA,"POC","F2","POC","g/kg","n/a",14.057239057239,0.8969,3,18.2659932659932,2.2844,3,0.261926484,"n/a"
"R12","Effects of Invasive Spartina alterniﬂora Loisel. and Subsequent Ecological Replacement bySonneratia apetala Buch.-Ham. on Soil OrganicCarbon Fractions and Stock","22.26","113.38","field","n/a","KandeliaobovataSheue&al.","Rhizophoraceae Pers.","n/a","S.alterniflora","Poaceae","perennial","invasive",22.4,NA,"POC","F2","POC","g/kg","n/a",14.1414141414141,0.9045,3,13.1313131313131,0.4467,3,-0.074107972,"n/a"
"R17","Frequent Fire Reduces the Magnitude of Positive Interactions Between an Invasive Grass and Soil Microbes in Temperate Forests","37.32","88.45","field","forest","Ulmusspecies,Acerspecies,Fraxinusspecies,Juglansnigra,Quercusspecies,Caryaspecies,andPlatanusocci-dentalis","hardwood","n/a","Microstegium","Poaceae","n/a","invasive",NA,12800,"POC","T2","POC","g C m-2","0-5",588,92,40,657,61,40,0.15957071,"0-5"
"R17","Frequent Fire Reduces the Magnitude of Positive Interactions Between an Invasive Grass and Soil Microbes in Temperate Forests","37.32","88.45","field","forest","Ulmusspecies,Acerspecies,Fraxinusspecies,Juglansnigra,Quercusspecies,Caryaspecies,andPlatanusocci-dentalis","hardwood","n/a","Microstegium","Poaceae","n/a","invasive",NA,12800,"POC","T2","POC","g C m-2","5-10",203,32,40,174,16,40,-0.15415068,"5-10"
"R17","Frequent Fire Reduces the Magnitude of Positive Interactions Between an Invasive Grass and Soil Microbes in Temperate Forests","37.32","88.45","field","forest","Ulmusspecies,Acerspecies,Fraxinusspecies,Juglansnigra,Quercusspecies,Caryaspecies,andPlatanusocci-dentalis","hardwood","n/a","Microstegium","Poaceae","n/a","invasive",NA,12800,"POC","T2","POC","g C m-2","10-15",88,14,40,87,8,40,-0.011428696,"10-15"
"R18","Grass Invasions Across a Regional Gradient are Associated with Declines in Belowground Carbon Pools","33.53-35.03","83.21-83.29","field","forest","n/a","n/a","n/a","M.vimineum","herbaceous","annual","invasive",17,12200,"POC","F1","POC","g cm-2","n/a",1696,192,36,1575.99999999999,384,36,-0.073382546,"n/a"
"R21","Invasion effects of Chromolaena odorata on soil carbon and nitrogen fractions in a tropical savanna","108.470–108.490","19.050–19.170","field","grassland","Hyptissuavedens,Eragrostiszylindrica,Tridaxprocumbens","Grass","n/a","Chromolaeodorata L.","AsteraceaeBercht.&J.Presl","perennial","invasive",24.6,1019,"POC","F3","POC","mg/g","0-10",3.28767123287671,0.3836,NA,3.94520547945205,0.5479,NA,0.182828014,"0-10"
"R21","Invasion effects of Chromolae odorata on soil carbon and nitrogen fractions in a tropical savan","108.470–108.490","19.050–19.170","field","grassland","Hyptissuavedens,Eragrostiszylindrica,Tridaxprocumbens","Grass","n/a","Chromolaeodorata L.","AsteraceaeBercht.&J.Presl","perennial","invasive",24.6,1019,"POC","F3","POC","mg/g","10-20",9.67123287671233,1.0137,NA,3.94520547945205,0.5479,NA,-0.895312731,"10-20"
"R21","Invasion effects of Chromolae odorata on soil carbon and nitrogen fractions in a tropical savan","108.470–108.490","19.050–19.170","field","forest","Crotonlaui,Microcospaniculata,Dimocarpuslongga","Forest","n/a","Chromolaeodorata L.","AsteraceaeBercht.&J.Presl","perennial","invasive",24.6,1019,"POC","F3","POC","mg/g","0-10",1.01369863013698,0.1096,NA,1.50684931506849,0.137,NA,0.40215932,"0-10"
"R21","Invasion effects of Chromolae odorata on soil carbon and nitrogen fractions in a tropical savan","108.470–108.490","19.050–19.170","field","forest","Crotonlaui,Microcospaniculata,Dimocarpuslongga","Forest","n/a","Chromolaeodorata L.","AsteraceaeBercht.&J.Presl","perennial","invasive",24.6,1019,"POC","F3","POC","mg/g","10-20",2.02739726027397,0.3014,NA,1.50684931506849,0.137,NA,-0.295926142,"10-20"
"R24","Loss of faster-cycling soil carbon pools following grass invasion across multiple forest sites","33.20-33.89","83.37-83.60","field","forest","Quercussp.","Fagaceae","n/a","M.vimineum","Poaceae","annual","invasive",NA,NA,"POC","F1","POC","g C m-2","0-10",113.888888888888,15.7407,8,84.2592592592592,5.5556,8,-0.301325814,"0-10"
"R24","Loss of faster-cycling soil carbon pools following grass invasion across multiple forest sites","33.20-33.89","83.37-83.60","field","forest","CaryacathayensisSarg.","JuglandaceaeDC.exPerleb","n/a","M.vimineum","Poaceae","annual","invasive",NA,NA,"POC","F1","POC","g C m-2","0-10",116.666666666666,12.963,8,82.4074074074074,5.5556,8,-0.347642648,"0-10"
"R32","Species choice inmangrove reforestationmay influence the quantity and quality of long-term carbon sequestration and storage","23.45","116.43","field","Mangroveplantations,sandybeaches&mudflats","Kandeliaobovata Sheue&al.","Rhizophoraceae Pers.","n/a","Sonneratiaapetala Buch.-Ham.","Lythraceae","n/a","invasive",NA,NA,"POC","T1","POXC","g/kg","0-20",10.05,0.59,NA,1.41,0.09,NA,-1.96398293,"0-20"
"R32","Species choice inmangrove reforestationmay influence the quantity and quality of long-term carbon sequestration and storage","23.45","116.43","field","Mangroveplantations,sandybeaches&mudflats","Kandeliaobovata Sheue&al.","Rhizophoraceae Pers.","n/a","Sonneratiaapetala Buch.-Ham.","Lythraceae","n/a","invasive",NA,NA,"POC","T1","POXC","g/kg","20-40",8.66,0.52,NA,3.09,0.9,NA,-1.030543632,"20-40"
"R32","Species choice inmangrove reforestationmay influence the quantity and quality of long-term carbon sequestration and storage","23.45","116.43","field","Mangroveplantations,sandybeaches&mudflats","Kandeliaobovata Sheue&al.","Rhizophoraceae Pers.","n/a","Sonneratiaapetala Buch.-Ham.","Lythraceae","n/a","invasive",NA,NA,"POC","T1","POXC","g/kg","40-60",6.99,0.37,NA,1.74,0.27,NA,-1.390595443,"40-60"
"R32","Species choice inmangrove reforestationmay influence the quantity and quality of long-term carbon sequestration and storage","23.45","116.43","field","Mangroveplantations,sandybeaches&mudflats","Kandeliaobovata Sheue&al.","Rhizophoraceae Pers.","n/a","Sonneratiaapetala Buch.-Ham.","Lythraceae","n/a","invasive",NA,NA,"POC","T1","POXC","g/kg","60-80",5.5,0.33,NA,4.35,1.74,NA,-0.234572247,"60-80"
"R32","Species choice inmangrove reforestationmay influence the quantity and quality of long-term carbon sequestration and storage","23.45","116.43","field","Mangroveplantations,sandybeaches&mudflats","Kandeliaobovata Sheue&al.","Rhizophoraceae Pers.","n/a","Sonneratiaapetala Buch.-Ham.","Lythraceae","n/a","invasive",NA,NA,"POC","T1","POXC","g/kg","80-100",4.46,0.35,NA,3.12,0.93,NA,-0.357315764,"80-100"
"R37","Effects of Spartina Alterniflora Invasion on Soil Physical and Chemical Properties in Wetlands of the Yangtze River","23.90-23.93","117.40-117.50","field","estuary","Mangrove","n/a","n/a","S.alterniflora","Poaceae","perennial","invasive",15.3,1022,"POC","F3","POXC","g/kg","0-15",14.8941176470588,1.48,NA,6.91764705882352,0.42,NA,-0.766274077,"0-15"
"R37","Effects of Spartina Alterniflora Invasion on Soil Physical and Chemical Properties in Wetlands of the Yangtze River","23.90-23.93","117.40-117.50","field","estuary","Mangrove","n/a","n/a","S.alterniflora","Poaceae","perennial","invasive",15.3,1022,"POC","F3","POXC","g/kg","15-30",7.05882352941176,1.69,NA,1.27058823529411,0.28,NA,-1.715428151,"15-30"
"R37","Effects of Spartina Alterniflora Invasion on Soil Physical and Chemical Properties in Wetlands of the Yangtze River","23.90-23.93","117.40-117.50","field","estuary","Mangrove","n/a","n/a","S.alterniflora","Poaceae","perennial","invasive",15.3,1022,"POC","F3","POXC","g/kg","30-50",5.15294117647058,0.71,NA,1.41176470588235,0.21,NA,-1.29540701,"30-50"
"R37","Effects of Spartina Alterniflora Invasion on Soil Physical and Chemical Properties in Wetlands of the Yangtze River","23.90-23.93","117.40-117.50","field","estuary","Mangrove","n/a","n/a","S.alterniflora","Poaceae","perennial","invasive",15.3,1022,"POC","F3","POXC","g/kg","50-75",4.65882352941176,0.56,NA,1.19999999999999,0.21,NA,-1.356693891,"50-75"
"R37","Effects of Spartina Alterniflora Invasion on Soil Physical and Chemical Properties in Wetlands of the Yangtze River","23.90-23.93","117.40-117.50","field","estuary","Mangrove","n/a","n/a","S.alterniflora","Poaceae","perennial","invasive",15.3,1022,"POC","F3","POXC","g/kg","75-100",2.04705882352941,0.35,NA,0.56470588235294,0.14,NA,-1.297658288,"75-100"
"R50","Grass invasion of a hardwood forest is associated with declines in belowground carbon pools","33.5327","83.2193","field","forest","Acerrubrum,Quercusnigra,Platanusoccidentalis,andLiquidambarstyraciflua","n/a","n/a","M.vimineum","Poaceae","annual","invasive",NA,NA,"POC","T2","POC","mg g-1 dry wt soil-1","0-10",8.46,3.03736728105114,6,5.99,2.98837748619548,6,-0.345257761,"0-10"
"R52","Characteristics of Particulate Organic Carbon and Nitrogen in Soil of Leucaena leucocephala Plantation in the Dry-hot Valley","25.31-26.07","101.36-102.07","field","rivervalley","TermiliafranchetiiGagnep.\PhyllanthusemblicaLinn.\Dodoeaviscosa(L.)Jacq)\(OsteomelesschwerieSchneid.)\(DiospyrosdumetorumW.W.Smith)","n/a","n/a","Leucaeleucocephala(Lam.)deWit","Fabaceae","n/a","invasive",NA,NA,"POC","T2","POC","g/kg","0-10",2.93,0.57,4,7.32,0.53,4,0.915607905,"0-10"
"R54","Effects of Spartina alterniflora invasion on soil organic carbon composition of mangrove wetland in Zhangjiang River Estuary","23.90-23.93","117.40-117.50","field","estuary","Mangrove","n/a","n/a","S.alterniflora","Poaceae","perennial","invasive",21.2,1714.5,"POC","F3","POC","g/kg","0-15",14.8550185873605,1.54,3,7.09293680297397,0.47,3,-0.739987699,"0-15"
"R54","Effects of Spartina alterniflora invasion on soil organic carbon composition of mangrove wetland in Zhangjiang River Estuary","23.90-23.93","117.40-117.50","field","estuary","Mangrove","n/a","n/a","S.alterniflora","Poaceae","perennial","invasive",21.2,1714.5,"POC","F3","POC","g/kg","15-30",7.29368029739776,1.41,3,1.27137546468401,0.2,3,-1.747486646,"15-30"
"R54","Effects of Spartina alterniflora invasion on soil organic carbon composition of mangrove wetland in Zhangjiang River Estuary","23.90-23.93","117.40-117.50","field","estuary","Mangrove","n/a","n/a","S.alterniflora","Poaceae","perennial","invasive",21.2,1714.5,"POC","F3","POC","g/kg","30-50",5.15241635687732,0.8,3,1.33828996282527,0.13,3,-1.346327101,"30-50"
"R54","Effects of Spartina alterniflora invasion on soil organic carbon composition of mangrove wetland in Zhangjiang River Estuary","23.90-23.93","117.40-117.50","field","estuary","Mangrove","n/a","n/a","S.alterniflora","Poaceae","perennial","invasive",21.2,1714.5,"POC","F3","POC","g/kg","50-75",4.61710037174721,0.74,3,1.20446096654274,0.27,3,-1.348073148,"50-75"
"R54","Effects of Spartina alterniflora invasion on soil organic carbon composition of mangrove wetland in Zhangjiang River Estuary","23.90-23.93","117.40-117.50","field","estuary","Mangrove","n/a","n/a","S.alterniflora","Poaceae","perennial","invasive",21.2,1714.5,"POC","F3","POC","g/kg","75-100",2.20817843866171,0.4,3,0.535315985130108,0.27,3,-1.409178655,"75-100"
"R9","Crop-weed competition changes the decomposition of soil organic matter fractions in the rhizosphere","-5.9945700000000004","-37.942100000000003","greenhouse","n/a","ZeamaysL.","Poaceae","annual","BidenspilosaL.","compositae","annual","invasive",NA,NA,"MAOC","F2","MAOC","mg C g soil-1","n/a",7.06395348837209,0.2326,5,5.93023255813953,0.1744,5,-0.174420838,"n/a"
"R9","Crop-weed competition changes the decomposition of soil organic matter fractions in the rhizosphere","-5.9945700000000004","-37.942100000000003","greenhouse","n/a","AmaranthusviridisL.","Amaranthaceae","annual","BidenspilosaL.","compositae","annual","invasive",NA,NA,"MAOC","F2","MAOC","mg C g soil-2","n/a",6.86046511627906,0.2616,5,5.93023255813953,0.1744,5,-0.145683229,"n/a"
"R9","Crop-weed competition changes the decomposition of soil organic matter fractions in the rhizosphere","-5.9945700000000004","-37.942100000000003","greenhouse","n/a","I.grandifolia","BignoniaceaeJuss.","annual","BidenspilosaL.","compositae","annual","invasive",NA,NA,"MAOC","F2","MAOC","mg C g soil-3","n/a",6.71511627906976,0.1163,5,5.93023255813953,0.1744,5,-0.125063942,"n/a"
"R17","Frequent Fire Reduces the Magnitude of Positive Interactions Between an Invasive Grass and Soil Microbes in Temperate Forests","37.32","88.45","field","forest","Ulmusspecies,Acerspecies,Fraxinusspecies,Juglansnigra,Quercusspecies,Caryaspecies,andPlatanusocci-dentalis","hardwood","n/a","Microstegium","Poaceae","n/a","invasive",NA,12800,"MAOC","T2","MAOC","g C m-2","0-5",995,88,40,1134,60,40,0.130763747,"0-5"
"R17","Frequent Fire Reduces the Magnitude of Positive Interactions Between an Invasive Grass and Soil Microbes in Temperate Forests","37.32","88.45","field","forest","Ulmusspecies,Acerspecies,Fraxinusspecies,Juglansnigra,Quercusspecies,Caryaspecies,andPlatanusocci-dentalis","hardwood","n/a","Microstegium","Poaceae","n/a","invasive",NA,12800,"MAOC","T2","MAOC","g C m-2","5-10",763,68,40,750,40,40,-0.017184825,"5-10"
"R17","Frequent Fire Reduces the Magnitude of Positive Interactions Between an Invasive Grass and Soil Microbes in Temperate Forests","37.32","88.45","field","forest","Ulmusspecies,Acerspecies,Fraxinusspecies,Juglansnigra,Quercusspecies,Caryaspecies,andPlatanusocci-dentalis","hardwood","n/a","Microstegium","Poaceae","n/a","invasive",NA,12800,"MAOC","T2","MAOC","g C m-2","10-15",517,46,40,522,28,40,0.009624713,"10-15"
"R18","Grass Invasions Across a Regional Gradient are Associated with Declines in Belowground Carbon Pools","33.53-35.03","83.21-83.29","field","forest","n/a","n/a","n/a","M.vimineum","herbaceous","annual","invasive",17,12200,"MAOC","F1","MINC","g cm-2","n/a",552,80,36,1168,448,36,0.749500117,"n/a"
"R24","Loss of faster-cycling soil carbon pools following grass invasion across multiple forest sites","33.20-33.89","83.37-83.60","field","forest","Quercussp.","Fagaceae","n/a","M.vimineum","Poaceae","annual","invasive",NA,NA,"MAOC","F1","MAOC","g C m-2","0-10",182.407407407407,22.2222,8,191.666666666666,14.8148,8,0.049518243,"0-10"
"R24","Loss of faster-cycling soil carbon pools following grass invasion across multiple forest sites","33.20-33.89","83.37-83.60","field","forest","CaryacathayensisSarg.","JuglandaceaeDC.exPerleb","n/a","M.vimineum","Poaceae","annual","invasive",NA,NA,"MAOC","F1","MAOC","g C m-2","0-10",184.259259259259,16.6667,8,184.259259259259,8.3333,8,0,"0-10"
"R50","Grass invasion of a hardwood forest is associated with declines in belowground carbon pools","33.5327","83.2193","field","forest","Acerrubrum,Quercusnigra,Platanusoccidentalis,andLiquidambarstyraciflua","n/a","n/a","M.vimineum","Poaceae","annual","invasive",NA,NA,"MAOC","T2","MAOC","mg g-1 dry wt soil-1","0-10",13.75,5.90327028010746,6,11.25,5.97675497239095,6,-0.200670695,"0-10"
"R4","Assessing the effects of short-term Spartina alterniflora invasion on labile andrecalcitrant C and N pools by means of soil fractiotion and stable C and N isotopes","31.3-31.17","121.46-122.15","field","wetland","S.mariqueter","Cyperaceae","perennial","S.alterniflora","Poaceae","perennial","invasive",15.7,1145,"ROC","F1","LC","mg/g","0-5",0.962461132245904,0.13732,6,2.19745222929936,0.222929936,6,0.829279355,"0-5"
"R4","Assessing the effects of short-term Spartina alterniflora invasion on labile andrecalcitrant C and N pools by means of soil fractiotion and stable C and N isotopes","31.3-31.17","121.46-122.15","field","wetland","S.mariqueter","Cyperaceae","perennial","S.alterniflora","Poaceae","perennial","invasive",15.7,1145,"ROC","F1","LC","mg/g","5-20",1.15270901731895,0.092487,6,2.21337579617834,0.23089172,6,0.653230573,"5-20"
"R4","Assessing the effects of short-term Spartina alterniflora invasion on labile andrecalcitrant C and N pools by means of soil fractiotion and stable C and N isotopes","31.3-31.17","121.46-122.15","field","wetland","S.mariqueter","Cyperaceae","perennial","S.alterniflora","Poaceae","perennial","invasive",15.7,1145,"ROC","F1","LC","mg/g","20-40",1.7534003856376,0.099285,6,2.25318471337579,0.191082803,6,0.251314428,"20-40"
"R4","Assessing the effects of short-term Spartina alterniflora invasion on labile andrecalcitrant C and N pools by means of soil fractiotion and stable C and N isotopes","31.3-31.17","121.46-122.15","field","wetland","S.mariqueter","Cyperaceae","perennial","S.alterniflora","Poaceae","perennial","invasive",15.7,1145,"ROC","F1","LC","mg/g","40-60",1.23423141730505,0.119852,6,1.82324840764331,0.127388535,6,0.391822332,"40-60"
"R4","Assessing the effects of short-term Spartina alterniflora invasion on labile andrecalcitrant C and N pools by means of soil fractiotion and stable C and N isotopes","31.3-31.17","121.46-122.15","field","wetland","S.mariqueter","Cyperaceae","perennial","S.alterniflora","Poaceae","perennial","invasive",15.7,1145,"ROC","F1","LC","mg/g","60-80",1.1645560824778,0.004581,6,1.61624203821656,0.119426752,6,0.334006144,"60-80"
"R4","Assessing the effects of short-term Spartina alterniflora invasion on labile andrecalcitrant C and N pools by means of soil fractiotion and stable C and N isotopes","31.3-31.17","121.46-122.15","field","wetland","S.mariqueter","Cyperaceae","perennial","S.alterniflora","Poaceae","perennial","invasive",15.7,1145,"ROC","F1","LC","mg/g","80-100",1.2131950596696,0.149823,6,1.25,0.103503185,6,0.032523192,"80-100"
"R4","Assessing the effects of short-term Spartina alterniflora invasion on labile andrecalcitrant C and N pools by means of soil fractiotion and stable C and N isotopes","31.3-31.17","121.46-122.15","field","wetland","S.mariqueter","Cyperaceae","perennial","S.alterniflora","Poaceae","perennial","invasive",15.7,1145,"ROC","F1","RC","mg/g","0-5",2.18488022651866,0.13238,6,2.39361702127659,0.25075,6,0.091968489,"0-5"
"R4","Assessing the effects of short-term Spartina alterniflora invasion on labile andrecalcitrant C and N pools by means of soil fractiotion and stable C and N isotopes","31.3-31.17","121.46-122.15","field","wetland","S.mariqueter","Cyperaceae","perennial","S.alterniflora","Poaceae","perennial","invasive",15.7,1145,"ROC","F1","RC","mg/g","5-20",2.21739885698403,0.120832,6,3.53343465045592,0.31155,6,0.463790675,"5-20"
"R4","Assessing the effects of short-term Spartina alterniflora invasion on labile andrecalcitrant C and N pools by means of soil fractiotion and stable C and N isotopes","31.3-31.17","121.46-122.15","field","wetland","S.mariqueter","Cyperaceae","perennial","S.alterniflora","Poaceae","perennial","invasive",15.7,1145,"ROC","F1","RC","mg/g","20-40",2.24237844598467,0.149923,6,3.70060790273556,0.30395,6,0.501856954,"20-40"
"R4","Assessing the effects of short-term Spartina alterniflora invasion on labile andrecalcitrant C and N pools by means of soil fractiotion and stable C and N isotopes","31.3-31.17","121.46-122.15","field","wetland","S.mariqueter","Cyperaceae","perennial","S.alterniflora","Poaceae","perennial","invasive",15.7,1145,"ROC","F1","RC","mg/g","40-60",1.82571612208383,0.148201,6,3.35866261398176,0.28875,6,0.607625007,"40-60"
"R4","Assessing the effects of short-term Spartina alterniflora invasion on labile andrecalcitrant C and N pools by means of soil fractiotion and stable C and N isotopes","31.3-31.17","121.46-122.15","field","wetland","S.mariqueter","Cyperaceae","perennial","S.alterniflora","Poaceae","perennial","invasive",15.7,1145,"ROC","F1","RC","mg/g","60-80",1.63774384630083,0.130021,6,3.01671732522796,0.28115,6,0.61056059,"60-80"
"R4","Assessing the effects of short-term Spartina alterniflora invasion on labile andrecalcitrant C and N pools by means of soil fractiotion and stable C and N isotopes","31.3-31.17","121.46-122.15","field","wetland","S.mariqueter","Cyperaceae","perennial","S.alterniflora","Poaceae","perennial","invasive",15.7,1145,"ROC","F1","RC","mg/g","80-100",1.26840029878228,0.150939,6,2.46960486322188,0.27355,6,0.66520125,"80-100"
"R8","Changes in Soil Organic Carbon Dymics in a tive C4 Plant-Domited Tidal Marsh Following Sparti alterniflora Invasion","26.0036–26.0342","119.3412–119.4040","field","n/a","C.malaccensis","Cyperaceae","annual","S.alterniflora","Poaceae","perennial","invasive",19.6,1350,"ROC","F3","EOC","g/kg","0-10",5.53005464480874,0.3497,3,7.30054644808743,0.0874,3,0.277686533,"0-10"
"R8","Changes in Soil Organic Carbon Dymics in a tive C4 Plant-Domited Tidal Marsh Following Sparti alterniflora Invasion","26.0036–26.0342","119.3412–119.4040","field","n/a","C.malaccensis","Cyperaceae","annual","S.alterniflora","Poaceae","perennial","invasive",19.6,1350,"ROC","F3","EOC","g/kg","10-20",4.32786885245901,0.5027,3,5.07103825136612,0.0656,3,0.157773276,"10-20"
"R8","Changes in Soil Organic Carbon Dymics in a tive C4 Plant-Domited Tidal Marsh Following Sparti alterniflora Invasion","26.0036–26.0342","119.3412–119.4040","field","n/a","C.malaccensis","Cyperaceae","annual","S.alterniflora","Poaceae","perennial","invasive",19.6,1350,"ROC","F3","EOC","g/kg","20-30",4.98360655737704,0.6339,3,4.39344262295082,0.8306,3,-0.126100664,"20-30"
"R8","Changes in Soil Organic Carbon Dymics in a tive C4 Plant-Domited Tidal Marsh Following Sparti alterniflora Invasion","26.0036–26.0342","119.3412–119.4040","field","n/a","C.malaccensis","Cyperaceae","annual","S.alterniflora","Poaceae","perennial","invasive",19.6,1350,"ROC","F3","EOC","g/kg","30-40",5.09289617486338,0.2842,3,5.00546448087431,0.0874,3,-0.015841915,"30-40"
"R8","Changes in Soil Organic Carbon Dymics in a tive C4 Plant-Domited Tidal Marsh Following Sparti alterniflora Invasion","26.0036–26.0342","119.3412–119.4040","field","n/a","C.malaccensis","Cyperaceae","annual","S.alterniflora","Poaceae","perennial","invasive",19.6,1350,"ROC","F3","EOC","g/kg","40-50",4.43715846994535,0.5246,3,4.61202185792349,0.1749,3,0.037573481,"40-50"
"R21","Invasion effects of Chromolaena odorata on soil carbon and nitrogen fractions in a tropical savanna","108.470–108.490","19.050–19.170","field","grassland","Hyptissuavedens,Eragrostiszylindrica,Tridaxprocumbens","Grass","n/a","Chromolaeodorata L.","AsteraceaeBercht.&J.Presl","perennial","invasive",24.6,1019,"ROC","F3","EOC","mg/g","0-10",6.03314917127071,0.7293,NA,5.92265193370165,0.7293,NA,-0.018410562,"0-10"
"R21","Invasion effects of Chromolae odorata on soil carbon and nitrogen fractions in a tropical savan","108.470–108.490","19.050–19.170","field","grassland","Hyptissuavedens,Eragrostiszylindrica,Tridaxprocumbens","Grass","n/a","Chromolaeodorata L.","AsteraceaeBercht.&J.Presl","perennial","invasive",24.6,1019,"ROC","F3","EOC","mg/g","10-20",8.13259668508287,0.8177,NA,5.92265193370165,0.7293,NA,-0.317224475,"10-20"
"R21","Invasion effects of Chromolae odorata on soil carbon and nitrogen fractions in a tropical savan","108.470–108.490","19.050–19.170","field","forest","Crotonlaui,Microcospaniculata,Dimocarpuslongga","Forest","n/a","Chromolaeodorata L.","AsteraceaeBercht.&J.Presl","perennial","invasive",24.6,1019,"ROC","F3","EOC","mg/g","0-10",2.38674033149171,0.221,NA,3.04972375690607,0.3315,NA,0.243848225,"0-10"
"R21","Invasion effects of Chromolae odorata on soil carbon and nitrogen fractions in a tropical savan","108.470–108.490","19.050–19.170","field","forest","Crotonlaui,Microcospaniculata,Dimocarpuslongga","Forest","n/a","Chromolaeodorata L.","AsteraceaeBercht.&J.Presl","perennial","invasive",24.6,1019,"ROC","F3","EOC","mg/g","10-20",3.27071823204419,0.4862,NA,3.04972375690607,0.3315,NA,-0.069648394,"10-20"
"R23","Invasion of Praxelis clematidea increases the chemically non-labile rather than labile soil organic carbon in a tropical savanna","19.05-19.17","108.47 - 108.49","field","n/a","Hyptissuavedens,Eragrostiszylindrica,Tridaxprocumbens,Borreriaarticularis,andFimbristylisfusca,aswellasseveralshrubs,suchasSidaalnifoliaandWaltheriaamerica.","n/a","n/a","Praxelisclematidea","AsteraceaeBercht.&J.Presl","annual","invasive",24.6,1019,"ROC","F2","ROC","g/kg","0-10",2.34883720930232,0.2791,NA,3.76744186046511,0.3256,NA,0.472659673,"0-10"
"R23","Invasion of Praxelis clematidea increases the chemically non-labile rather than labile soil organic carbon in a tropical savan","19.05-19.17","108.47 - 108.49","field","forest","Hyptissuavedens,Eragrostiszylindrica,Tridaxprocumbens,Borreriaarticularis,andFimbristylisfusca,aswellasseveralshrubs,suchasSidaalnifoliaandWaltheriaamerica.","n/a","n/a","Praxelisclematidea","AsteraceaeBercht.&J.Presl","annual","invasive",24.6,1019,"ROC","F2","ROC","g/kg","10-20",1.7906976744186,0.1628,NA,1.46511627906976,0.3488,NA,-0.196953219,"10-20"
"R28","Response of the soil microbial community composition and biomass to a short-term Spartina alterniflora invasion in a coastal wetland of eastern China","32.3651-34.2832","119.5125-121.547","field","n/a","Suaedasalsa","Amaranthaceae","annual","S.alterniflora","Poaceae","perennial","invasive",13.8,1000,"ROC","T2","RC","g/kg","0-30",3.1,0.11,9,6.95,0.72,9,0.807339548,"0-30"
"R28","Response of the soil microbial community composition and biomass to a short-term Spartina alterniflora invasion in a coastal wetland of eastern China","32.3651-34.2832","119.5125-121.547","field","n/a","Phragmitesaustralis","Poaceae","perennial","S.alterniflora","Poaceae","perennial","invasive",13.8,1000,"ROC","T2","RC","g/kg","0-30",2.29,0.1,9,6.95,0.72,9,1.15189842,"0-30"
"R28","Response of the soil microbial community composition and biomass to a short-term Spartina alterniflora invasion in a coastal wetland of eastern China","32.3651-34.2832","119.5125-121.547","field","n/a","Suaedasalsa","Amaranthaceae","annual","S.alterniflora","Poaceae","perennial","invasive",13.8,1000,"ROC","T2","LC","g/kg","0-30",0.53,0.15,9,1.57,0.19,9,1.085953892,"0-30"
"R28","Response of the soil microbial community composition and biomass to a short-term Spartina alterniflora invasion in a coastal wetland of eastern China","32.3651-34.2832","119.5125-121.547","field","n/a","Phragmitesaustralis","Poaceae","perennial","S.alterniflora","Poaceae","perennial","invasive",13.8,1000,"ROC","T2","LC","g/kg","0-30",0.63,0.08,9,1.57,0.19,9,0.91311579,"0-30"
"R40","Effect of the invasion by Soildago canadensis on soil properties in Hangzhou bay wetland and reclamation district","121.0958","30.1929","field","wetland","Phaceluruslatifolius (Steud.)Ohwi","Poaceae","perennial","SolidagocadensisL.","AsteraceaeBercht.&J.Presl","perennial","invasive",16,1273,"ROC","F2","ROC","g/kg","0-10",2.60176991150442,0.17,5,1.5929203539823,0.17,5,-0.491777429,"0-10"
"R40","Effect of the invasion by Soildago cadensis on soil properties in Hangzhou bay wetland and reclamation district","121.0958","30.1929","field","wetland","Imperatacylindrica (L.)P.Beauv.","Poaceae","perennial","SolidagocadensisL.","AsteraceaeBercht.&J.Presl","perennial","invasive",16,1273,"ROC","F2","ROC","g/kg","0-10",2.45132743362831,0.18,5,1.5929203539823,0.17,5,-0.432354008,"0-10"
"R40","Effect of the invasion by Soildago cadensis on soil properties in Hangzhou bay wetland and reclamation district","121.0958","30.1929","field","wetland","Phragmitesaustralis","Poaceae","perennial","SolidagocadensisL.","AsteraceaeBercht.&J.Presl","perennial","invasive",16,1273,"ROC","F2","ROC","g/kg","0-10",3.39823008849557,0.14,5,1.5929203539823,0.17,5,-0.760041415,"0-10"
"R40","Effect of the invasion by Soildago cadensis on soil properties in Hangzhou bay wetland and reclamation district","121.0958","30.1929","field","wetland","Phaceluruslatifolius (Steud.)Ohwi","Poaceae","perennial","SolidagocadensisL.","AsteraceaeBercht.&J.Presl","perennial","invasive",16,1273,"ROC","F2","ROC","g/kg","10-20",1.9646017699115,0.31,5,1.19469026548672,0.19,5,-0.498991166,"10-20"
"R40","Effect of the invasion by Soildago cadensis on soil properties in Hangzhou bay wetland and reclamation district","121.0958","30.1929","field","wetland","Imperatacylindrica (L.)P.Beauv.","Poaceae","perennial","SolidagocadensisL.","AsteraceaeBercht.&J.Presl","perennial","invasive",16,1273,"ROC","F2","ROC","g/kg","10-20",2.1858407079646,0.2,5,1.19469026548672,0.19,5,-0.609948237,"10-20"
"R40","Effect of the invasion by Soildago cadensis on soil properties in Hangzhou bay wetland and reclamation district","121.0958","30.1929","field","wetland","Phragmitesaustralis","Poaceae","perennial","SolidagocadensisL.","AsteraceaeBercht.&J.Presl","perennial","invasive",16,1273,"ROC","F2","ROC","g/kg","10-20",3.20353982300884,0.18,5,1.19469026548672,0.19,5,-0.989197503,"10-20"
"R55","Invasion Effects of Solidago canadensis on Soil Nutrients and Active Organic Carbon Components in Reclamation District of Hangzhou Bay Wetland","30.1929","121.0958","field","wetland","Phaceluruslatifolius (Steud.)Ohwi","Poaceae","perennial","SolidagocadensisL.","AsteraceaeBercht.&J.Presl","perennial","invasive",16,1273,"ROC","F4","ROC","g/kg","0-10",2.62988505747126,0.17,5,1.6183908045977,0.22,5,-0.484557697,"0-10"
"R55","Invasion Effects of Solidago canadensis on Soil Nutrients and Active Organic Carbon Components in Reclamation District of Hangzhou Bay Wetland","30.1929","121.0958","field","wetland","Imperatacylindrica (L.)P.Beauv.","Poaceae","perennial","SolidagocadensisL.","AsteraceaeBercht.&J.Presl","perennial","invasive",16,1273,"ROC","F4","ROC","g/kg","0-10",2.49,0.2,5,1.6183908045977,0.22,5,-0.429856561,"0-10"
"R55","Invasion Effects of Solidago canadensis on Soil Nutrients and Active Organic Carbon Components in Reclamation District of Hangzhou Bay Wetland","30.1929","121.0958","field","wetland","P.australis","Poaceae","perennial","SolidagocadensisL.","AsteraceaeBercht.&J.Presl","perennial","invasive",16,1273,"ROC","F4","ROC","g/kg","0-10",3.42,0.15,5,1.6183908045977,0.22,5,-0.747214402,"0-10"
"R55","Invasion Effects of Solidago canadensis on Soil Nutrients and Active Organic Carbon Components in Reclamation District of Hangzhou Bay Wetland","30.1929","121.0958","field","wetland","Phaceluruslatifolius (Steud.)Ohwi","Poaceae","perennial","SolidagocadensisL.","AsteraceaeBercht.&J.Presl","perennial","invasive",16,1273,"ROC","F4","ROC","g/kg","10-20",2.04,0.23,5,1.28,0.15,5,-0.46608973,"10-20"
"R55","Invasion Effects of Solidago canadensis on Soil Nutrients and Active Organic Carbon Components in Reclamation District of Hangzhou Bay Wetland","30.1929","121.0958","field","wetland","Imperatacylindrica (L.)P.Beauv.","Poaceae","perennial","SolidagocadensisL.","AsteraceaeBercht.&J.Presl","perennial","invasive",16,1273,"ROC","F4","ROC","g/kg","10-20",2.23,0.17,5,1.28,0.15,5,-0.555141508,"10-20"
"R55","Invasion Effects of Solidago canadensis on Soil Nutrients and Active Organic Carbon Components in Reclamation District of Hangzhou Bay Wetland","30.1929","121.0958","field","wetland","P.australis","Poaceae","perennial","SolidagocadensisL.","AsteraceaeBercht.&J.Presl","perennial","invasive",16,1273,"ROC","F4","ROC","g/kg","10-20",3.29,0.14,5,1.28,0.15,5,-0.944027487,"10-20"
"R61","The effects of Spartina alterniflora seaward invasion on soil organic carbon fractions, sources and distribution","33.35-33.38","120.30-120.40","field","beach","n/a","n/a","n/a","S.alterniflora","Poaceae","perennial","invasive",NA,NA,"ROC","T2","LC","mg/g","0-20",0.38,0.08,3,3,0.11,3,2.066196315,"0-20"
"R31","Seawall construction alters soil carbon and nitrogen dynamics and soil microbial biomass in an invasive Spartina alterniflora salt marsh in eastern China","32.59-33.03","120.47-120.53","field","n/a","Suaedasalsa","n/a","annual","S.alterniflora","Poaceae","perennial","invasive",14.1,1000,"WSOC","F3","WSOC","mg/g","0-10",189.461883408071,19.6188,NA,120.5157,17.3767,NA,-0.452362206,"0-10"
"R31","Seawall construction alters soil carbon and nitrogen dymics and soil microbial biomass in an invasive Spartina alterniflora salt marsh in eastern China","32.59-33.03","120.47-120.53","field","n/a","Suaedasalsa","n/a","annual","S.alterniflora","Poaceae","perennial","invasive",14.1,1000,"WSOC","F3","WSOC","mg/g","10-20",172.085201793721,11.2108,NA,122.757847533632,4.4843,NA,-0.337786366,"10-20"
"R31","Seawall construction alters soil carbon and nitrogen dymics and soil microbial biomass in an invasive Spartina alterniflora salt marsh in eastern China","32.59-33.03","120.47-120.53","field","n/a","Suaedasalsa","n/a","annual","S.alterniflora","Poaceae","perennial","invasive",14.1,1000,"WSOC","F3","WSOC","mg/g","20-30",168.72197309417,5.04484,NA,119.955156950672,8.4081,NA,-0.341082182,"20-30"
"R32","Species choice inmangrove reforestationmay influence the quantity and quality of long-term carbon sequestration and storage","23.45","116.43","field","Mangroveplantations,sandybeaches&mudflats","Kandeliaobovata Sheue&al.","Rhizophoraceae Pers.","n/a","Sonneratiaapetala Buch.-Ham.","Lythraceae","n/a","invasive",NA,NA,"WSOC","T1","WSOC","mg/kg","0-20",434.64,1.13,NA,23.85,0.71,NA,-2.902733885,"0-20"
"R32","Species choice inmangrove reforestationmay influence the quantity and quality of long-term carbon sequestration and storage","23.45","116.43","field","Mangroveplantations,sandybeaches&mudflats","Kandeliaobovata Sheue&al.","Rhizophoraceae Pers.","n/a","Sonneratiaapetala Buch.-Ham.","Lythraceae","n/a","invasive",NA,NA,"WSOC","T1","WSOC","mg/kg","20-40",35.82,6.81,NA,38.12,2.95,NA,0.062232682,"20-40"
"R32","Species choice inmangrove reforestationmay influence the quantity and quality of long-term carbon sequestration and storage","23.45","116.43","field","Mangroveplantations,sandybeaches&mudflats","Kandeliaobovata Sheue&al.","Rhizophoraceae Pers.","n/a","Sonneratiaapetala Buch.-Ham.","Lythraceae","n/a","invasive",NA,NA,"WSOC","T1","WSOC","mg/kg","40-60",35.82,4.75,NA,20.38,0.93,NA,-0.563952369,"40-60"
"R32","Species choice inmangrove reforestationmay influence the quantity and quality of long-term carbon sequestration and storage","23.45","116.43","field","Mangroveplantations,sandybeaches&mudflats","Kandeliaobovata Sheue&al.","Rhizophoraceae Pers.","n/a","Sonneratiaapetala Buch.-Ham.","Lythraceae","n/a","invasive",NA,NA,"WSOC","T1","WSOC","mg/kg","60-80",35.11,2.99,NA,37.01,2.89,NA,0.052702156,"60-80"
"R32","Species choice inmangrove reforestationmay influence the quantity and quality of long-term carbon sequestration and storage","23.45","116.43","field","Mangroveplantations,sandybeaches&mudflats","Kandeliaobovata Sheue&al.","Rhizophoraceae Pers.","n/a","Sonneratiaapetala Buch.-Ham.","Lythraceae","n/a","invasive",NA,NA,"WSOC","T1","WSOC","mg/kg","80-100",23.78,3.91,NA,37.93,0.68,NA,0.466897464,"80-100"
"R35","Total and available soil carbon fractions under the perennial grass Cynodon dactylon (L.) Pers and the bioenergy crop Arundo dox L.","28.9587","100.645","field","n/a","Arundodox L.","Poaceae","perennial","Cynodondactylon (L.)Persoon","Poaceae","perennial","invasive",21.5,546,"WSOC","T2","WSOC","g/kg","0-10",0.76,0.223606797749979,NA,1.36,0.244948974278318,NA,0.581921545,"0-10"
"R35","Total and available soil carbon fractions under the perennial grass Cynodon dactylon (L.) Pers and the bioenergy crop Arundo dox L.","28.9587","100.645","field","n/a","Arundodox L.","Poaceae","perennial","Cynodondactylon (L.)Persoon","Poaceae","perennial","invasive",21.5,546,"WSOC","T2","WSOC","g/kg","10-20",0.44,0.14142135623731,NA,0.67,0.173205080756888,NA,0.420502985,"10-20"
"R35","Total and available soil carbon fractions under the perennial grass Cynodon dactylon (L.) Pers and the bioenergy crop Arundo dox L.","28.9587","100.645","field","n/a","Arundodox L.","Poaceae","perennial","Cynodondactylon (L.)Persoon","Poaceae","perennial","invasive",21.5,546,"WSOC","T2","WSOC","g/kg","20-30",0.36,0.14142135623731,NA,0.48,0.14142135623731,NA,0.287682072,"20-30"
"R35","Total and available soil carbon fractions under the perennial grass Cynodon dactylon (L.) Pers and the bioenergy crop Arundo dox L.","28.9587","100.645","field","n/a","Arundodox L.","Poaceae","perennial","Cynodondactylon (L.)Persoon","Poaceae","perennial","invasive",21.5,546,"WSOC","T2","WSOC","g/kg","30-40",0.3,0.14142135623731,NA,0.421,0.14142135623731,NA,0.336472237,"30-40"
"R36","Effects of Spartina Alterniflora Invasion on Soil Physical and Chemical Properties in Wetlands of the Yangtze River","31.25-31.28","121.50-122.05","field","SiltIsland","P.australis","Poaceae","perennial","S.alterniflora","Poaceae","perennial","invasive",15.3,1022,"WSOC","T2","WSOC","g/kg","40-50",0.31,0.173205080756888,NA,0.4,0.14142135623731,NA,0.25489225,"40-50"
"R40","Effect of the invasion by Soildago canadensis on soil properties in Hangzhou bay wetland and reclamation district","121.0958","30.1929","field","wetland","Phaceluruslatifolius (Steud.)Ohwi","Poaceae","perennial","SolidagocadensisL.","AsteraceaeBercht.&J.Presl","perennial","invasive",16,1273,"WSOC","F2","WSOC","g/kg","0-10",0.329809725158562,0.06,5,0.247357293868921,0.02,5,-0.277631737,"0-10"
"R40","Effect of the invasion by Soildago cadensis on soil properties in Hangzhou bay wetland and reclamation district","121.0958","30.1929","field","wetland","Imperatacylindrica (L.)P.Beauv.","Poaceae","perennial","SolidagocadensisL.","AsteraceaeBercht.&J.Presl","perennial","invasive",16,1273,"WSOC","F2","WSOC","g/kg","0-10",0.417547568710359,0.05,5,0.247357293868921,0.02,5,-0.518793793,"0-10"
"R40","Effect of the invasion by Soildago cadensis on soil properties in Hangzhou bay wetland and reclamation district","121.0958","30.1929","field","wetland","Phragmitesaustralis","Poaceae","perennial","SolidagocadensisL.","AsteraceaeBercht.&J.Presl","perennial","invasive",16,1273,"WSOC","F2","WSOC","g/kg","0-10",0.253699788583509,0.04,5,0.247357293868921,0.02,5,0,"0-10"
"R40","Effect of the invasion by Soildago cadensis on soil properties in Hangzhou bay wetland and reclamation district","121.0958","30.1929","field","wetland","Phaceluruslatifolius (Steud.)Ohwi","Poaceae","perennial","SolidagocadensisL.","AsteraceaeBercht.&J.Presl","perennial","invasive",16,1273,"WSOC","F2","WSOC","g/kg","10-20",0.321353065539112,0.03,5,0.190274841437632,0.03,5,-0.521296924,"10-20"
"R40","Effect of the invasion by Soildago cadensis on soil properties in Hangzhou bay wetland and reclamation district","121.0958","30.1929","field","wetland","Imperatacylindrica (L.)P.Beauv.","Poaceae","perennial","SolidagocadensisL.","AsteraceaeBercht.&J.Presl","perennial","invasive",16,1273,"WSOC","F2","WSOC","g/kg","10-20",0.313953488372092,0.05,5,0.190274841437632,0.03,5,-0.489548225,"10-20"
"R40","Effect of the invasion by Soildago cadensis on soil properties in Hangzhou bay wetland and reclamation district","121.0958","30.1929","field","wetland","Phragmitesaustralis","Poaceae","perennial","SolidagocadensisL.","AsteraceaeBercht.&J.Presl","perennial","invasive",16,1273,"WSOC","F2","WSOC","g/kg","10-20",0.271670190274841,0.08,5,0.190274841437632,0.03,5,-0.351397887,"10-20"
"R41","Effects of moso bamboo invasion on soil active organic carbon and nitrogen in a evergreen broad-leaved forest in subtropical China","33.41","120.00","field","forest","Quercusglauca","Fagaceae","n/a","Phyllostachysedulis","Poaceae","annual","invasive",NA,NA,"WSOC","F2","WSOC","mg/kg","0-20",241.825095057034,29.66,9,173.38403041825,18.25,9,-0.332749283,"0-20"
"R41","Effects of moso bamboo invasion on soil active organic carbon and nitrogen in a evergreen broad-leaved forest in subtropical China","33.41","120.00","field","forest","Quercusglauca","Fagaceae","n/a","Phyllostachysedulis","Poaceae","annual","invasive",NA,NA,"WSOC","F2","WSOC","mg/kg","0-20",191.634980988593,15.97,9,132.31939163498,9.13,9,-0.370343198,"0-20"
"R41","Effects of moso bamboo invasion on soil active organic carbon and nitrogen in a evergreen broad-leaved forest in subtropical China","33.41","120.00","field","forest","Quercusglauca","Fagaceae","n/a","Phyllostachysedulis","Poaceae","annual","invasive",NA,NA,"WSOC","F2","WSOC","mg/kg","0-20",474.524714828897,29.66,9,303.422053231939,2.28,9,-0.447185782,"0-20"
"R41","Effects of moso bamboo invasion on soil active organic carbon and nitrogen in a evergreen broad-leaved forest in subtropical China","33.41","120.00","field","forest","Quercusglauca","Fagaceae","n/a","Phyllostachysedulis","Poaceae","annual","invasive",NA,NA,"WSOC","F2","WSOC","mg/kg","0-20",196.197718631178,52.47,9,250.950570342205,20.53,9,0.246119169,"0-20"
