"study","title","latitude","longitude","methods","habitat","native_species","native_family","native_growth_cycle","invasive_species","invasive_family","invasive_growth_cycle","invasion_phase","MAT","MAP","fraction","source","index","units","depth","M_native","SD_native","N_native","M_invasive","SD_invasive","N_invasive","lnRR","depth_raw","depth_top","depth_bot","depth_mid","habitat_class","growth_cycle","sd_imputed","yi_raw","vi","yi","obs"
"R3","An aboveground–belowground assessment of ecosystem properties associated with exotic annual brome invasion","44.010041000000001","-107.57183999999999","field","n/a","B.tectorumL.","Poaceae","annual","BromusjaponicusThunb.","Poaceae","annual","invasive",NA,35,"TC","T1","TC","kg/ha","0-5",123.31,10.33,6,135.49,11.72,6,0.09419633,"0-5",0,5,2.5,NA,"annual",FALSE,0.0941963269759008,0.00241670771530753,0.0942350392579346,1
"R10","Effects of Canada Goldenrod Invasion on Soil Extracellular Enzyme Activities and Ecoenzymatic Stoichiometry","32.14","119.29","field","grassland","P.australis","Poaceae","perennial","P.australis","compositae","perennial","invasive",17.7,1272.1,"TC","T1","STC(soil total C)","mg C g−1 soil","0-15",10.82,0.52,4,13.17,1.09,4,0.19654524,"0-15",0,15,7.5,"grassland","perennial",FALSE,0.196545242336854,0.00228988448479766,0.197112764111235,2
"R11","Effects of invasive scotch broom on soil properties in a Pacific coastal prairie soil","39.2809","123.23390000000001","field","terrace","n/a","n/a","n/a","CytisusscopariusLink","Fabaceae","annual","invasive",NA,NA,"TC","T1","TC","g/kg","n/a",59.9,0.93,4,73.4,0.57,4,0.20324743,"n/a",NA,NA,NA,"grassland","annual",FALSE,0.203247430499066,7.53396081898442e-05,0.203224837093193,3
"R12","Effects of Invasive Spartina alterniﬂora Loisel. and Subsequent Ecological Replacement bySonneratia apetala Buch.-Ham. on Soil OrganicCarbon Fractions and Stock","22.26","113.38","field","n/a","KandeliaobovataSheue&al.","Rhizophoraceae Pers.","n/a","S.alterniflora","Poaceae","perennial","invasive",22.4,NA,"TC","F2","TC","g/kg","0-10",60.0343053173241,1.1418,3,15.9691252144082,1.981,3,-1.32413248,"0-10",0,10,5,NA,"perennial",FALSE,-1.32425897020044,0.00525019866661753,-1.32175444658144,4
"R12","Effects of Invasive Spartina alterniﬂora Loisel. and Subsequent Ecological Replacement bySonneratia apetala Buch.-Ham. on Soil OrganicCarbon Fractions and Stock","22.26","113.38","field","n/a","KandeliaobovataSheue&al.","Rhizophoraceae Pers.","n/a","S.alterniflora","Poaceae","perennial","invasive",22.4,NA,"TC","F2","TC","g/kg","10-20",63.5162950257289,1.7809,3,16.6895368782161,1.3403,3,-1.33654508,"10-20",10,20,15,NA,"perennial",FALSE,-1.33651449872761,0.002411832958638,-1.3355706342603,5
"R12","Effects of Invasive Spartina alterniﬂora Loisel. and Subsequent Ecological Replacement bySonneratia apetala Buch.-Ham. on Soil OrganicCarbon Fractions and Stock","22.26","113.38","field","n/a","KandeliaobovataSheue&al.","Rhizophoraceae Pers.","n/a","S.alterniflora","Poaceae","perennial","invasive",22.4,NA,"TC","F2","TC","g/kg","20-30",19.090909090909,1.4822,3,25.6946826758147,3.001,3,0.29693717,"20-30",20,30,25,NA,"perennial",FALSE,0.297071812801623,0.00655626620675507,0.298340671999936,6
"R12","Effects of Invasive Spartina alterniﬂora Loisel. and Subsequent Ecological Replacement bySonneratia apetala Buch.-Ham. on Soil OrganicCarbon Fractions and Stock","22.26","113.38","field","n/a","KandeliaobovataSheue&al.","Rhizophoraceae Pers.","n/a","S.alterniflora","Poaceae","perennial","invasive",22.4,NA,"TC","F2","TC","g/kg","30-50",20.7718696397941,2.0388,3,18.2504288164665,2.0718,3,-0.12934456,"30-50",30,50,40,NA,"perennial",FALSE,-0.129411073651502,0.00750691371674818,-0.128868886765387,7
"R13","Effects of moso bamboo encroachment into tive, broad-leaved forests on soil carbon and nitrogen pools","30.1830-30.2455","119.2347-119.2827","field","forest","forest","n/a","n/a","Phyllostachysedulis","Poaceae","annual","invasive",NA,NA,"TC","T2","TC","g/kg","0-60",50.98,8.60894750120655,5,52.31,8.64517258133921,5,0.02575416,"0-60",0,60,30,"forest","annual",TRUE,0.0257541584345505,0.0111660624143451,0.0256338340170255,8
"R13","Effects of moso bamboo encroachment into tive, broad-leaved forests on soil carbon and nitrogen pools","30.1830-30.2455","119.2347-119.2827","field","forest","forest","n/a","n/a","Phyllostachysedulis","Poaceae","annual","invasive",NA,NA,"TC","T2","TC","g/kg","0-60",40.37,6.81724618720496,5,54.18,8.95422386650656,5,0.2942249,"0-60",0,60,30,"forest","annual",TRUE,0.2942249017921,0.0111660624143451,0.294104577374575,9
"R24","Loss of faster-cycling soil carbon pools following grass invasion across multiple forest sites","33.20-33.89","83.37-83.60","field","forest","Quercussp.","Fagaceae","n/a","M.vimineum","Poaceae","annual","invasive",NA,NA,"TC","F1","TC","g C m-2","0-10",299.074074074074,19.4444,8,276.851851851851,12.037,8,-0.07720182,"0-10",0,10,5,"forest","annual",FALSE,-0.0772087498319731,0.00076466760441796,-0.077354790192272,10
"R24","Loss of faster-cycling soil carbon pools following grass invasion across multiple forest sites","33.20-33.89","83.37-83.60","field","forest","CaryacathayensisSarg.","JuglandaceaeDC.exPerleb","n/a","M.vimineum","Poaceae","annual","invasive",NA,NA,"TC","F1","TC","g C m-2","0-10",297.222222222222,17.5926,8,258.333333333333,17.5926,8,-0.14023477,"0-10",0,10,5,"forest","annual",FALSE,-0.140229341308651,0.00101764068260806,-0.140158453809614,11
"R33","The effect of plant invasion on soil microbial carbon-use efficiency in semiarid grasslands of the Rocky Mountain West","46.5145","114.0042","field","n/a","Pseudoroegneriaspicata(Pursh)ÁLöve","Poaceae","n/a","Bromustectorum L.","Poaceae","annual","invasive",NA,NA,"TC","T1","TC","g/kg","0-10",27.39,5.9,5,18.62,3.83,5,-0.38594171,"0-10",0,10,5,NA,"annual",FALSE,-0.385941711426066,0.0177419481478805,-0.386350779622838,12
"R33","The effect of plant invasion on soil microbial carbon-­use efficiency in semi-­arid grasslands of the Rocky Mountain West","46.4048","114.0140","field","n/a","Elymuselymoides(Raf.)Swezey","Poaceae","n/a","Euphorbiaesula L.","EuphorbiaceaeJuss.","perennial","invasive",7.7,350,"TC","T1","TC","g/kg","0-10",27.39,5.9,5,28.02,2.47,5,0.02274056,"0-10",0,10,5,NA,"perennial",FALSE,0.0227405576338742,0.0108341733313753,0.0188776020288493,13
"R33","The effect of plant invasion on soil microbial carbon-use efficiency in semiarid grasslands of the Rocky Mountain West","46.5145","114.0042","field","n/a","Koelariamacrantha(Ledeb.)Schult.","Poaceae","n/a","CentaureastoebeL.","AsteraceaeBercht.&J.Presl","annual","invasive",7.7,350,"TC","T1","TC","g/kg","0-10",35.08,4.73,5,43.53,11.61,5,0.21581919,"0-10",0,10,5,NA,"annual",FALSE,0.215819188060224,0.0178632007821174,0.221114711148255,14
"R33","The effect of plant invasion on soil microbial carbon-use efficiency in semiarid grasslands of the Rocky Mountain West","46.4048","114.0140","field","n/a","Boutelouagracilis(Willd.ExKunth)Lag.ExGriffiths","Poaceae","n/a","PotentillarectaLinn.","Rosaceae","perennial","invasive",7.7,350,"TC","T1","TC","g/kg","0-10",25.76,3.54,5,28.82,4.24,5,0.11224669,"0-10",0,10,5,NA,"perennial",FALSE,0.112246689335223,0.00810584316631596,0.11252262989913,15
"R34","The invasive plant Mikania micrantha affects the soil foodweb and plant-soil nutrient contents in orchards","22.35","114.29","field","orchard","Pistaciachinensis Bunge","AcardiaceaeR.Br.","n/a","Mikaniamicrantha KunthinHumb.&al.","AsteraceaeBercht.&J.Presl","perennial","invasive",NA,NA,"TC","T1","TC","g/kg","5-10",19.49,1.62,5,13.2,1.1,5,-0.38968468,"5-10",5,10,7.5,"forest","perennial",FALSE,-0.389684683927144,0.0027706607570056,-0.389681125416758,16
"R34","The invasive plant Mikania micrantha affects the soil foodweb and plant-soil nutrient contents in orchards","22.52","114.22","field","n/a","Pistaciachinensis Bunge","AcardiaceaeR.Br.","n/a","Mikaniamicrantha KunthinHumb.&al.","AsteraceaeBercht.&J.Presl","perennial","invasive",NA,NA,"TC","T1","TC","g/kg","5-10",26.59,5.52,5,17.33,1.33,5,-0.4280961,"5-10",5,10,7.5,NA,"perennial",FALSE,-0.428096101527414,0.00979726488497126,-0.431816758756725,17
"R34","The invasive plant Mikania micrantha affects the soil foodweb and plant-soil nutrient contents in orchards","23.26","113.28","field","n/a","Pistaciachinensis Bunge","AcardiaceaeR.Br.","n/a","Mikaniamicrantha KunthinHumb.&al.","AsteraceaeBercht.&J.Presl","perennial","invasive",NA,NA,"TC","T1","TC","g/kg","5-10",30.79,3.56,5,20.35,2.24,5,-0.41410905,"5-10",5,10,7.5,NA,"perennial",FALSE,-0.414109050047805,0.00509693163381914,-0.414234271534836,18
"R35","Total and available soil carbon fractions under the perennial grass Cynodon dactylon (L.) Pers and the bioenergy crop Arundo dox L.","28.9587","100.645","field","n/a","Arundodox L.","Poaceae","perennial","Cynodondactylon (L.)Persoon","Poaceae","perennial","invasive",21.5,546,"TC","T2","TC","g/kg","0-10",43.2,1.65,3,59.56,1.53,3,0.32114371,"0-10",0,10,5,NA,"perennial",FALSE,0.321143712565744,0.000706236176221107,0.321010558791714,19
"R35","Total and available soil carbon fractions under the perennial grass Cynodon dactylon (L.) Pers and the bioenergy crop Arundo dox L.","28.9587","100.645","field","n/a","Arundodox L.","Poaceae","perennial","Cynodondactylon (L.)Persoon","Poaceae","perennial","invasive",21.5,546,"TC","T2","TC","g/kg","10-20",36.94,1.77,3,40.8,10.9,3,0.09938711,"10-20",10,20,15,NA,"perennial",FALSE,0.0993871066390222,0.0245562293872697,0.110899921715988,20
"R35","Total and available soil carbon fractions under the perennial grass Cynodon dactylon (L.) Pers and the bioenergy crop Arundo dox L.","28.9587","100.645","field","n/a","Arundodox L.","Poaceae","perennial","Cynodondactylon (L.)Persoon","Poaceae","perennial","invasive",21.5,546,"TC","T2","TC","g/kg","20-30",33.91,1.96,3,37.62,1.18,3,0.10382587,"20-30",20,30,25,NA,"perennial",FALSE,0.103825867735337,0.00144156375007648,0.103433034004358,21
"R35","Total and available soil carbon fractions under the perennial grass Cynodon dactylon (L.) Pers and the bioenergy crop Arundo dox L.","28.9587","100.645","field","n/a","Arundodox L.","Poaceae","perennial","Cynodondactylon (L.)Persoon","Poaceae","perennial","invasive",21.5,546,"TC","T2","TC","g/kg","30-40",30.9,1.6,3,37.28,1.42,3,0.18770081,"30-40",30,40,35,NA,"perennial",FALSE,0.187700805913691,0.00137733986856395,0.187495755282276,22
"R35","Total and available soil carbon fractions under the perennial grass Cynodon dactylon (L.) Pers and the bioenergy crop Arundo dox L.","28.9587","100.645","field","n/a","Arundodox L.","Poaceae","perennial","Cynodondactylon (L.)Persoon","Poaceae","perennial","invasive",21.5,546,"TC","T2","TC","g/kg","40-50",32.38,2,3,36.57,1.77,3,0.12168728,"40-50",40,50,45,NA,"perennial",FALSE,0.121687283911801,0.00205256502370778,0.12144186532123,23
"R37","Effects of Spartina Alterniflora Invasion on Soil Physical and Chemical Properties in Wetlands of the Yangtze River","23.90-23.93","117.40-117.50","field","estuary","Mangrove","n/a","n/a","S.alterniflora","Poaceae","perennial","invasive",15.3,1022,"TC","F2","TC","g/kg","0-15",17.9718875502007,4.22,3,10.2409638554216,2.21,3,-0.56240208,"0-15",0,15,7.5,"wetland_coastal","perennial",FALSE,-0.562412992556487,0.0339019756840719,-0.563840767065189,24
"R37","Effects of Spartina Alterniflora Invasion on Soil Physical and Chemical Properties in Wetlands of the Yangtze River","23.90-23.93","117.40-117.50","field","estuary","Mangrove","n/a","n/a","S.alterniflora","Poaceae","perennial","invasive",15.3,1022,"TC","F2","TC","g/kg","15-30",16.867469879518,3.51,3,9.13654618473895,1.5,3,-0.61287651,"15-30",15,30,22.5,"wetland_coastal","perennial",FALSE,-0.613104472886405,0.0234187794792297,-0.61582929554475,25
"R37","Effects of Spartina Alterniflora Invasion on Soil Physical and Chemical Properties in Wetlands of the Yangtze River","23.90-23.93","117.40-117.50","field","estuary","Mangrove","n/a","n/a","S.alterniflora","Poaceae","perennial","invasive",15.3,1022,"TC","F2","TC","g/kg","30-50",12.5502008032128,3.14,3,8.73493975903614,1.71,3,-0.3629553,"30-50",30,50,40,"wetland_coastal","perennial",FALSE,-0.362405618647714,0.0336405919479418,-0.366451202041423,26
"R37","Effects of Spartina Alterniflora Invasion on Soil Physical and Chemical Properties in Wetlands of the Yangtze River","23.90-23.93","117.40-117.50","field","estuary","Mangrove","n/a","n/a","S.alterniflora","Poaceae","perennial","invasive",15.3,1022,"TC","F2","TC","g/kg","50-75",10.6425702811244,2.41,3,7.2289156626506,1,3,-0.38638145,"50-75",50,75,62.5,"wetland_coastal","perennial",FALSE,-0.386772975096003,0.0234717621159504,-0.392130152450274,27
"R37","Effects of Spartina Alterniflora Invasion on Soil Physical and Chemical Properties in Wetlands of the Yangtze River","23.90-23.93","117.40-117.50","field","estuary","Mangrove","n/a","n/a","S.alterniflora","Poaceae","perennial","invasive",15.3,1022,"TC","F2","TC","g/kg","75-100",8.93574297188755,2.41,3,6.52610441767068,1.2,3,-0.31412865,"75-100",75,100,87.5,"wetland_coastal","perennial",FALSE,-0.314249099836503,0.0355168770179487,-0.320737297398732,28
"R39","Substrate availability regulates the suppressive effects of Canada goldenrod invasion on soil respiration","32.14","119.29","field","Shore","P.australis","Poaceae","perennial","SolidagocadensisL.","AsteraceaeBercht.&J.Presl","perennial","invasive",17.1,1272.1,"TC","T1","STC(soil total C)","mg C g−1 soil","0-10",12.47,1.19,3,10.8,0.74,3,-0.14377963,"0-10",0,10,5,"wetland_coastal","perennial",FALSE,-0.143779625561771,0.0046004956946538,-0.14451494428244,29
"R39","Substrate availability regulates the suppressive effects of Cada goldenrod invasion on soil respiration","32.12","119.30","greenhouse","n/a","P.australis","Poaceae","perennial","SolidagocadensisL.","AsteraceaeBercht.&J.Presl","perennial","invasive",17.1,1272.1,"TC","T2","STC(soil total C)","mg C g−1 soil","0-10",3.76,0.09,3,3.56,0.06,3,-0.05465841,"0-10",0,10,5,NA,"perennial",FALSE,-0.054658412537864,0.000285665096003204,-0.0547065600713472,30
"R50","Grass invasion of a hardwood forest is associated with declines in belowground carbon pools","33.5327","83.2193","field","forest","Acerrubrum,Quercusnigra,Platanusoccidentalis,andLiquidambarstyraciflua","n/a","n/a","M.vimineum","Poaceae","annual","invasive",NA,NA,"TC","T2","TC","ug/g dry wt soil -1","0-10",22.21,7.83836717690617,6,17.24,8.72018348430811,6,-0.25331037,"0-10",0,10,5,"forest","annual",FALSE,-0.253310372670789,0.0633996410888532,-0.242369380558092,31
"R54","Effects of Spartina alterniflora invasion on soil organic carbon composition of mangrove wetland in Zhangjiang River Estuary","23.90-23.93","117.40-117.50","field","estuary","Mangrove","n/a","n/a","S.alterniflora","Poaceae","perennial","invasive",21.2,1714.5,"TC","F2","TC","g/kg","0-15",18.0604982206405,4.36,3,10.4092526690391,2.14,3,-0.55093267,"0-15",0,15,7.5,"wetland_coastal","perennial",FALSE,-0.551032044244032,0.03351497645729,-0.553700953492961,32
"R54","Effects of Spartina alterniflora invasion on soil organic carbon composition of mangrove wetland in Zhangjiang River Estuary","23.90-23.93","117.40-117.50","field","estuary","Mangrove","n/a","n/a","S.alterniflora","Poaceae","perennial","invasive",21.2,1714.5,"TC","F2","TC","g/kg","15-30",17.170818505338,3.3,3,9.16370106761565,1.6,3,-0.6283175,"15-30",15,30,22.5,"wetland_coastal","perennial",FALSE,-0.627961200675246,0.0224738332659696,-0.629036171287557,33
"R54","Effects of Spartina alterniflora invasion on soil organic carbon composition of mangrove wetland in Zhangjiang River Estuary","23.90-23.93","117.40-117.50","field","estuary","Mangrove","n/a","n/a","S.alterniflora","Poaceae","perennial","invasive",21.2,1714.5,"TC","F2","TC","g/kg","30-50",13.0782918149466,3.11,3,8.98576512455516,1.51,3,-0.3749715,"30-50",30,50,40,"wetland_coastal","perennial",FALSE,-0.375312069937475,0.028262277482879,-0.380030328838376,34
"R54","Effects of Spartina alterniflora invasion on soil organic carbon composition of mangrove wetland in Zhangjiang River Estuary","23.90-23.93","117.40-117.50","field","estuary","Mangrove","n/a","n/a","S.alterniflora","Poaceae","perennial","invasive",21.2,1714.5,"TC","F2","TC","g/kg","50-75",10.6761565836298,2.85,3,7.20640569395017,1.07,3,-0.39290388,"50-75",50,75,62.5,"wetland_coastal","perennial",FALSE,-0.393042588109599,0.0311027732023832,-0.401245302341742,35
"R54","Effects of Spartina alterniflora invasion on soil organic carbon composition of mangrove wetland in Zhangjiang River Estuary","23.90-23.93","117.40-117.50","field","estuary","Mangrove","n/a","n/a","S.alterniflora","Poaceae","perennial","invasive",21.2,1714.5,"TC","F2","TC","g/kg","75-100",8.98576512455516,2.58,3,6.49466192170818,1.6,3,-0.32590318,"75-100",75,100,87.5,"wetland_coastal","perennial",FALSE,-0.324661075692869,0.0477099029913241,-0.328285573945271,36
"R56","Changes of ecosystem carbon stock following the plantation of exotic mangrove Sonneratia apetala in Qi'ao Island, China","22.2340-22.2738","113.3640-113.3915","field","mangrove","Kandeliaobovata Sheue&al.","Rhizophoraceae Pers.","n/a","Sonneratiaapetala Buch.-Ham.","Lythraceae","n/a","invasive",22.4,1964.4,"TC","T3","TC","%","0-20",1.29,0.12,6,5.21,1.06,6,1.39593764,"0-20",0,20,10,"wetland_coastal",NA,FALSE,1.39593763739169,0.00834120336521488,1.39866601805393,37
"R56","Changes of ecosystem carbon stock following the plantation of exotic mangrove Sonneratia apetala in Qi'ao Island, China","22.2340-22.2738","113.3640-113.3915","field","mangrove","Kandeliaobovata Sheue&al.","Rhizophoraceae Pers.","n/a","Sonneratiaapetala Buch.-Ham.","Lythraceae","n/a","invasive",22.4,1964.4,"TC","T3","TC","%","20-40",1.25,0.06,6,3.78,0.85,6,1.10658046,"20-40",20,40,30,"wetland_coastal",NA,FALSE,1.10658045831729,0.0088115822811978,1.11060224945789,38
"R56","Changes of ecosystem carbon stock following the plantation of exotic mangrove Sonneratia apetala in Qi'ao Island, China","22.2340-22.2738","113.3640-113.3915","field","mangrove","Kandeliaobovata Sheue&al.","Rhizophoraceae Pers.","n/a","Sonneratiaapetala Buch.-Ham.","Lythraceae","n/a","invasive",22.4,1964.4,"TC","T3","TC","%","40-60",1.27,0.1,6,1.73,0.13,6,0.30910451,"40-60",40,60,50,"wetland_coastal",NA,FALSE,0.309104508039188,0.00197445159722645,0.309058398437797,39
"R56","Changes of ecosystem carbon stock following the plantation of exotic mangrove Sonneratia apetala in Qi'ao Island, China","22.2340-22.2738","113.3640-113.3915","field","mangrove","Kandeliaobovata Sheue&al.","Rhizophoraceae Pers.","n/a","Sonneratiaapetala Buch.-Ham.","Lythraceae","n/a","invasive",22.4,1964.4,"TC","T3","TC","%","60-80",1.28,0.1,6,1.45,0.24,6,0.12470348,"60-80",60,80,70,"wetland_coastal",NA,FALSE,0.124703478500957,0.00558324546980281,0.126477848631692,40
"R56","Changes of ecosystem carbon stock following the plantation of exotic mangrove Sonneratia apetala in Qi'ao Island, China","22.2340-22.2738","113.3640-113.3915","field","mangrove","Kandeliaobovata Sheue&al.","Rhizophoraceae Pers.","n/a","Sonneratiaapetala Buch.-Ham.","Lythraceae","n/a","invasive",22.4,1964.4,"TC","T3","TC","%","80-100",1.24,0.09,6,1.31,0.2,6,0.05491576,"80-100",80,100,90,"wetland_coastal",NA,FALSE,0.0549157575961146,0.00476276917470691,0.0564191505081299,41
"R58","Transition From Sagebrush Steppe to Annual Grass (Bromus tectorum): Influence on Belowground Carbon and Nitrogen","n/a","n/a","field","grassland","Artemisiatridentata Nutt.","AsteraceaeBercht.&J.Presl","n/a","Bromustectorum L.","Poaceae","annual","invasive",NA,NA,"TC","F3","TC","mg ha-1","9cm-1m",49.1538461538461,3.46,4,43.6153846153846,3.23,4,-0.11936109,"9cm-1m",NA,NA,NA,"grassland","annual",FALSE,-0.119545150649782,0.00260982051691371,-0.119478971928523,42
"R6","Bamboo invasion of broadleaf forests altered soil fungal community closely linked to changes in soil organic C chemical composition and mineral N production","30.1830-30.2137","119.2411-119.2711","field","forest","forest","n/a","n/a","Phyllostachy sedulis","Poaceae","annual","invasive",15.8,1630,"SOC","T1","SOC","g/kg","n/a",23.13,3.69,6,30.87,7.31,6,0.288654362,"n/a",NA,NA,NA,"forest","annual",FALSE,0.28865436227072,0.0135874660349532,0.291206295008606,43
"R7","Cascading effects from plant to soil elucidate how the invasive Amorpha fruticosa L. impacts dry grasslands","45.5032-46.0745","12.4413-13.2739","field","grassland","n/a","n/a","n/a","A.fruticosa","Asparagaceae","n/a","invasive",13,NA,"SOC","T1","SOC","%","n/a",3,1.31,3,2.58,1.63,3,-0.15082289,"n/a",NA,NA,NA,"grassland",NA,FALSE,-0.150822889734584,0.196609156100395,-0.116077570943646,44
"R8","Changes in Soil Organic Carbon Dymics in a tive C4 Plant-Domited Tidal Marsh Following Sparti alterniflora Invasion","26.0036–26.0342","119.3412–119.4040","field","n/a","C.malaccensis","Cyperaceae","annual","S.alterniflora","Poaceae","perennial","invasive",19.6,1350,"SOC","F2","SOC","g/kg","0-10",15.1649746192893,0.698,3,21.8908629441624,0.5076,3,0.367369531,"0-10",0,10,5,NA,"perennial",FALSE,0.36708086509985,0.00088538906031003,0.366817394587199,45
"R8","Changes in Soil Organic Carbon Dymics in a tive C4 Plant-Domited Tidal Marsh Following Sparti alterniflora Invasion","26.0036–26.0342","119.3412–119.4040","field","n/a","C.malaccensis","Cyperaceae","annual","S.alterniflora","Poaceae","perennial","invasive",19.6,1350,"SOC","F2","SOC","g/kg","10-20",16.243654822335,0.5711,3,20.8756345177664,0.5711,3,0.251314428,"10-20",10,20,15,NA,"perennial",FALSE,0.250880306285806,0.000661509462511595,0.250799024638648,46
"R8","Changes in Soil Organic Carbon Dymics in a tive C4 Plant-Domited Tidal Marsh Following Sparti alterniflora Invasion","26.0036–26.0342","119.3412–119.4040","field","n/a","C.malaccensis","Cyperaceae","annual","S.alterniflora","Poaceae","perennial","invasive",19.6,1350,"SOC","F2","SOC","g/kg","20-30",17.2588832487309,1.39594,3,18.8451776649746,0.69797,3,0.088121228,"20-30",20,30,25,NA,"perennial",FALSE,0.087930072506705,0.0026379024965121,0.0870683692278552,47
"R8","Changes in Soil Organic Carbon Dymics in a tive C4 Plant-Domited Tidal Marsh Following Sparti alterniflora Invasion","26.0036–26.0342","119.3412–119.4040","field","n/a","C.malaccensis","Cyperaceae","annual","S.alterniflora","Poaceae","perennial","invasive",19.6,1350,"SOC","F2","SOC","g/kg","30-40",16.8147208121827,0.76142,3,16.9416243654822,0.50761,3,0.007703742,"30-40",30,40,35,NA,"perennial",FALSE,0.00751883241402776,0.00098276133276369,0.00732669818400313,48
"R8","Changes in Soil Organic Carbon Dymics in a tive C4 Plant-Domited Tidal Marsh Following Sparti alterniflora Invasion","26.0036–26.0342","119.3412–119.4040","field","n/a","C.malaccensis","Cyperaceae","annual","S.alterniflora","Poaceae","perennial","invasive",19.6,1350,"SOC","F2","SOC","g/kg","40-50",16.9416243654822,2.8553,3,18.8451776649746,3.3629,3,0.106835225,"40-50",40,50,45,NA,"perennial",FALSE,0.106483480402451,0.0200829650643812,0.107056660109882,49
"R10","Effects of Canada Goldenrod Invasion on Soil Extracellular Enzyme Activities and Ecoenzymatic Stoichiometry","32.14","119.29","field","grassland","P.australis","Poaceae","perennial","P.australis","compositae","perennial","invasive",17.7,1272.1,"SOC","T1","SOC","mg C g−1 soil","0-15",7.56,0.53,4,8.57,0.29,4,0.125396542,"0-15",0,15,7.5,"grassland","perennial",FALSE,0.125396542418247,0.00151497552934532,0.124925323679742,50
"R13","Effects of moso bamboo encroachment into native, broad-leaved forests on soil carbon and nitrogen pools","30.1830-30.2455","119.2347-119.2827","field","forest","forest","n/a","n/a","Phyllostachysedulis","Poaceae","annual","invasive",NA,NA,"SOC","F2","SOC","g/cm2","0-20",0.5824,0.1147,3,0.5647,0.0791,3,-0.03509132,"0-20",0,20,10,"forest","annual",FALSE,-0.0308628802036853,0.0194692147866798,-0.0340572106807968,51
"R13","Effects of moso bamboo encroachment into native, broad-leaved forests on soil carbon and nitrogen pools","30.1830-30.2455","119.2347-119.2827","field","forest","forest","n/a","n/a","Phyllostachysedulis","Poaceae","annual","invasive",NA,NA,"SOC","F2","SOC","g/cm2","20-40",0.7588,0.1147,3,0.8206,0.0791,3,0.075985907,"20-40",20,40,30,"forest","annual",FALSE,0.0782975419472265,0.0107136168904834,0.0760379294827963,52
"R13","Effects of moso bamboo encroachment into tive, broad-leaved forests on soil carbon and nitrogen pools","30.1830-30.2455","119.2347-119.2827","field","forest","forest","n/a","n/a","Phyllostachysedulis","Poaceae","annual","invasive",NA,NA,"SOC","F2","SOC","g/cm2","40-60",0.9971,0.1147,3,1.0147,0.0791,3,0.009950331,"40-60",40,60,50,"forest","annual",FALSE,0.0174972154502898,0.00643652212078715,0.0163045669979251,53
"R13","Effects of moso bamboo encroachment into tive, broad-leaved forests on soil carbon and nitrogen pools","30.1830-30.2455","119.2347-119.2827","field","forest","forest","n/a","n/a","Phyllostachysedulis","Poaceae","annual","invasive",NA,NA,"SOC","F2","SOC","g/cm2","0-20",0.6176,0.1324,3,0.4941,0.1147,3,-0.235314087,"0-20",0,20,10,"forest","annual",FALSE,-0.223103072858862,0.033282219082295,-0.221781306342583,54
"R13","Effects of moso bamboo encroachment into tive, broad-leaved forests on soil carbon and nitrogen pools","30.1830-30.2455","119.2347-119.2827","field","forest","forest","n/a","n/a","Phyllostachysedulis","Poaceae","annual","invasive",NA,NA,"SOC","F2","SOC","g/cm2","20-40",0.8029,0.1324,3,0.6882,0.1147,3,-0.14792013,"20-40",20,40,30,"forest","annual",FALSE,-0.154150679827258,0.0183235076816409,-0.154053174408819,55
"R13","Effects of moso bamboo encroachment into tive, broad-leaved forests on soil carbon and nitrogen pools","30.1830-30.2455","119.2347-119.2827","field","forest","forest","n/a","n/a","Phyllostachysedulis","Poaceae","annual","invasive",NA,NA,"SOC","F2","SOC","g/cm2","40-60",1.05,0.1324,3,0.7941,0.1147,3,-0.284512498,"40-60",40,60,50,"forest","annual",FALSE,-0.279336045250404,0.0122543313239346,-0.278508882611868,56
"R14","Exotic grasses and nitrate enrichment alter soil carbon cycling along an urban–rural tropical forest gradient","18.27-18.17","66.6-65.53","field","watershedforest","forest","n/a","n/a","PennisetumpurpureumSchumach.","Poaceae","perennial","invasive",25.7,1750,"SOC","F3","SOC","%","0-10",3.45669291338582,0.2145,3,2.92125984251968,0.1394,3,-0.169684973,"0-10",0,10,5,"forest","perennial",FALSE,-0.168297350467736,0.00204258558642719,-0.16855960456744,57
"R15","Exotic Pinus carbaea causes soil quality to deteriorate on former abandoned land compared to an indigenous Podocarpus plantation in the tropical forest area of southern China","18.230-18.520","108.440–109.02","field","forest","PodocarpusimbricatusB1.","Podocarpaceae Endl.","n/a","PinuscaribaeaMorelet","PiceaeSpreng.exF.Rudolphi","n/a","invasive",NA,3000,"SOC","T1","SOC","g/kg","0-20",17.4,1.15,3,14.4,2.64,3,-0.189242,"0-20",0,20,10,"forest",NA,FALSE,-0.189241999638528,0.0126597524992293,-0.184368172184439,58
"R16","Far-reaching effects on soil properties and underground microbial ecosystem after the introduction of black locusts in forest","34.47-34.51","108.05-108.10","field","forest","P.orientalis","Cupressaceae","n/a","Robiniapseudoacacia L.","Fabaceae","n/a","invasive",10.8,605,"SOC","T2","SOC","g/kg","0-20",5.61,0.04,3,10.06,0.12,3,0.584016445,"0-20",0,20,10,"forest",NA,FALSE,0.584016445136988,6.43753692828852e-05,0.584031686595184,59
"R19","Impacts of Spartina alterniflora invasion on soil carbon contents and stability in the Yellow River Delta, China","37.4-37.5","119.1-119.2","field","delta","Phragmitesaustralis","Poaceae","perennial","S.alterniflora","Poaceae","perennial","invasive",NA,NA,"SOC","F2","SOC","g/kg","0-30",3.41865509761388,0.0521,3,7.01084598698481,0.0521,3,0.71769715,"0-30",0,30,15,"wetland_coastal","perennial",FALSE,0.718211149223162,9.5826582842844e-05,0.718181644217119,60
"R19","Impacts of Spartina alterniflora invasion on soil carbon contents and stability in the Yellow River Delta, China","37.4-37.5","119.1-119.2","field","delta","Suaedasalsa","Amaranthaceae","annual","S.alterniflora","Poaceae","perennial","invasive",NA,NA,"SOC","F2","SOC","g/kg","0-30",1.70065075921908,0.03471,3,7.01084598698481,0.0521,3,1.41670945,"0-30",0,30,15,"wetland_coastal","perennial",FALSE,1.41644739929058,0.000157262062513301,1.4163871765447,61
"R19","Impacts of Spartina alterniflora invasion on soil carbon contents and stability in the Yellow River Delta, China","37.4-37.5","119.1-119.2","field","delta","T.chinensi","TaxaceaeGray","n/a","S.alterniflora","Poaceae","perennial","invasive",NA,NA,"SOC","F2","SOC","g/kg","0-30",2.49891540130151,0.0174,3,7.01084598698481,0.0521,3,1.031046969,"0-30",0,30,15,"wetland_coastal","perennial",FALSE,1.03160157838515,3.45695050867627e-05,1.03160270191799,62
"R20","Impacts of Spartina alterniflora invasion on soil carbon contents and stability in the Yellow River Delta, China","24.80","113.36","field","ricefields","Cynodondactylon,Festucaarundicea,Paspalumtatu,andCommelicommunis","herbaceous","n/a","AmbrosiaartemisiifoliaL.","AsteraceaeBercht.&J.Presl","annual","invasive",NA,NA,"SOC","T1","SOC","g/kg","n/a",22.08,0.66,4,26.92,0.67,4,0.198197283,"n/a",NA,NA,NA,"cropland","annual",FALSE,0.198197283367633,0.000378232607350125,0.198163027152404,63
"R20","Impacts of Spartina alterniflora invasion on soil carbon contents and stability in the Yellow River Delta, China","24.80","113.36","field","ricefields","Toxicodendronvernicifluum,Sapiumdiscolor,Lygodiumjaponicum,
Gardeniajasminoides,Pinusmassonia,G.mangosta,U.lobata,
Mallotusapelta,Vitexnegundo,Meliaazedarach,S.bonox,Brous-
sonetiapapyrifera,PaederiascandensandRhuschinensis.","tivespecies","n/a","AmbrosiaartemisiifoliaL.","AsteraceaeBercht.&J.Presl","annual","invasive",NA,NA,"SOC","T1","SOC","g/kg","n/a",21.83,0.54,4,26.92,0.67,4,0.209584334,"n/a",NA,NA,NA,"cropland","annual",FALSE,0.209584334214675,0.000307834945801151,0.209585276830221,64
"R21","Invasion effects of Chromolaena odorata on soil carbon and nitrogen fractions in a tropical savanna","108.470–108.490","19.050–19.170","field","grassland","Hyptissuavedens,Eragrostiszylindrica,Tridaxprocumbens","Grass","n/a","Chromolaeodorata L.","AsteraceaeBercht.&J.Presl","perennial","invasive",24.6,1019,"SOC","F3","SOC","g/kg","0-10",18.3240223463687,1.1173,3,25.2513966480446,2.3836,3,0.320832796,"0-10",0,10,5,"grassland","perennial",FALSE,0.320668571448085,0.00420942551622184,0.321533983442424,65
"R21","Invasion effects of Chromolae odorata on soil carbon and nitrogen fractions in a tropical savan","108.470–108.490","19.050–19.170","field","grassland","Hyptissuavedens,Eragrostiszylindrica,Tridaxprocumbens","Grass","n/a","Chromolaeodorata L.","AsteraceaeBercht.&J.Presl","perennial","invasive",24.6,1019,"SOC","F3","SOC","g/kg","10-20",27.2625698324022,2.6816,3,25.2513966480446,2.3836,3,-0.076594271,"10-20",10,20,15,"grassland","perennial",FALSE,-0.0766332260209183,0.00619515028379459,-0.0767606764103657,66
"R21","Invasion effects of Chromolae odorata on soil carbon and nitrogen fractions in a tropical savan","108.470–108.490","19.050–19.170","field","forest","Crotonlaui,Microcospaniculata,Dimocarpuslongga","Forest","n/a","Chromolaeodorata L.","AsteraceaeBercht.&J.Presl","perennial","invasive",24.6,1019,"SOC","F3","SOC","g/kg","0-10",9.45996275605214,0.8194,3,12.9608938547486,0.6704,3,0.314795308,"0-10",0,10,5,"forest","perennial",FALSE,0.314868212755938,0.00339269326211479,0.314063685387821,67
"R21","Invasion effects of Chromolae odorata on soil carbon and nitrogen fractions in a tropical savan","108.470–108.490","19.050–19.170","field","forest","Crotonlaui,Microcospaniculata,Dimocarpuslongga","Forest","n/a","Chromolaeodorata L.","AsteraceaeBercht.&J.Presl","perennial","invasive",24.6,1019,"SOC","F3","SOC","g/kg","10-20",14.7486033519553,1.2663,3,12.9608938547486,0.6704,3,-0.129375392,"10-20",10,20,15,"forest","perennial",FALSE,-0.129211731480006,0.00334907392238051,-0.129994449178255,68
"R22","Invasion of non-native grasses causes a drop in soil carbon storage in California grasslands"," 37.862","122.524","field","grassland","Agrostishalli","Poaceae","perennial","Avebarbata","Poaceae","annual","invasive",NA,900,"SOC","F1","SOC","kg/m2","0-10",5.46212121212121,0.1944,5,4.71969696969697,0.3005,5,-0.14563999,"0-10",0,10,5,"grassland","annual",FALSE,-0.146092618497496,0.00106409473487678,-0.145813908845489,69
"R22","Invasion of non-native grasses causes a drop in soil carbon storage in California grasslands","37.930999999999997","122.673","field","grassland","Agrostishalli","Poaceae","perennial","Loliummultiflorum","Poaceae","annual","invasive",NA,900,"SOC","F1","SOC","kg/m2","10-20",3.78282828282828,0.1591,5,3.39393939393939,0.1591,5,-0.108894088,"10-20",10,20,15,"grassland","annual",FALSE,-0.10848064299407,0.000793286463490388,-0.108437782876166,70
"R22","Invasion of non-native grasses causes a drop in soil carbon storage in California grasslands"," 37.862","122.524","field","grassland","Agrostishalli","Poaceae","perennial","Brizamaxima L.","Poaceae","annual","invasive",NA,900,"SOC","F1","SOC","kg/m2","20-30",3.12878787878787,0.1237,5,3.04040404040404,0.0884,5,-0.029175489,"20-30",20,30,25,"grassland","annual",FALSE,-0.0286552557603733,0.00048169237547824,-0.0287270298571642,71
"R22","Invasion of non-native grasses causes a drop in soil carbon storage in California grasslands","37.930999999999997","122.673","field","grassland","Agrostishalli","Poaceae","perennial","Vulpiaspp","Poaceae","annual","invasive",NA,900,"SOC","F1","SOC","kg/m2","30-40",2.58080808080808,0.0884,5,2.59848484848484,0.1061,5,0.007722046,"30-40",30,40,35,"grassland","annual",FALSE,0.00682596507039702,0.00056809344053969,0.00687536041430112,72
"R22","Invasion of non-native grasses causes a drop in soil carbon storage in California grasslands","37.930999999999997","122.673","field","grassland","Agrostishalli","Poaceae","perennial","n/a","n/a","n/a","invasive",NA,900,"SOC","F1","SOC","kg/m2","40-50",2.33333333333333,0.1061,5,1.57323232323232,0.2298,5,-0.394792648,"40-50",40,50,45,"grassland",NA,FALSE,-0.394165552854232,0.00468074317782492,-0.392238711428584,73
"R23","Invasion of Praxelis clematidea increases the chemically non-labile rather than labile soil organic carbon in a tropical savanna","19.05-19.17","108.47 - 108.49","field","n/a","Hyptissuavedens,Eragrostiszylindrica,Tridaxprocumbens,Borreriaarticularis,andFimbristylisfusca,aswellasseveralshrubs,suchasSidaalnifoliaandWaltheriaamerica.","n/a","n/a","Praxelisclematidea","AsteraceaeBercht.&J.Presl","annual","invasive",24.6,1019,"SOC","F1","SOC","g/kg","0-10",9.70623742454728,0.3622,3,14.2334004024144,0.5795,3,0.38219613,"0-10",0,10,5,NA,"annual",FALSE,0.382822631358399,0.00101671233793163,0.382866821002512,74
"R23","Invasion of Praxelis clematidea increases the chemically non-labile rather than labile soil organic carbon in a tropical savan","19.05-19.17","108.47 - 108.49","field","forest","Hyptissuavedens,Eragrostiszylindrica,Tridaxprocumbens,Borreriaarticularis,andFimbristylisfusca,aswellasseveralshrubs,suchasSidaalnifoliaandWaltheriaamerica.","n/a","n/a","Praxelisclematidea","AsteraceaeBercht.&J.Presl","annual","invasive",24.6,1019,"SOC","F1","SOC","g/kg","10-20",7.64185110663984,0.3622,3,9.19919517102616,0.9779,3,0.185805881,"10-20",10,20,15,"forest","annual",FALSE,0.18547613354247,0.00451558201298639,0.186985102723734,75
"R25","Methane production potential and methanogenic Methane production potential and methanogenic archaea community dynamics along the Spartina alterniflora invasion chronosequence in a coastal salt marsh","33.36","120.36","field","swamp","Suaedasalsa","Amaranthaceae","annual","S.alterniflora","Poaceae","perennial","invasive",NA,NA,"SOC","T1","SOC","g C kg−1","0-20",2.1,0.18,3,12.37,0.11,3,1.773336842,"0-20",0,20,10,"wetland_coastal","perennial",FALSE,1.77333684167502,0.00247533833608873,1.77212553125123,76
"R27","Plant litter chemistry and microbial priming regulate the accrual, composition and stability of soil carbon in invaded ecosystems","42.24","72.31","field","n/a","n/a","n/a","n/a","Polygonumcuspidatum","Polygoceae","perennial","invasive",NA,NA,"SOC","F2","SOC","mg ha-1","0-5",24.3410852713178,1.8605,6,34.7286821705426,2.3255,6,0.355482779,"0-5",0,5,2.5,NA,"perennial",FALSE,0.355400246506732,0.00172102378970474,0.355287051557151,77
"R27","Plant litter chemistry and microbial priming regulate the accrual, composition and stability of soil carbon in invaded ecosystems","42.24","72.31","field","n/a","n/a","n/a","n/a","Polygonumcuspidatum","Polygoceae","perennial","invasive",NA,NA,"SOC","F2","SOC","mg ha-1","5-10",17.0542635658914,0.9302,6,22.1705426356589,1.7054,6,0.26258982,"5-10",5,10,7.5,NA,"perennial",FALSE,0.262364264467495,0.00148199587024166,0.262609429344157,78
"R27","Plant litter chemistry and microbial priming regulate the accrual, composition and stability of soil carbon in invaded ecosystems","42.24","72.31","field","n/a","n/a","n/a","n/a","Polygonumcuspidatum","Polygoceae","perennial","invasive",NA,NA,"SOC","F2","SOC","mg ha-1","10-15",16.7441860465116,0.6202,6,17.0542635658914,0.7752,6,0.018349139,"10-15",10,15,12.5,NA,"perennial",FALSE,0.0183491386681938,0.000573014963793702,0.0184069893130407,79
"R27","Plant litter chemistry and microbial priming regulate the accrual, composition and stability of soil carbon in invaded ecosystems","34.41","82.53","field","n/a","n/a","n/a","n/a","Puerariamonta","Fabaceae","perennial","invasive",NA,NA,"SOC","F2","SOC","mg ha-1","0-5",47.906976744186,2.3256,6,32.4031007751938,2.6357,6,-0.391165828,"0-5",0,5,2.5,NA,"perennial",FALSE,-0.391007024932933,0.00149548044071514,-0.390652039292046,80
"R27","Plant litter chemistry and microbial priming regulate the accrual, composition and stability of soil carbon in invaded ecosystems","34.41","82.53","field","n/a","n/a","n/a","n/a","Puerariamonta","Fabaceae","perennial","invasive",NA,NA,"SOC","F2","SOC","mg ha-1","5-10",23.4108527131782,0.4651,6,16.5891472868217,1.2403,6,-0.344363177,"5-10",5,10,7.5,NA,"perennial",FALSE,-0.344451002353014,0.000997434820608579,-0.344018066926037,81
"R27","Plant litter chemistry and microbial priming regulate the accrual, composition and stability of soil carbon in invaded ecosystems","34.41","82.53","field","n/a","n/a","n/a","n/a","Puerariamonta","Fabaceae","perennial","invasive",NA,NA,"SOC","F2","SOC","mg ha-1","10-15",12.7131782945736,1.0853,6,11.0077519379844,0,6,-0.143585134,"10-15",10,15,12.5,NA,"perennial",FALSE,-0.144039370222943,0.00121461902722153,-0.144646679736554,82
"R28","Response of the soil microbial community composition and biomass to a short-term Spartina alterniflora invasion in a coastal wetland of eastern China","32.3651-34.2832","119.5125-121.547","field","n/a","Suaedasalsa","Amaranthaceae","annual","S.alterniflora","Poaceae","perennial","invasive",13.8,1000,"SOC","T2","SOC","g/kg","0-30",3.63,0.24,9,0.52,0.03,9,-1.943159116,"0-30",0,30,15,NA,"perennial",FALSE,-1.94315911568342,0.000855520942355595,-1.94321705366939,83
"R28","Response of the soil microbial community composition and biomass to a short-term Spartina alterniflora invasion in a coastal wetland of eastern China","32.3651-34.2832","119.5125-121.547","field","n/a","Phragmitesaustralis","Poaceae","perennial","S.alterniflora","Poaceae","perennial","invasive",13.8,1000,"SOC","T2","SOC","g/kg","0-30",2.92,0.16,9,0.52,0.03,9,-1.725510084,"0-30",0,30,15,NA,"perennial",FALSE,-1.72551008368685,0.000703426872104788,-1.7254919746377,84
"R29","Response of topsoil Fe-bound organic carbon pool and microbial community to Spartina alterniflora invasion in coastal wetlands","n/a","n/a","field","n/a","Kandeliaobovata Sheue&al.","Rhizophoraceae Pers.","n/a","S.alterniflora","Poaceae","perennial","invasive",NA,NA,"SOC","T1","SOC","g/kg","n/a",27.04,0.56,3,20.13,1.95,3,-0.295106012,"n/a",NA,NA,NA,NA,"perennial",FALSE,-0.295106011523063,0.00327092328655079,-0.293613518730085,85
"R29","Response of topsoil Fe-bound organic carbon pool and microbial community to Spartina alterniflora invasion in coastal wetlands","n/a","n/a","field","n/a","Kandeliaobovata Sheue&al.","Rhizophoraceae Pers.","n/a","S.alterniflora","Poaceae","perennial","invasive",NA,NA,"SOC","T1","SOC","g/kg","n/a",20.03,0.99,3,13.91,0.44,3,-0.364623144,"n/a",NA,NA,NA,NA,"perennial",FALSE,-0.364623143742375,0.00114783136210374,-0.364863533313381,86
"R29","Response of topsoil Fe-bound organic carbon pool and microbial community to Spartina alterniflora invasion in coastal wetlands","n/a","n/a","field","n/a","Kandeliaobovata Sheue&al.","Rhizophoraceae Pers.","n/a","S.alterniflora","Poaceae","perennial","invasive",NA,NA,"SOC","T1","SOC","g/kg","n/a",23.86,0.64,3,24.16,0.58,3,0.012494956,"n/a",NA,NA,NA,NA,"perennial",FALSE,0.0124949563968442,0.000431932831135813,0.0124710959561605,87
"R29","Response of topsoil Fe-bound organic carbon pool and microbial community to Spartina alterniflora invasion in coastal wetlands","n/a","n/a","field","n/a","Avicenniamari (Forsk.)Vierh.","Acanthaceae","n/a","S.alterniflora","Poaceae","perennial","invasive",NA,NA,"SOC","T1","SOC","g/kg","n/a",10.06,0.37,3,13.38,0.15,3,0.28519389,"n/a",NA,NA,NA,NA,"perennial",FALSE,0.285193890028489,0.000492799956684221,0.284989383780834,88
"R29","Response of topsoil Fe-bound organic carbon pool and microbial community to Spartina alterniflora invasion in coastal wetlands","n/a","n/a","field","n/a","Avicenniamari (Forsk.)Vierh.","Acanthaceae","n/a","S.alterniflora","Poaceae","perennial","invasive",NA,NA,"SOC","T1","SOC","g/kg","n/a",19.63,0.35,3,20.61,0.35,3,0.048717387,"n/a",NA,NA,NA,NA,"perennial",FALSE,0.048717386613998,0.000202097856947415,0.0487124676651848,89
"R29","Response of topsoil Fe-bound organic carbon pool and microbial community to Spartina alterniflora invasion in coastal wetlands","n/a","n/a","field","n/a","Avicenniamari (Forsk.)Vierh.","Acanthaceae","n/a","S.alterniflora","Poaceae","perennial","invasive",NA,NA,"SOC","T1","SOC","g/kg","n/a",17.87,0.17,3,17.03,0.19,3,-0.048146834,"n/a",NA,NA,NA,NA,"perennial",FALSE,-0.0481468344967398,7.16579403202564e-05,-0.0481411722042587,90
"R29","Response of topsoil Fe-bound organic carbon pool and microbial community to Spartina alterniflora invasion in coastal wetlands","n/a","n/a","field","n/a","Phragmitesaustralis","Poaceae","perennial","S.alterniflora","Poaceae","perennial","invasive",NA,NA,"SOC","T1","SOC","g/kg","n/a",28.86,1.87,3,24.5,2.91,3,-0.163783436,"n/a",NA,NA,NA,NA,"perennial",FALSE,-0.163783435795043,0.00610202901380538,-0.162131909693866,91
"R29","Response of topsoil Fe-bound organic carbon pool and microbial community to Spartina alterniflora invasion in coastal wetlands","n/a","n/a","field","n/a","Phragmitesaustralis","Poaceae","perennial","S.alterniflora","Poaceae","perennial","invasive",NA,NA,"SOC","T1","SOC","g/kg","n/a",20.4,0.16,3,24.15,0.62,3,0.168749479,"n/a",NA,NA,NA,NA,"perennial",FALSE,0.168749479248411,0.000240203819645159,0.168849076224234,92
"R29","Response of topsoil Fe-bound organic carbon pool and microbial community to Spartina alterniflora invasion in coastal wetlands","n/a","n/a","field","n/a","Phragmitesaustralis","Poaceae","perennial","S.alterniflora","Poaceae","perennial","invasive",NA,NA,"SOC","T1","SOC","g/kg","n/a",19.94,0.17,3,19.49,0.17,3,-0.022826251,"n/a",NA,NA,NA,NA,"perennial",FALSE,-0.0228262510142229,4.95886999500112e-05,-0.0228256851504421,93
"R31","Seawall construction alters soil carbon and nitrogen dynamics and soil microbial biomass in an invasive Spartina alterniflora salt marsh in eastern China","32.59-33.03","120.47-120.53","field","n/a","Suaedasalsa","n/a","annual","S.alterniflora","Poaceae","perennial","invasive",14.1,1000,"SOC","F3","SOC","g/kg","0-10",9.61625282167042,0.8669,3,4.8216704288939,0.4334,3,-0.691070337,"0-10",0,10,5,NA,"perennial",FALSE,-0.690334239183331,0.00540213107967186,-0.690342148695235,94
"R31","Seawall construction alters soil carbon and nitrogen dymics and soil microbial biomass in an invasive Spartina alterniflora salt marsh in eastern China","32.59-33.03","120.47-120.53","field","n/a","Suaedasalsa","n/a","annual","S.alterniflora","Poaceae","perennial","invasive",14.1,1000,"SOC","F3","SOC","g/kg","10-20",6.31151241534988,0.5418,3,2.60045146726862,0.0542,3,-0.886624232,"10-20",10,20,15,NA,"perennial",FALSE,-0.886690262097865,0.00260115158166937,-0.887846034137484,95
"R31","Seawall construction alters soil carbon and nitrogen dymics and soil microbial biomass in an invasive Spartina alterniflora salt marsh in eastern China","32.59-33.03","120.47-120.53","field","n/a","Suaedasalsa","n/a","annual","S.alterniflora","Poaceae","perennial","invasive",14.1,1000,"SOC","F3","SOC","g/kg","20-30",5.01128668171557,0.5418,3,1.95033860045146,0.05418,3,-0.943606543,"20-30",20,30,25,NA,"perennial",FALSE,-0.943689706062272,0.00415359153094338,-0.945509262886063,96
"R32","Species choice inmangrove reforestationmay influence the quantity and quality of long-term carbon sequestration and storage","23.45","116.43","field","Mangroveplantations,sandybeaches&mudflats","Kandeliaobovata Sheue&al.","Rhizophoraceae Pers.","n/a","Sonneratiaapetala Buch.-Ham.","Lythraceae","n/a","invasive",NA,NA,"SOC","T1","SOC","g/kg","0-20",43.99,2.82,3,17.8,10.26,3,-0.904763878,"0-20",0,20,10,"wetland_coastal",NA,FALSE,-0.904763878062589,0.112117217839932,-0.85007510660129,97
"R32","Species choice inmangrove reforestationmay influence the quantity and quality of long-term carbon sequestration and storage","23.45","116.43","field","Mangroveplantations,sandybeaches&mudflats","Kandeliaobovata Sheue&al.","Rhizophoraceae Pers.","n/a","Sonneratiaapetala Buch.-Ham.","Lythraceae","n/a","invasive",NA,NA,"SOC","T1","SOC","g/kg","20-40",38.52,0.53,3,19.73,8.55,3,-0.669037267,"20-40",20,40,30,"wetland_coastal",NA,FALSE,-0.669037266895401,0.0626605775429786,-0.63777008227483,98
"R32","Species choice inmangrove reforestationmay influence the quantity and quality of long-term carbon sequestration and storage","23.45","116.43","field","Mangroveplantations,sandybeaches&mudflats","Kandeliaobovata Sheue&al.","Rhizophoraceae Pers.","n/a","Sonneratiaapetala Buch.-Ham.","Lythraceae","n/a","invasive",NA,NA,"SOC","T1","SOC","g/kg","40-60",35.59,2.28,3,14.99,6.77,3,-0.864681387,"40-60",40,60,50,"wetland_coastal",NA,FALSE,-0.864681387407595,0.0693592373830086,-0.831369788768385,99
"R32","Species choice inmangrove reforestationmay influence the quantity and quality of long-term carbon sequestration and storage","23.45","116.43","field","Mangroveplantations,sandybeaches&mudflats","Kandeliaobovata Sheue&al.","Rhizophoraceae Pers.","n/a","Sonneratiaapetala Buch.-Ham.","Lythraceae","n/a","invasive",NA,NA,"SOC","T1","SOC","g/kg","60-80",26.21,2.4,3,13.96,6.1,3,-0.62994492,"60-80",60,80,70,"wetland_coastal",NA,FALSE,-0.629944920001088,0.0664403877143109,-0.599519632020383,100
"R32","Species choice inmangrove reforestationmay influence the quantity and quality of long-term carbon sequestration and storage","23.45","116.43","field","Mangroveplantations,sandybeaches&mudflats","Kandeliaobovata Sheue&al.","Rhizophoraceae Pers.","n/a","Sonneratiaapetala Buch.-Ham.","Lythraceae","n/a","invasive",NA,NA,"SOC","T1","SOC","g/kg","80-100",20.63,2,3,10.01,1.88,3,-0.723161734,"80-100",80,100,90,"wetland_coastal",NA,FALSE,-0.723161733756031,0.0148906608629975,-0.71884925822393,101
"R36","Effects of Spartina Alterniflora Invasion on Soil Physical and Chemical Properties in Wetlands of the Yangtze River","31.25-31.28","121.50-122.05","field","SiltIsland","P.australis","Poaceae","perennial","S.alterniflora","Poaceae","perennial","invasive",15.3,1022,"SOC","F5","SOC","mg/kg","0-100",5.70316301703162,0.21,3,7.02676399026763,0.29,3,0.209720531,"0-100",0,100,50,"wetland_coastal","perennial",FALSE,0.208705349315814,0.00101970415852047,0.208763256210069,102
"R36","Effects of Spartina Alterniflora Invasion on Soil Physical and Chemical Properties in Wetlands of the Yangtze River","31.25-31.28","121.50-122.05","field","SiltIsland","Bolboschoenoplectusmariqueter (Tang&F.T.Wang)Tatanov","Cyperaceae","perennial","S.alterniflora","Poaceae","perennial","invasive",15.3,1022,"SOC","F5","SOC","mg/kg","0-100",2.88077858880778,0.21,3,5.5669099756691,0.04,3,0.65960476,"0-100",0,100,50,"wetland_coastal","perennial",FALSE,0.65877953705574,0.00178853181518703,0.657902480730522,103
"R38","Relationship among vegetation types and soil microbial biomass in the Loess Hilly region of China","36.254","109.3153","field","Forest","Platycladusorientalis(L.)Franco","Cupressaceae","n/a","Robiniapseudoacacia L.","Fabaceae","n/a","invasive",NA,NA,"SOC","T1","SOC","%","0-20",1.88,0.41569219381653,3,1.08,0.155884572681199,3,-0.554310736,"0-20",0,20,10,"forest",NA,FALSE,-0.554310735705729,0.023241411397817,-0.558986996960193,104
"R38","Relationship among vegetation types and soil microbial biomass in the Loess Hilly region of China","36.254","109.3153","field","Forest","QuercuswutaishanseaMary","Fagaceae","n/a","Robiniapseudoacacia L.","Fabaceae","n/a","invasive",NA,NA,"SOC","T1","SOC","%","0-20",2.86,0.727461339178928,3,1.08,0.155884572681199,3,-0.973860584,"0-20",0,20,10,"forest",NA,FALSE,-0.973860583695633,0.0285102911851163,-0.981171284843746,105
"R38","Relationship among vegetation types and soil microbial biomass in the Loess Hilly region of China","36.254","109.3153","field","Forest","bushes","n/a","n/a","Robiniapseudoacacia L.","Fabaceae","n/a","invasive",NA,NA,"SOC","T1","SOC","%","0-20",2.26,0.467653718043597,3,1.08,0.155884572681199,3,-0.738403772,"0-20",0,20,10,"forest",NA,FALSE,-0.738403772148066,0.0212172927489319,-0.742067974078088,106
"R41","Effects of moso bamboo invasion on soil active organic carbon and nitrogen in a evergreen broad-leaved forest in subtropical China","33.41","120.00","field","forest","Quercusglauca","Fagaceae","n/a","Phyllostachysedulis","Poaceae","annual","invasive",NA,NA,"SOC","T3","SOC","g/kg","0-20",44.83,2.23,9,38.2,2.21,9,-0.160042043,"0-20",0,20,10,"forest","annual",FALSE,-0.160042042554819,0.000646825510562774,-0.159993564615096,107
"R41","Effects of moso bamboo invasion on soil active organic carbon and nitrogen in a evergreen broad-leaved forest in subtropical China","33.41","120.00","field","forest","Quercusglauca","Fagaceae","n/a","Phyllostachysedulis","Poaceae","annual","invasive",NA,NA,"SOC","T3","SOC","g/kg","0-20",44.83,2.23,9,38.2,2.21,9,-0.160042043,"0-20",0,20,10,"forest","annual",FALSE,-0.160042042554819,0.000646825510562774,-0.159993564615096,108
"R41","Effects of moso bamboo invasion on soil active organic carbon and nitrogen in a evergreen broad-leaved forest in subtropical China","33.41","120.00","field","forest","Quercusglauca","Fagaceae","n/a","Phyllostachysedulis","Poaceae","annual","invasive",NA,NA,"SOC","T3","SOC","g/kg","0-20",44.83,2.23,9,38.2,2.21,9,-0.160042043,"0-20",0,20,10,"forest","annual",FALSE,-0.160042042554819,0.000646825510562774,-0.159993564615096,109
"R41","Effects of moso bamboo invasion on soil active organic carbon and nitrogen in a evergreen broad-leaved forest in subtropical China","33.41","120.00","field","forest","Quercusglauca","Fagaceae","n/a","Phyllostachysedulis","Poaceae","annual","invasive",NA,NA,"SOC","T3","SOC","g/kg","0-20",44.83,2.23,9,38.2,2.21,9,-0.160042043,"0-20",0,20,10,"forest","annual",FALSE,-0.160042042554819,0.000646825510562774,-0.159993564615096,110
"R41","Effects of moso bamboo invasion on soil active organic carbon and nitrogen in a evergreen broad-leaved forest in subtropical China","30.1830-30.2455","119.2347-119.2827","field","turereserve","forest","n/a","n/a","Phyllostachysedulis","Poaceae","annual","invasive",NA,NA,"SOC","T1","SOC","g/kg","0-20",39.02,9.48,10,32.34,2.42,10,-0.187769481,"0-20",0,20,10,NA,"annual",FALSE,-0.187769481046004,0.0064625354410037,-0.190440796894601,111
"R44","Significant changes in soil microbial community structure and metabolic function after Mikania micrantha invasion","23.1305-23.1943","114.1921-114.2706","field","Forest","forest","MyrtaceaeJuss.","n/a","Mikaniamicrantha KunthinHumb.&al.","AsteraceaeBercht.&J.Presl","perennial","invasive",NA,NA,"SOC","T1","SOC","g/kg","0-10",27.32,4.26,6,26.77,5.5,6,-0.020337177,"0-10",0,10,5,"forest","perennial",FALSE,-0.0203371771703283,0.0110875615516702,-0.0188457427520707,112
"R45","Impacts of Ipomoea cairica and Wedelia trilobata invasion on soil chemical and microbiological characteristics","23.09","113.21","field","hill","Neyraudiareyudia","Poaceae","perennial","Ipomoeacairica (L.)Sweet)","Convolvulaceae","perennial","invasive",NA,NA,"SOC","T2","SOC","g/kg","0-10",12.09,1.46,4,24.5,2.56,4,0.706294453,"0-10",0,10,5,"grassland","perennial",FALSE,0.70629445292398,0.00637533169583271,0.705836316438829,113
"R45","Impacts of Ipomoea cairica and Wedelia trilobata invasion on soil chemical and microbiological characteristics","23.09","113.21","field","hill","Neyraudiareyudia","Poaceae","perennial","Sphagneticolatrilobata(L.)Pruski","AsteraceaeBercht.&J.Presl","perennial","invasive",15.3,1022,"SOC","T2","SOC","g/kg","0-10",12.09,1.46,4,18.2,1.23,4,0.409042929,"0-10",0,10,5,"grassland","perennial",FALSE,0.409042929456048,0.00478764812463827,0.4077909511853,114
"R46","Effects of Spartina alterniflora invasion on soil carbon dynamics in wetlands of the Yangtze River estuary","31.25-31.28","121.50-122.05","field","SiltIsland","P.australis","Poaceae","perennial","S.alterniflora","Poaceae","perennial","invasive",15.3,1022,"SOC","F5","SOC","kg/m2","0-20",1.18861209964412,0.06,3,1.40569395017793,0.43,3,0.169636397,"0-20",0,20,10,"wetland_coastal","perennial",FALSE,0.167744771924424,0.0320407230813325,0.182915755574165,115
"R46","Effects of Spartina alterniflora invasion on soil carbon dynamics in wetlands of the Yangtze River estuary","31.25-31.28","121.50-122.05","field","SiltIsland","P.australis","Poaceae","perennial","S.alterniflora","Poaceae","perennial","invasive",15.3,1022,"SOC","F5","SOC","kg/m2","20-40",0.94306049822064,0.1,3,1.23843416370106,0.06,3,0.276986783,"20-40",20,40,30,"wetland_coastal","perennial",FALSE,0.272472653788247,0.00453041228600049,0.270989859456582,116
"R46","Effects of Spartina alterniflora invasion on soil carbon dynamics in wetlands of the Yangtze River estuary","31.25-31.28","121.50-122.05","field","SiltIsland","P.australis","Poaceae","perennial","S.alterniflora","Poaceae","perennial","invasive",15.3,1022,"SOC","F5","SOC","kg/m2","40-60",0.9288256227758,0.03,3,1.06761565836298,0.05,3,0.140229341,"40-60",40,60,50,"wetland_coastal","perennial",FALSE,0.139262067333499,0.00107885895318626,0.139453758227277,117
"R46","Effects of Spartina alterniflora invasion on soil carbon dynamics in wetlands of the Yangtze River estuary","31.25-31.28","121.50-122.05","field","SiltIsland","P.australis","Poaceae","perennial","S.alterniflora","Poaceae","perennial","invasive",15.3,1022,"SOC","F5","SOC","kg/m2","60-80",0.921708185053381,0.07,3,1.01067615658362,0.05,3,0.09333194,"60-80",60,80,70,"wetland_coastal","perennial",FALSE,0.0921461764616582,0.00273841625557453,0.0915927890209039,118
"R46","Effects of Spartina alterniflora invasion on soil carbon dynamics in wetlands of the Yangtze River estuary","31.25-31.28","121.50-122.05","field","SiltIsland","P.australis","Poaceae","perennial","S.alterniflora","Poaceae","perennial","invasive",15.3,1022,"SOC","F5","SOC","kg/m2","80-100",0.786476868327402,0.06,3,0.854092526690391,0.07,3,0.073203404,"80-100",80,100,90,"wetland_coastal","perennial",FALSE,0.0824762218242382,0.00417909012209735,0.0826257328974488,119
"R46","Effects of Spartina alterniflora invasion on soil carbon dynamics in wetlands of the Yangtze River estuary","31.25-31.28","121.50-122.05","field","SiltIsland","Bolboschoenoplectusmariqueter (Tang&F.T.Wang)Tatanov","Cyperaceae","perennial","S.alterniflora","Poaceae","perennial","invasive",15.3,1022,"SOC","F5","SOC","kg/m2","0-20",0.588045234248788,0.04,3,0.962843295638126,0.03,3,0.486810748,"0-20",0,20,10,"wetland_coastal","perennial",FALSE,0.49308679942861,0.00186593096417268,0.492477435079355,120
"R46","Effects of Spartina alterniflora invasion on soil carbon dynamics in wetlands of the Yangtze River estuary","31.25-31.28","121.50-122.05","field","SiltIsland","Bolboschoenoplectusmariqueter (Tang&F.T.Wang)Tatanov","Cyperaceae","perennial","S.alterniflora","Poaceae","perennial","invasive",15.3,1022,"SOC","F5","SOC","kg/m2","20-40",0.668820678513731,0.05,3,0.988691437802908,0.04,3,0.390427231,"20-40",20,40,30,"wetland_coastal","perennial",FALSE,0.390866308687013,0.00240854569625054,0.390207639381685,121
"R46","Effects of Spartina alterniflora invasion on soil carbon dynamics in wetlands of the Yangtze River estuary","31.25-31.28","121.50-122.05","field","SiltIsland","Bolboschoenoplectusmariqueter (Tang&F.T.Wang)Tatanov","Cyperaceae","perennial","S.alterniflora","Poaceae","perennial","invasive",15.3,1022,"SOC","F5","SOC","kg/m2","40-60",0.617124394184168,0.05,3,0.936995153473344,0.05,3,0.416160397,"40-60",40,60,50,"wetland_coastal","perennial",FALSE,0.41760749493389,0.00313730117100739,0.416988014483146,122
"R46","Effects of Spartina alterniflora invasion on soil carbon dynamics in wetlands of the Yangtze River estuary","31.25-31.28","121.50-122.05","field","SiltIsland","Bolboschoenoplectusmariqueter (Tang&F.T.Wang)Tatanov","Cyperaceae","perennial","S.alterniflora","Poaceae","perennial","invasive",15.3,1022,"SOC","F5","SOC","kg/m2","60-80",0.539579967689822,0.05,3,0.798061389337641,0.08,3,0.393042588,"60-80",60,80,70,"wetland_coastal","perennial",FALSE,0.391394524211222,0.00621179439730698,0.391638174347115,123
"R46","Effects of Spartina alterniflora invasion on soil carbon dynamics in wetlands of the Yangtze River estuary","31.25-31.28","121.50-122.05","field","SiltIsland","Bolboschoenoplectusmariqueter (Tang&F.T.Wang)Tatanov","Cyperaceae","perennial","S.alterniflora","Poaceae","perennial","invasive",15.3,1022,"SOC","F5","SOC","kg/m2","80-100",0.390953150242326,0.04,3,0.432956381260097,0.04,3,0.09763847,"80-100",80,100,90,"wetland_coastal","perennial",FALSE,0.102049254354171,0.00633457277275067,0.101727152492931,124
"R47","Spartina alterniflora invasion affects methane emissions in the Yangtze River estuary","31.25-31.28","121.50-122.05","field","SiltIsland","P.australis","Poaceae","perennial","S.alterniflora","Poaceae","perennial","invasive",15.3,1022,"SOC","T1","SOC","mg/g","0-20",2.03,0.08,4,3.36,0.14,4,0.503905181,"0-20",0,20,10,"wetland_coastal","perennial",FALSE,0.503905180921417,0.000822292477236634,0.503928062460576,125
"R47","Spartina alterniflora invasion affects methane emissions in the Yangtze River estuary","31.25-31.28","121.50-122.05","field","SiltIsland","P.australis","Poaceae","perennial","S.alterniflora","Poaceae","perennial","invasive",15.3,1022,"SOC","T1","SOC","mg/g","0-20",0.66,0.08,4,3.77,0.26,4,1.742590445,"0-20",0,20,10,"wetland_coastal","perennial",FALSE,1.74259044542159,0.00486215522427824,1.74134842845154,126
"R48","Non-linear impacts of Eucalyptus plantation stand age on soil microbial metabolic diversity","22.14-22.21","107.47-107.56","field","Forestfarm","Pinusmassonia Lamb.","PiceaeSpreng.exF.Rudolphi","n/a","EucalyptusurophyllaS.T.Blake&Eucalyptusgrandis W.HillexMaiden","MyrtaceaeJuss.","n/a","turalized",NA,NA,"SOC","T1","SOC","g/kg","0-10",13.35,0.85,3,17.17,0.79,3,0.25164729,"0-10",0,10,5,"forest",NA,FALSE,0.251647290063126,0.00205696198172053,0.251324463933205,127
"R49","Changes in plant community and soil ecological indicators in response to Prosopis juliflora and Acacia mearnsii invasion and removal in two biodiversity hotspots in Southern India","10.2942","79.8579","field","plain","n/a","n/a","n/a","Prosopisjuliflora (Sw.)DC.","Fabaceae","n/a","turalized",29.5,1250,"SOC","T2","SOC","mg/g","0-10",6.7,1.13142307293221,12,7.9,1.30561772878187,12,0.164755233,"0-10",0,10,5,"grassland",NA,TRUE,0.164755233076055,0.00465252600597714,0.164705097902087,128
"R49","Changes in plant community and soil ecological indicators in response to Prosopis juliflora and Acacia mearnsii invasion and removal in two biodiversity hotspots in Southern India","10.2942","79.8579","field","plain","n/a","n/a","n/a","Acaciapolystachya A.Cunn_exBenth.","Fabaceae","n/a","turalized",29.5,1250,"SOC","T2","SOC","mg/g","0-10",119,20.0954247281989,12,142,23.4680655046868,12,0.176703564,"0-10",0,10,5,"grassland",NA,TRUE,0.176703564489731,0.00465252600597714,0.176653429315763,129
"R51","Biochemical characterization and mycorrhizal fungal community of plant species in the Brazilian seasonal dry forest","-37.82","-6.81","field","n/a","M.tenuiflora","Fabaceae","n/a","Ctenitismadagascariensis","DryopteridaceaeHene","n/a","invasive",28,936.07,"SOC","T1","SOC","g/kg","0-20",2.1,0.18,12,4.59,0.27,12,0.781942679,"0-20",0,20,10,NA,NA,FALSE,0.781942679343076,0.000900595532330579,0.781780732211283,130
"R52","Characteristics of Particulate Organic Carbon and Nitrogen in Soil of Leucaena leucocephala Plantation in the Dry-hot Valley","25.31-26.07","101.36-102.07","field","rivervalley","TermiliafranchetiiGagnep.\PhyllanthusemblicaLinn.\Dodoeaviscosa(L.)Jacq)\(OsteomelesschwerieSchneid.)\(DiospyrosdumetorumW.W.Smith)","n/a","n/a","Leucaeleucocephala(Lam.)deWit","Fabaceae","n/a","invasive",NA,NA,"SOC","T2","SOC","g/kg","0-10",13.42,2.42,4,61.06,15.31,4,1.51515856,"0-10",0,10,5,"wetland_coastal",NA,FALSE,1.5151108557632,0.0238467933585614,1.51890471737126,131
"R53","Response of bacterial community characteristics in the rhizosphere soil of Stellera chamaejasme L. to its expansion on the Qinghai-Tibet Plateau","30.3-30.4","101.37-101.43","field","plateau","n/a","n/a","n/a","Stellerachamaejasme L.","ThymelaeaceaeJuss.","n/a","invasive",7,NA,"SOC","T1","SOC","g/kg","0-20",50.79,1.71,3,54.5,2.6,3,0.070501217,"0-20",0,20,10,"grassland",NA,FALSE,0.0705012168560448,0.00113647998285225,0.0706916110985496,132
"R58","Transition From Sagebrush Steppe to Annual Grass (Bromus tectorum): Influence on Belowground Carbon and Nitrogen","n/a","n/a","field","grassland","Artemisiatridentata Nutt.","AsteraceaeBercht.&J.Presl","n/a","Bromustectorum L.","Poaceae","annual","invasive",NA,NA,"SOC","F3","SOC","mg/ha","9cm-1m",44.5384615384615,3.23,4,38.5384615384615,3.23,4,-0.144690999,"9cm-1m",NA,NA,NA,"grassland","annual",FALSE,-0.144696376488131,0.0030709737770706,-0.144475734815425,133
"R59","Chromoleana odorata fallow-cropping cycles maintain soil carbon stocks and yam yields 40 years after conversion of native- to farmland, implications for forest conservation","4.55-5.00","6.10-6.15","field","forest&grassland","forest","Lecaniodiscuscupanioides(Sapindaceae),Dialiumguineense(Caesalpiniaceae),Antiarisafrica(Moraceae),Diospyrosmespiliformis
(Ebeceae),Colagigantea(Sterculiaceae),Olaxsubscorpioidea(Olacaceae),Mimusopskumel(Sapotaceae),Milletiazechi
(Fabaceae),Griffoniasimplicifolia(Caesalpiniaceae),Celtisprantlii(Ulmaceae),Olyralatifolia(Poaceae),Uvariaovata(Annoceae)","n/a","Chromolaeodorata (L.)R.M.King&H.Rob.)","AsteraceaeBercht.&J.Presl","perennial","invasive",27.9,1218,"SOC","T4","SOC","g/kg","0-10",21.9,3.35410196624968,5,23.4,4.91934955049954,5,0.066249386,"0-10",0,10,5,"forest","perennial",FALSE,0.0662493855412007,0.0135305256581678,0.0683233366795359,134
"R59","Chromoleana odorata fallow-cropping cycles maintain soil carbon stocks and yam yields 40 years after conversion of native- to farmland, implications for forest conservation","4.55-5.00","6.10-6.15","field","forest&grassland","forest","Lecaniodiscuscupanioides(Sapindaceae),Dialiumguineense(Caesalpiniaceae),Antiarisafrica(Moraceae),Diospyrosmespiliformis
(Ebeceae),Colagigantea(Sterculiaceae),Olaxsubscorpioidea(Olacaceae),Mimusopskumel(Sapotaceae),Milletiazechi
(Fabaceae),Griffoniasimplicifolia(Caesalpiniaceae),Celtisprantlii(Ulmaceae),Olyralatifolia(Poaceae),Uvariaovata(Annoceae)","n/a","Chromolaeodorata (L.)R.M.King&H.Rob.)","AsteraceaeBercht.&J.Presl","perennial","invasive",27.9,1218,"SOC","T4","SOC","g/kg","10-20",12.7,1.78885438199983,5,13.3,3.35410196624968,5,0.046162042,"10-20",10,20,15,"forest","perennial",FALSE,0.0461620417631626,0.0166877772841983,0.0505379224692459,135
"R59","Chromoleana odorata fallow-cropping cycles maintain soil carbon stocks and yam yields 40 years after conversion of native- to farmland, implications for forest conservation","4.55-5.00","6.10-6.15","field","forest&grassland","forest","Lecaniodiscuscupanioides(Sapindaceae),Dialiumguineense(Caesalpiniaceae),Antiarisafrica(Moraceae),Diospyrosmespiliformis
(Ebeceae),Colagigantea(Sterculiaceae),Olaxsubscorpioidea(Olacaceae),Mimusopskumel(Sapotaceae),Milletiazechi
(Fabaceae),Griffoniasimplicifolia(Caesalpiniaceae),Celtisprantlii(Ulmaceae),Olyralatifolia(Poaceae),Uvariaovata(Annoceae)","n/a","Chromolaeodorata (L.)R.M.King&H.Rob.)","AsteraceaeBercht.&J.Presl","perennial","invasive",27.9,1218,"SOC","T4","SOC","g/kg","20-40",8,1.34164078649987,5,7.6,2.01246117974981,5,-0.051293294,"20-40",20,40,30,"forest","perennial",FALSE,-0.0512932943875506,0.0196485457063712,-0.047094021534365,136
"R59","Chromoleana odorata fallow-cropping cycles maintain soil carbon stocks and yam yields 40 years after conversion of native- to farmland, implications for forest conservation","4.55-5.00","6.10-6.15","field","forest&grassland","grassland","Brideliaferruginea(Euphorbiacea),Cussoniabarteri(Araliaceae),Crossopteryxfebrifuga(Rubiaceae),Termiliaglaucescens
(Combretaceae),Annosenegalensis(Annoceae),Piliostigmathonningii(Ceasalpiniaceae),Borassusaethiopum(Araceae),
Hyparrheniadiplandra(Poaceae),Imperatacylindrica(Poaceae),Andropogonschirensis(Poaceae)","n/a","Chromolaeodorata (L.)R.M.King&H.Rob.)","AsteraceaeBercht.&J.Presl","perennial","invasive",27.9,1218,"SOC","T4","SOC","g/kg","0-10",10.2,5.59016994374947,5,14.2,2.23606797749979,5,0.330854244,"0-10",0,10,5,"forest","perennial",FALSE,0.33085424431699,0.0650323822929562,0.303297386636094,137
"R59","Chromoleana odorata fallow-cropping cycles maintain soil carbon stocks and yam yields 40 years after conversion of native- to farmland, implications for forest conservation","4.55-5.00","6.10-6.15","field","forest&grassland","grassland","Brideliaferruginea(Euphorbiacea),Cussoniabarteri(Araliaceae),Crossopteryxfebrifuga(Rubiaceae),Termiliaglaucescens
(Combretaceae),Annosenegalensis(Annoceae),Piliostigmathonningii(Ceasalpiniaceae),Borassusaethiopum(Araceae),
Hyparrheniadiplandra(Poaceae),Imperatacylindrica(Poaceae),Andropogonschirensis(Poaceae)","n/a","Chromolaeodorata (L.)R.M.King&H.Rob.)","AsteraceaeBercht.&J.Presl","perennial","invasive",27.9,1218,"SOC","T4","SOC","g/kg","10-20",6.8,3.35410196624968,5,8.7,2.23606797749979,5,0.246400413,"10-20",10,20,15,"forest","perennial",FALSE,0.246400413478477,0.0618709544623145,0.228676721159461,138
"R59","Chromoleana odorata fallow-cropping cycles maintain soil carbon stocks and yam yields 40 years after conversion of native- to farmland, implications for forest conservation","4.55-5.00","6.10-6.15","field","forest&grassland","grassland","Brideliaferruginea(Euphorbiacea),Cussoniabarteri(Araliaceae),Crossopteryxfebrifuga(Rubiaceae),Termiliaglaucescens
(Combretaceae),Annosenegalensis(Annoceae),Piliostigmathonningii(Ceasalpiniaceae),Borassusaethiopum(Araceae),
Hyparrheniadiplandra(Poaceae),Imperatacylindrica(Poaceae),Andropogonschirensis(Poaceae)","n/a","Chromolaeodorata (L.)R.M.King&H.Rob.)","AsteraceaeBercht.&J.Presl","perennial","invasive",27.9,1218,"SOC","T4","SOC","g/kg","20-40",5.2,1.78885438199983,5,5.2,2.68328157299975,5,0,"20-40",20,40,30,"forest","perennial",FALSE,0,0.076923076923077,0.0147928994082841,139
"R60","Effects of the invasion of Ambrosia artemisiifolia and Bidens pilosa on soil microbial community structures and carbon metabolic pathways","39.3042","116.3607","greenhouse","Homogeneousorchardsinthefield","Setariaviridis (L.)P.Beauv.","Poaceae","annual","AmbrosiaartemisiifoliaL.","AsteraceaeBercht.&J.Presl","annual","invasive",NA,513,"SOC","F2-1","SOC","g/kg","n/a",10.7999999999999,0.225,5,12.94,0.225,5,0.180777155,"n/a",NA,NA,NA,"forest","annual",FALSE,0.18077715494259,0.000147273677358958,0.180763986225714,140
"R60","Effects of the invasion of Ambrosia artemisiifolia and Bidens pilosa on soil microbial community structures and carbon metabolic pathways","39.3042","116.3607","greenhouse","Homogeneousorchardsinthefield","Melilotusofficilis (L.)Pall.","Fabaceae","perennial","AmbrosiaartemisiifoliaL.","AsteraceaeBercht.&J.Presl","annual","invasive",NA,513,"SOC","F2-1","SOC","g/kg","n/a",9.33749999999999,0.225,5,12.9374999999999,0.1125,5,0.326017037,"n/a",NA,NA,NA,"forest","annual",FALSE,0.326091520566646,0.000131250032585303,0.326041018423699,141
"R60","Effects of the invasion of Ambrosia artemisiifolia and Bidens pilosa on soil microbial community structures and carbon metabolic pathways","39.3042","116.3607","greenhouse","Homogeneousorchardsinthefield","Chenopodiumalbum L.","Amaranthaceae","annual","AmbrosiaartemisiifoliaL.","AsteraceaeBercht.&J.Presl","annual","invasive",NA,513,"SOC","F2-1","SOC","g/kg","n/a",8.8875,0.337,5,12.9374999999999,0.337,5,0.37539624,"n/a",NA,NA,NA,"forest","annual",FALSE,0.375484275896221,0.000423264269377236,0.375408346643747,142
"R60","Effects of the invasion of Ambrosia artemisiifolia and Bidens pilosa on soil microbial community structures and carbon metabolic pathways","39.3042","116.3607","greenhouse","Homogeneousorchardsinthefield","Setariaviridis (L.)P.Beauv.","Poaceae","annual","Bidenspilosa L.","AsteraceaeBercht.&J.Presl","annual","invasive",NA,513,"SOC","F2-1","SOC","g/kg","n/a",10.9325153374233,0,5,14.1349693251533,0.3312,5,0.256788895,"n/a",NA,NA,NA,"forest","annual",FALSE,0.256910413785023,0.000109804695312501,0.256965316132679,143
"R60","Effects of the invasion of Ambrosia artemisiifolia and Bidens pilosa on soil microbial community structures and carbon metabolic pathways","39.3042","116.3607","greenhouse","Homogeneousorchardsinthefield","Melilotusofficilis (L.)Pall.","Fabaceae","perennial","Bidenspilosa L.","AsteraceaeBercht.&J.Presl","annual","invasive",NA,513,"SOC","F2-1","SOC","g/kg","n/a",8.94478527607361,0.331,5,14.2453987730061,0.331,5,0.466221318,"n/a",NA,NA,NA,"forest","annual",FALSE,0.465363249689232,0.000381849429353843,0.465280303343057,144
"R60","Effects of the invasion of Ambrosia artemisiifolia and Bidens pilosa on soil microbial community structures and carbon metabolic pathways","39.3042","116.3607","greenhouse","Homogeneousorchardsinthefield","Chenopodiumalbum L.","Amaranthaceae","annual","Bidenspilosa L.","AsteraceaeBercht.&J.Presl","annual","invasive",NA,513,"SOC","F2-1","SOC","g/kg","n/a",9.38650306748466,0,5,14.1349693251533,0.33,5,0.408654903,"n/a",NA,NA,NA,"forest","annual",FALSE,0.409379007429296,0.000109010450575088,0.409433512654583,145
"R61","The effects of Spartina alterniflora seaward invasion on soil organic carbon fractions, sources and distribution","33.35-33.38","120.30-120.40","field","beach","n/a","n/a","n/a","S.alterniflora","Poaceae","perennial","invasive",NA,NA,"SOC","T2","SOC","mg/g","0-20",1.05,0.15,3,6.35,0.3,3,1.799664649,"0-20",0,20,10,"wetland_coastal","perennial",FALSE,1.79966464873517,0.00754672257643835,1.79663528893495,146
"R2","Alien vs. native plants in a Patagonian wetland elemental ratios and ecosystem stoichiometric impacts","-41.07","-71.27","field","n/a","Eleocharispachycarpa","Cyperaceae","perennial","Potentillaanseri","Rosaceae","perennial","invasive",NA,208.31,"DOC","F5","DOC","mg C/L","n/a",356.626506024096,26.506,55,751.807228915662,43.383471084338,55,0.745784803,"n/a",NA,NA,NA,NA,"perennial",FALSE,0.745790914045368,0.000160982344280424,0.745770967124009,147
"R2","Alien vs. native plants in a Patagonian wetland elemental ratios and ecosystem stoichiometric impacts","-41.07","-71.27","field","n/a","Carexaematorrhyncha","Cyperaceae","perennial","Potentillaanseri","Rosaceae","perennial","invasive",NA,208.31,"DOC","F5","DOC","mg C/L","n/a",479.518072289156,113.253,55,751.807228915662,43.383471084338,55,0.449698029,"n/a",NA,NA,NA,NA,"perennial",FALSE,0.44969836308499,0.00107475166519477,0.449221531503174,148
"R5","Bacterial Succession in Salt Marsh Soils Along a Short-term Invasion Chronosequence of Spartina alterniflora in the Yellow River Estuary, China","31.3-31.17","121.46-122.15","field","wetland","Suaedasalsa","Amaranthaceae","annual","S.alterniflora","Poaceae","perennial","invasive",NA,NA,"DOC","T2","DOC","mg/kg","n/a",9.7,2.56,3,29.12,7.14,3,1.099299338,"n/a",NA,NA,NA,"wetland_coastal","perennial",FALSE,1.09929933781915,0.0432572427205749,1.09771047237602,149
"R5","Bacterial Succession in Salt Marsh Soils Along a Short-term Invasion Chronosequence of Spartina alterniflora in the Yellow River Estuary, China","31.3-31.17","121.46-122.15","field","wetland","Suaedasalsa","Amaranthaceae","annual","S.alterniflora","Poaceae","perennial","invasive",NA,NA,"DOC","T2","DOC","mg/kg","n/a",8.23,1.93,3,42.59,19.33,3,1.643833469,"n/a",NA,NA,NA,"wetland_coastal","perennial",FALSE,1.64383346924614,0.0869950135038646,1.66899965793354,150
"R5","Bacterial Succession in Salt Marsh Soils Along a Short-term Invasion Chronosequence of Spartina alterniflora in the Yellow River Estuary, China","31.3-31.17","121.46-122.15","field","wetland","Suaedasalsa","Amaranthaceae","annual","S.alterniflora","Poaceae","perennial","invasive",NA,NA,"DOC","T2","DOC","mg/kg","n/a",5.97,1.13,3,0.82,0.36,3,-1.985197866,"n/a",NA,NA,NA,"wetland_coastal","perennial",FALSE,-1.98519786612835,0.0761897440574952,-1.95904526641409,151
"R8","Changes in Soil Organic Carbon Dymics in a tive C4 Plant-Domited Tidal Marsh Following Sparti alterniflora Invasion","26.0036–26.0342","119.3412–119.4040","field","n/a","C.malaccensis","Cyperaceae","annual","S.alterniflora","Poaceae","perennial","invasive",19.6,1350,"DOC","F3","DOC","g/kg","0-10",73.9946380697051,12.5469,3,99.4101876675603,9.9731,3,0.295322763,"0-10",0,10,5,NA,"perennial",FALSE,0.29526196797455,0.0129389776114019,0.292147361600649,152
"R8","Changes in Soil Organic Carbon Dymics in a tive C4 Plant-Domited Tidal Marsh Following Sparti alterniflora Invasion","26.0036–26.0342","119.3412–119.4040","field","n/a","C.malaccensis","Cyperaceae","annual","S.alterniflora","Poaceae","perennial","invasive",19.6,1350,"DOC","F3","DOC","g/kg","10-20",54.3699731903485,7.7212,3,62.4128686327077,3.5389,3,0.137912988,"10-20",10,20,15,NA,"perennial",FALSE,0.137959444140254,0.00779417389503312,0.135134041912508,153
"R8","Changes in Soil Organic Carbon Dymics in a tive C4 Plant-Domited Tidal Marsh Following Sparti alterniflora Invasion","26.0036–26.0342","119.3412–119.4040","field","n/a","C.malaccensis","Cyperaceae","annual","S.alterniflora","Poaceae","perennial","invasive",19.6,1350,"DOC","F3","DOC","g/kg","20-30",40.5361930294906,8.6863,3,41.1796246648793,12.2252,3,0.015663561,"20-30",20,30,25,NA,"perennial",FALSE,0.0157483569681382,0.0446842770763224,0.0227844684842308,154
"R8","Changes in Soil Organic Carbon Dymics in a tive C4 Plant-Domited Tidal Marsh Following Sparti alterniflora Invasion","26.0036–26.0342","119.3412–119.4040","field","n/a","C.malaccensis","Cyperaceae","annual","S.alterniflora","Poaceae","perennial","invasive",19.6,1350,"DOC","F3","DOC","g/kg","30-40",41.1796246648793,2.5737,3,39.8927613941018,3.5389,3,-0.031827036,"30-40",30,40,35,NA,"perennial",FALSE,-0.0317486983145809,0.00392523065290481,-0.0310881394661315,155
"R8","Changes in Soil Organic Carbon Dymics in a tive C4 Plant-Domited Tidal Marsh Following Sparti alterniflora Invasion","26.0036–26.0342","119.3412–119.4040","field","n/a","C.malaccensis","Cyperaceae","annual","S.alterniflora","Poaceae","perennial","invasive",19.6,1350,"DOC","F3","DOC","g/kg","40-50",31.5281501340482,4.1823,3,31.8498659517426,3.5389,3,0.010097908,"40-50",40,50,45,NA,"perennial",FALSE,0.010152371464019,0.00998088257774986,0.00927721699417164,156
"R10","Effects of Canada Goldenrod Invasion on Soil Extracellular Enzyme Activities and Ecoenzymatic Stoichiometry","32.14","119.29","field","grassland","P.australis","Poaceae","perennial","P.australis","compositae","perennial","invasive",17.7,1272.1,"DOC","T1","DOC","(×10−1 mg C g−1 soil","0-15",2.86,0.04,4,2.41,0.03,4,-0.171194877,"0-15",0,15,7.5,"grassland","perennial",FALSE,-0.171194877329198,8.76411492318889e-05,-0.171199958901386,157
"R12","Effects of Invasive Spartina alterniﬂora Loisel. and Subsequent Ecological Replacement bySonneratia apetala Buch.-Ham. on Soil OrganicCarbon Fractions and Stock","22.26","113.38","field","n/a","KandeliaobovataSheue&al.","Rhizophoraceae Pers.","n/a","S.alterniflora","Poaceae","perennial","invasive",22.4,NA,"DOC","F2","DOC","mg/kg","0-10",37.2857142857142,7.1987,3,101.571428571428,5.9572,3,1.002023022,"0-10",0,10,5,NA,"perennial",FALSE,1.00215202248054,0.0135717804151089,0.996512753521273,158
"R12","Effects of Invasive Spartina alterniﬂora Loisel. and Subsequent Ecological Replacement bySonneratia apetala Buch.-Ham. on Soil OrganicCarbon Fractions and Stock","22.26","113.38","field","n/a","KandeliaobovataSheue&al.","Rhizophoraceae Pers.","n/a","S.alterniflora","Poaceae","perennial","invasive",22.4,NA,"DOC","F2","DOC","mg/kg","10-20",101.25,10.9922,3,82.2857142857142,6.9778,3,-0.207343112,"10-20",10,20,15,NA,"perennial",FALSE,-0.207395194346072,0.00632577564438303,-0.208161088464519,159
"R12","Effects of Invasive Spartina alterniﬂora Loisel. and Subsequent Ecological Replacement bySonneratia apetala Buch.-Ham. on Soil OrganicCarbon Fractions and Stock","22.26","113.38","field","n/a","KandeliaobovataSheue&al.","Rhizophoraceae Pers.","n/a","S.alterniflora","Poaceae","perennial","invasive",22.4,NA,"DOC","F2","DOC","mg/kg","20-30",51.4285714285714,11.9102,3,154.285714285714,8.6275,3,1.098612289,"20-30",20,30,25,NA,"perennial",FALSE,1.09861228866811,0.0189198579955104,1.09019467050033,160
"R12","Effects of Invasive Spartina alterniﬂora Loisel. and Subsequent Ecological Replacement bySonneratia apetala Buch.-Ham. on Soil OrganicCarbon Fractions and Stock","22.26","113.38","field","n/a","KandeliaobovataSheue&al.","Rhizophoraceae Pers.","n/a","S.alterniflora","Poaceae","perennial","invasive",22.4,NA,"DOC","F2","DOC","mg/kg","30-50",46.9285714285714,5.5101,3,63.6428571428571,9.7123,3,0.30459074,"30-50",30,50,40,NA,"perennial",FALSE,0.304660408986199,0.0123582897749513,0.306244156846645,161
"R14","Exotic grasses and nitrate enrichment alter soil carbon cycling along an urban–rural tropical forest gradient","18.27-18.17","66.6-65.53","field","watershedforest","forest","n/a","n/a","PennisetumpurpureumSchumach.","Poaceae","perennial","invasive",25.7,1750,"DOC","F5","DOC","µg-C g–1","0-20",94.6478873239436,15.2113,3,63.3802816901408,5.0704,3,-0.401037523,"0-20",0,20,10,"forest","perennial",FALSE,-0.401010757758784,0.010743044918921,-0.404248965847832,162
"R17","Frequent Fire Reduces the Magnitude of Positive Interactions Between an Invasive Grass and Soil Microbes in Temperate Forests","37.32","88.45","field","forest","Ulmusspecies,Acerspecies,Fraxinusspecies,Juglansnigra,Quercusspecies,Caryaspecies,andPlatanusocci-dentalis","hardwood","n/a","Microstegium","Poaceae","n/a","invasive",NA,12800,"DOC","T2","DOC","µg-C g soil–1","0-5",84.3,17.4,40,107,12,40,0.238446969,"0-5",0,5,2.5,"forest",NA,FALSE,0.238446969454096,0.00137952070455472,0.238071647043997,163
"R17","Frequent Fire Reduces the Magnitude of Positive Interactions Between an Invasive Grass and Soil Microbes in Temperate Forests","37.32","88.45","field","forest","Ulmusspecies,Acerspecies,Fraxinusspecies,Juglansnigra,Quercusspecies,Caryaspecies,andPlatanusocci-dentalis","hardwood","n/a","Microstegium","Poaceae","n/a","invasive",NA,12800,"DOC","T2","DOC","µg-C g soil–1","5-10",49.2,10.1,40,73.1,8.1,40,0.395934743,"5-10",5,10,7.5,"forest",NA,FALSE,0.39593474325747,0.0013604991012185,0.395561449117155,164
"R17","Frequent Fire Reduces the Magnitude of Positive Interactions Between an Invasive Grass and Soil Microbes in Temperate Forests","37.32","88.45","field","forest","Ulmusspecies,Acerspecies,Fraxinusspecies,Juglansnigra,Quercusspecies,Caryaspecies,andPlatanusocci-dentalis","hardwood","n/a","Microstegium","Poaceae","n/a","invasive",NA,12800,"DOC","T2","DOC","µg-C g soil–1","10-15",42.7,8.8,40,77.9,8.6,40,0.601227033,"10-15",10,15,12.5,"forest",NA,FALSE,0.601227032642124,0.00136650948812154,0.600848470560556,165
"R19","Impacts of Spartina alterniflora invasion on soil carbon contents and stability in the Yellow River Delta, China","37.4-37.5","119.1-119.2","field","delta","Phragmitesaustralis","Poaceae","perennial","S.alterniflora","Poaceae","perennial","invasive",NA,NA,"DOC","F2","DOC","mg/kg","0-30",45.29284164859,0.7809,3,107.505422993492,3.1236,3,0.864497609,"0-30",0,30,15,"wetland_coastal","perennial",FALSE,0.8643922937465,0.000380488647966037,0.864483452491127,166
"R19","Impacts of Spartina alterniflora invasion on soil carbon contents and stability in the Yellow River Delta, China","37.4-37.5","119.1-119.2","field","delta","Suaedasalsa","Amaranthaceae","annual","S.alterniflora","Poaceae","perennial","invasive",NA,NA,"DOC","F2","DOC","mg/kg","0-30",25.5097613882863,1.3015,3,107.505422993492,3.1236,3,1.438513334,"0-30",0,30,15,"wetland_coastal","perennial",FALSE,1.43848011429046,0.00114907250050179,1.43818698110882,167
"R19","Impacts of Spartina alterniflora invasion on soil carbon contents and stability in the Yellow River Delta, China","37.4-37.5","119.1-119.2","field","delta","T.chinensi","TaxaceaeGray","n/a","S.alterniflora","Poaceae","perennial","invasive",NA,NA,"DOC","F2","DOC","mg/kg","0-30",30.9761388286334,0.7809,3,107.505422993492,3.1236,3,1.244242032,"0-30",0,30,15,"wetland_coastal","perennial",FALSE,1.2443240998495,0.000493246511911556,1.24435887966215,168
"R21","Invasion effects of Chromolaena odorata on soil carbon and nitrogen fractions in a tropical savanna","108.470–108.490","19.050–19.170","field","grassland","Hyptissuavedens,Eragrostiszylindrica,Tridaxprocumbens","Grass","n/a","Chromolaeodorata L.","AsteraceaeBercht.&J.Presl","perennial","invasive",24.6,1019,"DOC","F3","DOC","mg/kg","0-10",71.2280701754385,3.8207,3,96.8810916179337,4.3665,3,0.307559021,"0-10",0,10,5,"grassland","perennial",FALSE,0.307597382152723,0.00163621950727633,0.307456395494493,169
"R21","Invasion effects of Chromolae odorata on soil carbon and nitrogen fractions in a tropical savan","108.470–108.490","19.050–19.170","field","grassland","Hyptissuavedens,Eragrostiszylindrica,Tridaxprocumbens","Grass","n/a","Chromolaeodorata L.","AsteraceaeBercht.&J.Presl","perennial","invasive",24.6,1019,"DOC","F3","DOC","mg/kg","10-20",104.522417153996,5.371,3,96.8810916179337,4.3665,3,-0.075905341,"10-20",10,20,15,"grassland","perennial",FALSE,-0.0759171997052294,0.0015573003896459,-0.0760187268046442,170
"R21","Invasion effects of Chromolae odorata on soil carbon and nitrogen fractions in a tropical savan","108.470–108.490","19.050–19.170","field","forest","Crotonlaui,Microcospaniculata,Dimocarpuslongga","Forest","n/a","Chromolaeodorata L.","AsteraceaeBercht.&J.Presl","perennial","invasive",24.6,1019,"DOC","F3","DOC","mg/kg","0-10",46.120857699805,8.7329,3,69.0448343079922,3.8206,3,0.403439351,"0-10",0,10,5,"forest","perennial",FALSE,0.403490773804448,0.0129715660778674,0.39802564702767,171
"R21","Invasion effects of Chromolae odorata on soil carbon and nitrogen fractions in a tropical savan","108.470–108.490","19.050–19.170","field","forest","Crotonlaui,Microcospaniculata,Dimocarpuslongga","Forest","n/a","Chromolaeodorata L.","AsteraceaeBercht.&J.Presl","perennial","invasive",24.6,1019,"DOC","F3","DOC","mg/kg","10-20",96.6081871345029,1.3645,3,69.0448343079922,3.8206,3,-0.335996209,"10-20",10,20,15,"forest","perennial",FALSE,-0.335907424406254,0.0010871526355319,-0.335430344461864,172
"R25","Methane production potential and methanogenic Methane production potential and methanogenic archaea community dynamics along the Spartina alterniflora invasion chronosequence in a coastal salt marsh","33.36","120.36","field","swamp","Suaedasalsa","Amaranthaceae","annual","S.alterniflora","Poaceae","perennial","invasive",NA,NA,"DOC","T1","DOC","g C kg−1","0-20",0.3,0.03,3,0.46,0.02,3,0.427444015,"0-20",0,20,10,"wetland_coastal","perennial",FALSE,0.42744401482694,0.00396345305608066,0.426092408021647,173
"R29","Response of topsoil Fe-bound organic carbon pool and microbial community to Spartina alterniflora invasion in coastal wetlands","n/a","n/a","field","n/a","Kandeliaobovata Sheue&al.","Rhizophoraceae Pers.","n/a","S.alterniflora","Poaceae","perennial","invasive",NA,NA,"DOC","T1","DOC","g/kg","n/a",0.04,0.01,3,0.08,0.01,3,0.693147181,"n/a",NA,NA,NA,NA,"perennial",FALSE,0.693147180559945,0.0260416666666667,0.685334680559945,174
"R29","Response of topsoil Fe-bound organic carbon pool and microbial community to Spartina alterniflora invasion in coastal wetlands","n/a","n/a","field","n/a","Avicenniamari (Forsk.)Vierh.","Acanthaceae","n/a","S.alterniflora","Poaceae","perennial","invasive",NA,NA,"DOC","T1","DOC","g/kg","n/a",0.06,0.01,3,0.07,0,3,0.15415068,"n/a",NA,NA,NA,NA,"perennial",FALSE,0.154150679827258,0.00925925925925926,0.149521050197629,175
"R29","Response of topsoil Fe-bound organic carbon pool and microbial community to Spartina alterniflora invasion in coastal wetlands","n/a","n/a","field","n/a","Avicenniamari (Forsk.)Vierh.","Acanthaceae","n/a","S.alterniflora","Poaceae","perennial","invasive",NA,NA,"DOC","T1","DOC","g/kg","n/a",0.07,0,3,0.07,0.01,3,0,"n/a",NA,NA,NA,NA,"perennial",FALSE,0,0.00680272108843537,0.00340136054421769,176
"R29","Response of topsoil Fe-bound organic carbon pool and microbial community to Spartina alterniflora invasion in coastal wetlands","n/a","n/a","field","n/a","Avicenniamari (Forsk.)Vierh.","Acanthaceae","n/a","S.alterniflora","Poaceae","perennial","invasive",NA,NA,"DOC","T1","DOC","g/kg","n/a",0.11,0.01,3,0.08,0.01,3,-0.318453731,"n/a",NA,NA,NA,NA,"perennial",FALSE,-0.318453731118535,0.00796315426997245,-0.317226974920187,177
"R29","Response of topsoil Fe-bound organic carbon pool and microbial community to Spartina alterniflora invasion in coastal wetlands","n/a","n/a","field","n/a","Phragmitesaustralis","Poaceae","perennial","S.alterniflora","Poaceae","perennial","invasive",NA,NA,"DOC","T1","DOC","g/kg","n/a",0.07,0,3,0.07,0.01,3,0,"n/a",NA,NA,NA,NA,"perennial",FALSE,0,0.00680272108843537,0.00340136054421769,178
"R29","Response of topsoil Fe-bound organic carbon pool and microbial community to Spartina alterniflora invasion in coastal wetlands","n/a","n/a","field","n/a","Phragmitesaustralis","Poaceae","perennial","S.alterniflora","Poaceae","perennial","invasive",NA,NA,"DOC","T1","DOC","g/kg","n/a",0.17,0.01,3,0.16,0.01,3,-0.060624622,"n/a",NA,NA,NA,NA,"perennial",FALSE,-0.0606246218164349,0.00245548587081892,-0.060550281418511,179
"R33","The effect of plant invasion on soil microbial carbon-use efficiency in semiarid grasslands of the Rocky Mountain West","46.5145","114.0042","field","n/a","Pseudoroegneriaspicata(Pursh)ÁLöve","Poaceae","n/a","Bromustectorum L.","Poaceae","annual","invasive",NA,NA,"DOC","T1","DOC","mg/kg","n/a",124.64,19.3,5,141.21,19.55,5,0.124818562,"n/a",NA,NA,NA,NA,"annual",FALSE,0.124818561958722,0.00862892884323093,0.124337572340482,180
"R33","The effect of plant invasion on soil microbial carbon-­use efficiency in semi-­arid grasslands of the Rocky Mountain West","46.4048","114.0140","field","n/a","Elymuselymoides(Raf.)Swezey","Poaceae","n/a","Euphorbiaesula L.","EuphorbiaceaeJuss.","perennial","invasive",7.7,350,"DOC","T1","DOC","mg/kg","n/a",124.64,19.3,5,226.05,26.62,5,0.595326632,"n/a",NA,NA,NA,NA,"perennial",FALSE,0.595326631618176,0.00756901090963494,0.594315683033138,181
"R33","The effect of plant invasion on soil microbial carbon-use efficiency in semiarid grasslands of the Rocky Mountain West","46.5145","114.0042","field","n/a","Koelariamacrantha(Ledeb.)Schult.","Poaceae","n/a","CentaureastoebeL.","AsteraceaeBercht.&J.Presl","annual","invasive",7.7,350,"DOC","T1","DOC","mg/kg","n/a",195.7,22.32,5,238.46,48.22,5,0.197618707,"n/a",NA,NA,NA,NA,"annual",FALSE,0.197618706975955,0.0107796944122944,0.200406976939762,182
"R33","The effect of plant invasion on soil microbial carbon-use efficiency in semiarid grasslands of the Rocky Mountain West","46.4048","114.0140","field","n/a","Boutelouagracilis(Willd.ExKunth)Lag.ExGriffiths","Poaceae","n/a","PotentillarectaLinn.","Rosaceae","perennial","invasive",7.7,350,"DOC","T1","DOC","mg/kg","n/a",176.46,30.86,5,233.76,30.86,5,0.281200726,"n/a",NA,NA,NA,NA,"perennial",FALSE,0.281200726208431,0.00960250180573198,0.27988510656663,183
"R34","The invasive plant Mikania micrantha affects the soil foodweb and plant-soil nutrient contents in orchards","22.35","114.29","field","orchard","Pistaciachinensis Bunge","AcardiaceaeR.Br.","n/a","Mikaniamicrantha KunthinHumb.&al.","AsteraceaeBercht.&J.Presl","perennial","invasive",NA,NA,"DOC","T1","DOC","mg/kg","5-10",125,23.78,5,209.53,37.74,5,0.51655319,"5-10",5,10,7.5,"forest","perennial",FALSE,0.516553189898715,0.0137267074816077,0.516178292119519,184
"R34","The invasive plant Mikania micrantha affects the soil foodweb and plant-soil nutrient contents in orchards","22.52","114.22","field","n/a","Pistaciachinensis Bunge","AcardiaceaeR.Br.","n/a","Mikaniamicrantha KunthinHumb.&al.","AsteraceaeBercht.&J.Presl","perennial","invasive",NA,NA,"DOC","T1","DOC","mg/kg","5-10",109.07,20.29,5,321.89,29.86,5,1.082219994,"5-10",5,10,7.5,NA,"perennial",FALSE,1.08221999433326,0.00864228743652852,1.07961990515262,185
"R34","The invasive plant Mikania micrantha affects the soil foodweb and plant-soil nutrient contents in orchards","23.26","113.28","field","n/a","Pistaciachinensis Bunge","AcardiaceaeR.Br.","n/a","Mikaniamicrantha KunthinHumb.&al.","AsteraceaeBercht.&J.Presl","perennial","invasive",NA,NA,"DOC","T1","DOC","mg/kg","5-10",140.24,21.15,5,220,23.59,5,0.450272306,"5-10",5,10,7.5,NA,"perennial",FALSE,0.450272305739382,0.00684844329313618,0.44914762169612,186
"R37","Effects of Spartina Alterniflora Invasion on Soil Physical and Chemical Properties in Wetlands of the Yangtze River","23.90-23.93","117.40-117.50","field","estuary","Mangrove","n/a","n/a","S.alterniflora","Poaceae","perennial","invasive",15.3,1022,"DOC","F4","DOC","mg/L","0-15",257.894736842105,30.26,3,231.578947368421,14.47,3,-0.107607751,"0-15",0,15,7.5,"wetland_coastal","perennial",FALSE,-0.107630664192364,0.00589056400135806,-0.109274525654132,187
"R37","Effects of Spartina Alterniflora Invasion on Soil Physical and Chemical Properties in Wetlands of the Yangtze River","23.90-23.93","117.40-117.50","field","estuary","Mangrove","n/a","n/a","S.alterniflora","Poaceae","perennial","invasive",15.3,1022,"DOC","F4","DOC","mg/L","15-30",273.684210526315,27.63,3,219.736842105263,13.16,3,-0.219514511,"15-30",15,30,22.5,"wetland_coastal","perennial",FALSE,-0.219544267284561,0.00459295264121447,-0.220645146744279,188
"R37","Effects of Spartina Alterniflora Invasion on Soil Physical and Chemical Properties in Wetlands of the Yangtze River","23.90-23.93","117.40-117.50","field","estuary","Mangrove","n/a","n/a","S.alterniflora","Poaceae","perennial","invasive",15.3,1022,"DOC","F4","DOC","mg/L","30-50",231.578947368421,25,3,227.631578947368,14.47,3,-0.017203882,"30-50",30,50,40,"wetland_coastal","perennial",FALSE,-0.0171924005403745,0.00523167582515443,-0.0184612905892298,189
"R37","Effects of Spartina Alterniflora Invasion on Soil Physical and Chemical Properties in Wetlands of the Yangtze River","23.90-23.93","117.40-117.50","field","estuary","Mangrove","n/a","n/a","S.alterniflora","Poaceae","perennial","invasive",15.3,1022,"DOC","F4","DOC","mg/L","50-75",243.421052631578,14.47,3,206.578947368421,17.11,3,-0.1641006,"50-75",50,75,62.5,"wetland_coastal","perennial",FALSE,-0.164110019730013,0.0034645624839231,-0.163555614386177,190
"R37","Effects of Spartina Alterniflora Invasion on Soil Physical and Chemical Properties in Wetlands of the Yangtze River","23.90-23.93","117.40-117.50","field","estuary","Mangrove","n/a","n/a","S.alterniflora","Poaceae","perennial","invasive",15.3,1022,"DOC","F4","DOC","mg/L","75-100",252.631578947368,25,3,230.263157894736,17.11,3,-0.092716862,"75-100",75,100,87.5,"wetland_coastal","perennial",FALSE,-0.0927093981042695,0.00510472527758808,-0.0934212860441792,191
"R39","Substrate availability regulates the suppressive effects of Canada goldenrod invasion on soil respiration","32.14","119.29","field","Shore","P.australis","Poaceae","perennial","SolidagocadensisL.","AsteraceaeBercht.&J.Presl","perennial","invasive",17.1,1272.1,"DOC","T1","DOC","×10–1 mg C g−1 soil","0-10",1.95,0.01,3,2.32,0.02,3,0.173737813,"0-10",0,10,5,"wetland_coastal","perennial",FALSE,0.173737813102563,3.3538259322582e-05,0.173745816069612,192
"R39","Substrate availability regulates the suppressive effects of Cada goldenrod invasion on soil respiration","32.12","119.30","greenhouse","n/a","P.australis","Poaceae","perennial","SolidagocadensisL.","AsteraceaeBercht.&J.Presl","perennial","invasive",17.1,1272.1,"DOC","T2","DOC","×10–1 mg C g−1 soil","0-10",1.49,0.04,3,1.69,0.31,3,0.125952409,"0-10",0,10,5,NA,"perennial",FALSE,0.125952408977614,0.0114559898383149,0.131440174477677,193
"R40","Effect of the invasion by Soildago canadensis on soil properties in Hangzhou bay wetland and reclamation district","121.0958","30.1929","field","wetland","Phaceluruslatifolius (Steud.)Ohwi","Poaceae","perennial","SolidagocadensisL.","AsteraceaeBercht.&J.Presl","perennial","invasive",16,1273,"DOC","F1","DOC","g/kg","0-10",8.39312039312039,1.69,5,8.18673218673218,1.27,5,-0.024126623,"0-10",0,10,5,"wetland_coastal","perennial",FALSE,-0.0248975516217277,0.0129218028591611,-0.0265454485199639,194
"R40","Effect of the invasion by Soildago cadensis on soil properties in Hangzhou bay wetland and reclamation district","121.0958","30.1929","field","wetland","Imperatacylindrica (L.)P.Beauv.","Poaceae","perennial","SolidagocadensisL.","AsteraceaeBercht.&J.Presl","perennial","invasive",16,1273,"DOC","F1","DOC","g/kg","0-10",6.6044226044226,0.38,5,8.18673218673218,1.27,5,0.215844249,"0-10",0,10,5,"wetland_coastal","perennial",FALSE,0.214775301643693,0.00547511046290969,0.216850750943582,195
"R40","Effect of the invasion by Soildago cadensis on soil properties in Hangzhou bay wetland and reclamation district","121.0958","30.1929","field","wetland","Phragmitesaustralis","Poaceae","perennial","SolidagocadensisL.","AsteraceaeBercht.&J.Presl","perennial","invasive",16,1273,"DOC","F1","DOC","g/kg","0-10",7.39557739557739,0.93,5,8.18673218673218,1.27,5,0.101433898,"0-10",0,10,5,"wetland_coastal","perennial",FALSE,0.101632645543812,0.00797565880889097,0.102457820670711,196
"R40","Effect of the invasion by Soildago cadensis on soil properties in Hangzhou bay wetland and reclamation district","121.0958","30.1929","field","wetland","Phaceluruslatifolius (Steud.)Ohwi","Poaceae","perennial","SolidagocadensisL.","AsteraceaeBercht.&J.Presl","perennial","invasive",16,1273,"DOC","F1","DOC","g/kg","10-20",6.74201474201474,0.21,5,4.6093366093366,0.65,5,-0.379832068,"10-20",10,20,15,"wetland_coastal","perennial",FALSE,-0.380274859279608,0.00417126131279512,-0.378383267695472,197
"R40","Effect of the invasion by Soildago cadensis on soil properties in Hangzhou bay wetland and reclamation district","121.0958","30.1929","field","wetland","Imperatacylindrica (L.)P.Beauv.","Poaceae","perennial","SolidagocadensisL.","AsteraceaeBercht.&J.Presl","perennial","invasive",16,1273,"DOC","F1","DOC","g/kg","10-20",3.95577395577395,0.38,5,4.6093366093366,0.65,5,0.151983832,"10-20",10,20,15,"wetland_coastal","perennial",FALSE,0.152907671587661,0.00582280810527645,0.153973489775556,198
"R40","Effect of the invasion by Soildago cadensis on soil properties in Hangzhou bay wetland and reclamation district","121.0958","30.1929","field","wetland","Phragmitesaustralis","Poaceae","perennial","SolidagocadensisL.","AsteraceaeBercht.&J.Presl","perennial","invasive",16,1273,"DOC","F1","DOC","g/kg","10-20",5.4004914004914,0.38,5,4.6093366093366,0.65,5,-0.158171097,"10-20",10,20,15,"wetland_coastal","perennial",FALSE,-0.158406005397399,0.0049674398177669,-0.156912503065748,199
"R41","Effects of moso bamboo invasion on soil active organic carbon and nitrogen in a evergreen broad-leaved forest in subtropical China","30.1830-30.2455","119.2347-119.2827","field","turereserve","forest","n/a","n/a","Phyllostachysedulis","Poaceae","annual","invasive",NA,NA,"DOC","T1","DOC","g/kg","0-20",33.6,10.9,10,36.54,8.55,10,0.083881484,"0-20",0,20,10,NA,"annual",FALSE,0.083881483980702,0.0159989838806113,0.0813571309663591,200
"R43","Effect of invasive plants Ambrosia artemisiifolia L. on soil carbon and nitrogen transition","26.124331","111.354871","field","Forest","TorilisscabraThunb.","Apiaceae","annual","AmbrosiaartemisiifoliaL.","AsteraceaeBercht.&J.Presl","annual","invasive",NA,NA,"DOC","T1","DOC","g/kg","n/a",10.21,0.79,3,19.31,1.12,3,0.637255464,"n/a",NA,NA,NA,"forest","annual",FALSE,0.637255464263849,0.0031170099056589,0.636818332693044,201
"R44","Significant changes in soil microbial community structure and metabolic function after Mikania micrantha invasion","23.1305-23.1943","114.1921-114.2706","field","Forest","forest","MyrtaceaeJuss.","n/a","Mikaniamicrantha KunthinHumb.&al.","AsteraceaeBercht.&J.Presl","perennial","invasive",NA,NA,"DOC","T1","DOC","mg/kg","0-10",46.46,2.17,6,15.61,1.99,6,-1.090679993,"0-10",0,10,5,"forest","perennial",FALSE,-1.09067999281492,0.00307221455499847,-1.08950747375947,202
"R50","Grass invasion of a hardwood forest is associated with declines in belowground carbon pools","33.5327","83.2193","field","forest","Acerrubrum,Quercusnigra,Platanusoccidentalis,andLiquidambarstyraciflua","n/a","n/a","M.vimineum","Poaceae","annual","invasive",NA,NA,"DOC","T2","DOC","ug/g dry wt soil -1","0-10",102.97,31.74538706647,6,87.1,38.0895655002784,6,-0.1673808,"0-10",0,10,5,"forest","annual",FALSE,-0.167380799810202,0.0477143308343578,-0.159364852648441,203
"R54","Effects of Spartina alterniflora invasion on soil organic carbon composition of mangrove wetland in Zhangjiang River Estuary","23.90-23.93","117.40-117.50","field","estuary","Mangrove","n/a","n/a","S.alterniflora","Poaceae","perennial","invasive",21.2,1714.5,"DOC","F4","DOC","mg/L","0-15",261.851851851851,27.22,3,237.222222222222,9.07,3,-0.09878384,"0-15",0,15,7.5,"wetland_coastal","perennial",FALSE,-0.0987815445597815,0.00408928430820079,-0.100338902233629,204
"R54","Effects of Spartina alterniflora invasion on soil organic carbon composition of mangrove wetland in Zhangjiang River Estuary","23.90-23.93","117.40-117.50","field","estuary","Mangrove","n/a","n/a","S.alterniflora","Poaceae","perennial","invasive",21.2,1714.5,"DOC","F4","DOC","mg/L","15-30",273.518518518518,31.11,3,221.666666666666,12.96,3,-0.210184956,"15-30",15,30,22.5,"wetland_coastal","perennial",FALSE,-0.210194576973408,0.00545169439282028,-0.211780993337097,205
"R54","Effects of Spartina alterniflora invasion on soil organic carbon composition of mangrove wetland in Zhangjiang River Estuary","23.90-23.93","117.40-117.50","field","estuary","Mangrove","n/a","n/a","S.alterniflora","Poaceae","perennial","invasive",21.2,1714.5,"DOC","F4","DOC","mg/L","30-50",234.629629629629,23.33,3,230.74074074074,12.96,3,-0.01671827,"30-50",30,50,40,"wetland_coastal","perennial",FALSE,-0.0167134809737411,0.00434723568068637,-0.0178355239820053,206
"R54","Effects of Spartina alterniflora invasion on soil organic carbon composition of mangrove wetland in Zhangjiang River Estuary","23.90-23.93","117.40-117.50","field","estuary","Mangrove","n/a","n/a","S.alterniflora","Poaceae","perennial","invasive",21.2,1714.5,"DOC","F4","DOC","mg/L","50-75",244.999999999999,19.44,3,210,14.26,3,-0.15415068,"50-75",50,75,62.5,"wetland_coastal","perennial",FALSE,-0.154150679827254,0.00363566446079567,-0.154431493161205,207
"R54","Effects of Spartina alterniflora invasion on soil organic carbon composition of mangrove wetland in Zhangjiang River Estuary","23.90-23.93","117.40-117.50","field","estuary","Mangrove","n/a","n/a","S.alterniflora","Poaceae","perennial","invasive",21.2,1714.5,"DOC","F4","DOC","mg/L","75-100",257.962962962962,16.85,3,232.037037037037,16.85,3,-0.105894764,"75-100",75,100,87.5,"wetland_coastal","perennial",FALSE,-0.105919018883734,0.00317998800559556,-0.105751235255958,208
"R55","Invasion Effects of Solidago canadensis on Soil Nutrients and Active Organic Carbon Components in Reclamation District of Hangzhou Bay Wetland","30.1929","121.0958","field","wetland","Phaceluruslatifolius (Steud.)Ohwi","Poaceae","perennial","SolidagocadensisL.","AsteraceaeBercht.&J.Presl","perennial","invasive",16,1273,"DOC","F4","DOC","g/kg","0-10",0.329519450800915,0.06,5,0.239130434782608,0.03,5,-0.318453731,"0-10",0,10,5,"wetland_coastal","perennial",FALSE,-0.320626228171137,0.00977863665059691,-0.322367777901394,209
"R55","Invasion Effects of Solidago canadensis on Soil Nutrients and Active Organic Carbon Components in Reclamation District of Hangzhou Bay Wetland","30.1929","121.0958","field","wetland","Imperatacylindrica (L.)P.Beauv.","Poaceae","perennial","SolidagocadensisL.","AsteraceaeBercht.&J.Presl","perennial","invasive",16,1273,"DOC","F4","DOC","g/kg","0-10",0.414187643020594,0.05,5,0.239130434782608,0.03,5,-0.535518236,"0-10",0,10,5,"wetland_coastal","perennial",FALSE,-0.549309959860961,0.00606234690461676,-0.549193364718228,210
"R55","Invasion Effects of Solidago canadensis on Soil Nutrients and Active Organic Carbon Components in Reclamation District of Hangzhou Bay Wetland","30.1929","121.0958","field","wetland","P.australis","Poaceae","perennial","SolidagocadensisL.","AsteraceaeBercht.&J.Presl","perennial","invasive",16,1273,"DOC","F4","DOC","g/kg","0-10",0.250572082379862,0.04,5,0.239130434782608,0.03,5,-0.040821995,"0-10",0,10,5,"wetland_coastal","perennial",FALSE,-0.0467374778516899,0.00824441628795853,-0.0477119174006279,211
"R55","Invasion Effects of Solidago canadensis on Soil Nutrients and Active Organic Carbon Components in Reclamation District of Hangzhou Bay Wetland","30.1929","121.0958","field","wetland","Phaceluruslatifolius (Steud.)Ohwi","Poaceae","perennial","SolidagocadensisL.","AsteraceaeBercht.&J.Presl","perennial","invasive",16,1273,"DOC","F4","DOC","g/kg","10-20",0.320366132723112,0.03,5,0.187643020594965,0.03,5,-0.521296924,"10-20",10,20,15,"wetland_coastal","perennial",FALSE,-0.534923175345054,0.00686599503514676,-0.533243974766257,212
"R55","Invasion Effects of Solidago canadensis on Soil Nutrients and Active Organic Carbon Components in Reclamation District of Hangzhou Bay Wetland","30.1929","121.0958","field","wetland","Imperatacylindrica (L.)P.Beauv.","Poaceae","perennial","SolidagocadensisL.","AsteraceaeBercht.&J.Presl","perennial","invasive",16,1273,"DOC","F4","DOC","g/kg","10-20",0.314645308924485,0.04,5,0.187643020594965,0.03,5,-0.489548225,"10-20",10,20,15,"wetland_coastal","perennial",FALSE,-0.516904669842376,0.00834446679058612,-0.515964705141298,213
"R55","Invasion Effects of Solidago canadensis on Soil Nutrients and Active Organic Carbon Components in Reclamation District of Hangzhou Bay Wetland","30.1929","121.0958","field","wetland","P.australis","Poaceae","perennial","SolidagocadensisL.","AsteraceaeBercht.&J.Presl","perennial","invasive",16,1273,"DOC","F4","DOC","g/kg","10-20",0.271167048054919,0.08,5,0.187643020594965,0.03,5,-0.351397887,"10-20",10,20,15,"wetland_coastal","perennial",FALSE,-0.368193713310933,0.0225196876368652,-0.374341359032994,214
"R1","Effect of Invasive Plants (Conyza sumatrenss and Alternthera philoxeroides) on Soil Carbon and Nitrogen Processes","31.23-31.60","118.34-119.22","greenhouse","ricefields","DigitariasanguilisL.","Poaceae","annual","Alterntheraphiloxeroides","Amaranthaceae","annual","invasive",NA,NA,"MBC","F1","MBC","ug/g","n/a",237.652811735941,15.40342298,7,528.117359413203,37.40831296,7,0.798524528,"n/a",NA,NA,NA,"cropland","annual",FALSE,0.798507696217773,0.00131690304706227,0.798566010567318,215
"R1","Effect of Invasive Plants (Conyza sumatrenss and Alternthera philoxeroides) on Soil Carbon and Nitrogen Processes","31.23-31.60","118.34-119.22","greenhouse","ricefields","DigitariasanguilisL.","Poaceae","annual","Erigeronsumatrensis Retz","compositae","n/a","invasive",NA,NA,"MBC","n/a","n/a","n/a","n/a",237.652811735941,15.40342298,7,767.9706601,6.601466993,7,1.172951667,"n/a",NA,NA,NA,"cropland",NA,FALSE,1.1729406950174,0.000610693033839813,1.17264590436033,216
"R8","Changes in Soil Organic Carbon Dymics in a tive C4 Plant-Domited Tidal Marsh Following Sparti alterniflora Invasion","26.0036–26.0342","119.3412–119.4040","field","n/a","C.malaccensis","Cyperaceae","annual","S.alterniflora","Poaceae","perennial","invasive",19.6,1350,"MBC","F3","MBC","mg/kg","0-10",131.165311653116,14.0921,3,174.525745257452,9.2141,3,0.285602455,"0-10",0,10,5,NA,"perennial",FALSE,0.285613819387723,0.00477672680567468,0.284154562671228,217
"R8","Changes in Soil Organic Carbon Dymics in a tive C4 Plant-Domited Tidal Marsh Following Sparti alterniflora Invasion","26.0036–26.0342","119.3412–119.4040","field","n/a","C.malaccensis","Cyperaceae","annual","S.alterniflora","Poaceae","perennial","invasive",19.6,1350,"MBC","F3","MBC","mg/kg","10-20",84.010840108401,7.5881,3,95.9349593495935,17.3442,3,0.132682919,"10-20",10,20,15,NA,"perennial",FALSE,0.132724615654584,0.013614563972434,0.136812490828425,218
"R8","Changes in Soil Organic Carbon Dymics in a tive C4 Plant-Domited Tidal Marsh Following Sparti alterniflora Invasion","26.0036–26.0342","119.3412–119.4040","field","n/a","C.malaccensis","Cyperaceae","annual","S.alterniflora","Poaceae","perennial","invasive",19.6,1350,"MBC","F3","MBC","mg/kg","20-30",82.3848238482384,4.336,3,82.3848238482384,17.8862,3,0,"20-30",20,30,25,NA,"perennial",FALSE,0,0.0166349448004375,0.00739412983318273,219
"R8","Changes in Soil Organic Carbon Dymics in a tive C4 Plant-Domited Tidal Marsh Following Sparti alterniflora Invasion","26.0036–26.0342","119.3412–119.4040","field","n/a","C.malaccensis","Cyperaceae","annual","S.alterniflora","Poaceae","perennial","invasive",19.6,1350,"MBC","F3","MBC","mg/kg","30-40",52.0325203252032,10.2981,3,44.4444444444444,10.2981,3,-0.157680511,"30-40",30,40,35,NA,"perennial",FALSE,-0.157628944203583,0.0309530779896863,-0.155209399964239,220
"R8","Changes in Soil Organic Carbon Dymics in a tive C4 Plant-Domited Tidal Marsh Following Sparti alterniflora Invasion","26.0036–26.0342","119.3412–119.4040","field","n/a","C.malaccensis","Cyperaceae","annual","S.alterniflora","Poaceae","perennial","invasive",19.6,1350,"MBC","F3","MBC","mg/kg","40-50",39.0243902439024,6.5041,3,41.7344173441734,10.2981,3,0.067145959,"40-50",40,50,45,NA,"perennial",FALSE,0.0671393028376285,0.0295550686408338,0.0726574783614816,221
"R9","Crop-weed competition changes the decomposition of soil organic matter fractions in the rhizosphere","-5.9945700000000004","-37.942100000000003","greenhouse","n/a","ZeamaysL.","Poaceae","annual","BidenspilosaL.","compositae","annual","invasive",NA,NA,"MBC","T1","MBC","µg of MBC g−1 of soil","0-20",135.3,18.06,5,67.16,9.39,5,-0.700416703,"0-20",0,20,10,NA,"annual",FALSE,-0.700416702967402,0.00747311097101778,-0.70024359112278,222
"R9","Crop-weed competition changes the decomposition of soil organic matter fractions in the rhizosphere","-5.9945700000000004","-37.942100000000003","greenhouse","n/a","AmaranthusviridisL.","Amaranthaceae","annual","BidenspilosaL.","compositae","annual","invasive",NA,NA,"MBC","T1","MBC","µg of MBC g−1 of soil","0-20",69.4,8.75,5,67.16,9.39,5,-0.032809035,"0-20",0,20,10,NA,"annual",FALSE,-0.0328090353034189,0.00708893549114893,-0.0324438357188623,223
"R9","Crop-weed competition changes the decomposition of soil organic matter fractions in the rhizosphere","-5.9945700000000004","-37.942100000000003","greenhouse","n/a","I.grandifolia","BignoniaceaeJuss.","annual","BidenspilosaL.","compositae","annual","invasive",NA,NA,"MBC","T1","MBC","µg of MBC g−1 of soil","0-20",79.65,7.8,5,67.16,9.39,5,-0.170564204,"0-20",0,20,10,NA,"annual",FALSE,-0.170564204146718,0.00582766308131651,-0.169568368357245,224
"R10","Effects of Canada Goldenrod Invasion on Soil Extracellular Enzyme Activities and Ecoenzymatic Stoichiometry","32.14","119.29","field","grassland","P.australis","Poaceae","perennial","P.australis","compositae","perennial","invasive",17.7,1272.1,"MBC","T1","MBC","×10−1 mg C g−1 soil","0-15",6.4,2.3,4,8.84,2.95,4,0.322988886,"0-15",0,15,7.5,"grassland","perennial",FALSE,0.322988886283926,0.0601282566312914,0.320765416943322,225
"R12","Effects of Invasive Spartina alterniﬂora Loisel. and Subsequent Ecological Replacement bySonneratia apetala Buch.-Ham. on Soil OrganicCarbon Fractions and Stock","22.26","113.38","field","n/a","KandeliaobovataSheue&al.","Rhizophoraceae Pers.","n/a","S.alterniflora","Poaceae","perennial","invasive",22.4,NA,"MBC","F2","MBC","mg/kg","0-10",350.30549898167,36.0672,3,301.42566191446,16.0092,3,-0.15028066,"0-10",0,10,5,NA,"perennial",FALSE,-0.150282203049339,0.00447381817681843,-0.151578831357198,226
"R12","Effects of Invasive Spartina alterniﬂora Loisel. and Subsequent Ecological Replacement bySonneratia apetala Buch.-Ham. on Soil OrganicCarbon Fractions and Stock","22.26","113.38","field","n/a","KandeliaobovataSheue&al.","Rhizophoraceae Pers.","n/a","S.alterniflora","Poaceae","perennial","invasive",22.4,NA,"MBC","F2","MBC","mg/kg","10-20",213.441955193482,35.055,3,185.743380855397,14.6574,3,-0.139007916,"10-20",10,20,15,NA,"perennial",FALSE,-0.138998874806654,0.0110669364366209,-0.142456636585382,227
"R12","Effects of Invasive Spartina alterniﬂora Loisel. and Subsequent Ecological Replacement bySonneratia apetala Buch.-Ham. on Soil OrganicCarbon Fractions and Stock","22.26","113.38","field","n/a","KandeliaobovataSheue&al.","Rhizophoraceae Pers.","n/a","S.alterniflora","Poaceae","perennial","invasive",22.4,NA,"MBC","F2","MBC","mg/kg","20-30",211.812627291242,38.2876,3,301.42566191446,24.0252,3,0.35284817,"20-30",20,30,25,NA,"perennial",FALSE,0.352821374622743,0.0130092322984378,0.348434399401721,228
"R12","Effects of Invasive Spartina alterniﬂora Loisel. and Subsequent Ecological Replacement bySonneratia apetala Buch.-Ham. on Soil OrganicCarbon Fractions and Stock","22.26","113.38","field","n/a","KandeliaobovataSheue&al.","Rhizophoraceae Pers.","n/a","S.alterniflora","Poaceae","perennial","invasive",22.4,NA,"MBC","F2","MBC","mg/kg","30-50",87.9837067209776,9.8119,3,140.122199592668,8.976,3,0.465389682,"30-50",30,50,40,NA,"perennial",FALSE,0.465363249689233,0.00551335883230942,0.463974395284815,229
"R13","Effects of moso bamboo encroachment into native, broad-leaved forests on soil carbon and nitrogen pools","30.1830-30.2455","119.2347-119.2827","field","forest","forest","n/a","n/a","Phyllostachysedulis","Poaceae","annual","invasive",NA,NA,"MBC","F2","MBC","mg/cm2","0-20",2.5114,0.7696,3,2.5519,0.6076,3,0.015810606,"0-20",0,20,10,"forest","annual",FALSE,0.0159978131890886,0.0501991037834862,0.0097950049605507,230
"R13","Effects of moso bamboo encroachment into native, broad-leaved forests on soil carbon and nitrogen pools","30.1830-30.2455","119.2347-119.2827","field","forest","forest","n/a","n/a","Phyllostachysedulis","Poaceae","annual","invasive",NA,NA,"MBC","F2","MBC","mg/cm2","20-40",3.281,0.7696,3,3.841,0.6076,3,0.157628944,"20-40",20,40,30,"forest","annual",FALSE,0.157584495384803,0.0266810211364254,0.152585129632671,231
"R13","Effects of moso bamboo encroachment into tive, broad-leaved forests on soil carbon and nitrogen pools","30.1830-30.2455","119.2347-119.2827","field","forest","forest","n/a","n/a","Phyllostachysedulis","Poaceae","annual","invasive",NA,NA,"MBC","F2","MBC","mg/cm2","40-60",4.9013,0.7696,3,5.1038,0.6076,3,0.040005335,"40-60",40,60,50,"forest","annual",FALSE,0.0404848842701762,0.0129425673096086,0.0387377865311733,232
"R13","Effects of moso bamboo encroachment into tive, broad-leaved forests on soil carbon and nitrogen pools","30.1830-30.2455","119.2347-119.2827","field","forest","forest","n/a","n/a","Phyllostachysedulis","Poaceae","annual","invasive",NA,NA,"MBC","F2","MBC","mg/cm2","0-20",13.1646,0.5671,3,11.4633,0.3646,3,-0.138319215,"0-20",0,20,10,"forest","annual",FALSE,-0.138380780944026,0.000955765272643521,-0.138521459549504,233
"R13","Effects of moso bamboo encroachment into tive, broad-leaved forests on soil carbon and nitrogen pools","30.1830-30.2455","119.2347-119.2827","field","forest","forest","n/a","n/a","Phyllostachysedulis","Poaceae","annual","invasive",NA,NA,"MBC","F2","MBC","mg/cm2","20-40",3.281,0.5671,3,4.0101,0.3646,3,0.200947819,"20-40",20,40,30,"forest","annual",FALSE,0.200667924684435,0.0127138165155776,0.197066524376747,234
"R13","Effects of moso bamboo encroachment into tive, broad-leaved forests on soil carbon and nitrogen pools","30.1830-30.2455","119.2347-119.2827","field","forest","forest","n/a","n/a","Phyllostachysedulis","Poaceae","annual","invasive",NA,NA,"MBC","F2","MBC","mg/cm2","40-60",4.6987,0.5671,3,6.03544,0.3646,3,0.250841503,"40-60",40,60,50,"forest","annual",FALSE,0.250362885216613,0.00607204649851082,0.248543311792318,235
"R13","Effects of moso bamboo encroachment into tive, broad-leaved forests on soil carbon and nitrogen pools","30.1830-30.2455","119.2347-119.2827","field","forest","forest","n/a","n/a","Phyllostachysedulis","Poaceae","annual","invasive",NA,NA,"MBC","T2","MBC","mg/kg","0-60",266.4,44.9867323327075,5,256.46,42.3846484459999,5,-0.038026232,"0-60",0,60,30,"forest","annual",TRUE,-0.0380262316352644,0.0111660624143451,-0.0381465560527893,236
"R13","Effects of moso bamboo encroachment into tive, broad-leaved forests on soil carbon and nitrogen pools","30.1830-30.2455","119.2347-119.2827","field","forest","forest","n/a","n/a","Phyllostachysedulis","Poaceae","annual","invasive",NA,NA,"MBC","T2","MBC","mg/kg","0-60",280,47.2833523016445,5,250.46,41.3930400443934,5,-0.111490376,"0-60",0,60,30,"forest","annual",TRUE,-0.111490376033363,0.0111660624143451,-0.111610700450888,237
"R14","Exotic grasses and nitrate enrichment alter soil carbon cycling along an urban–rural tropical forest gradient","18.27-18.17","66.6-65.53","field","watershedforest","forest","n/a","n/a","PennisetumpurpureumSchumach.","Poaceae","perennial","invasive",25.7,1750,"MBC","F3","MBC","µg-C g–1","n/a",200,20.2896,3,139.130434782608,18.3575,3,-0.362908619,"n/a",NA,NA,NA,"forest","perennial",FALSE,-0.362905493689373,0.00923368534359413,-0.361719216585576,238
"R15","Exotic Pinus carbaea causes soil quality to deteriorate on former abandoned land compared to an indigenous Podocarpus plantation in the tropical forest area of southern China","18.230-18.520","108.440–109.02","field","forest","PodocarpusimbricatusB1.","Podocarpaceae Endl.","n/a","PinuscaribaeaMorelet","PiceaeSpreng.exF.Rudolphi","n/a","invasive",NA,3000,"MBC","T2","MBC","mg/kg","0-20",109.8,8.8,3,86.8,10.8,3,-0.235053907,"0-20",0,20,10,"forest",NA,FALSE,-0.235053907409126,0.00730155298481613,-0.23354424303424,239
"R16","Far-reaching effects on soil properties and underground microbial ecosystem after the introduction of black locusts in forest","34.47-34.51","108.05-108.10","field","forest","P.orientalis","Cupressaceae","n/a","Robiniapseudoacacia L.","Fabaceae","n/a","invasive",10.8,605,"MBC","T2","MBC","mg/kg","0-20",102.74,13.25,3,233.27,4.97,3,0.819995056,"0-20",0,20,10,"forest",NA,FALSE,0.819995055921343,0.00569541626483162,0.81729865991865,240
"R17","Frequent Fire Reduces the Magnitude of Positive Interactions Between an Invasive Grass and Soil Microbes in Temperate Forests","37.32","88.45","field","forest","Ulmusspecies,Acerspecies,Fraxinusspecies,Juglansnigra,Quercusspecies,Caryaspecies,andPlatanusocci-dentalis","hardwood","n/a","Microstegium","Poaceae","n/a","invasive",NA,12800,"MBC","T1","MBC","ug C g soil-1","0-5",147,36,40,161,27,40,0.090971778,"0-5",0,5,2.5,"forest",NA,FALSE,0.0909717782057268,0.00220247313461861,0.0905736395127279,241
"R17","Frequent Fire Reduces the Magnitude of Positive Interactions Between an Invasive Grass and Soil Microbes in Temperate Forests","37.32","88.45","field","forest","Ulmusspecies,Acerspecies,Fraxinusspecies,Juglansnigra,Quercusspecies,Caryaspecies,andPlatanusocci-dentalis","hardwood","n/a","Microstegium","Poaceae","n/a","invasive",NA,12800,"MBC","T1","MBC","ug C g soil-1","5-10",68.1,16.8,40,66.2,11.1,40,-0.02829675,"5-10",5,10,7.5,"forest",NA,FALSE,-0.028296750212504,0.00222433522113917,-0.0287060559470411,242
"R17","Frequent Fire Reduces the Magnitude of Positive Interactions Between an Invasive Grass and Soil Microbes in Temperate Forests","37.32","88.45","field","forest","Ulmusspecies,Acerspecies,Fraxinusspecies,Juglansnigra,Quercusspecies,Caryaspecies,andPlatanusocci-dentalis","hardwood","n/a","Microstegium","Poaceae","n/a","invasive",NA,12800,"MBC","T1","MBC","ug C g soil-1","10-15",21.1,5.2,40,37.7,6.33,40,0.580387054,"10-15",10,15,12.5,"forest",NA,FALSE,0.580387053971944,0.00222318268850255,0.579980260733639,243
"R20","Impacts of Spartina alterniflora invasion on soil carbon contents and stability in the Yellow River Delta, China","24.80","113.36","field","ricefields","Cynodondactylon,Festucaarundicea,Paspalumtatu,andCommelicommunis","herbaceous","n/a","AmbrosiaartemisiifoliaL.","AsteraceaeBercht.&J.Presl","annual","invasive",NA,NA,"MBC","T1","MBC","n/a","n/a",624.01,53.4,4,614.62,6.64,4,-0.015162203,"n/a",NA,NA,NA,"cropland","annual",FALSE,-0.0151622032247224,0.00185997224956899,-0.0160630108610089,244
"R20","Impacts of Spartina alterniflora invasion on soil carbon contents and stability in the Yellow River Delta, China","24.80","113.36","field","ricefields","Toxicodendronvernicifluum,Sapiumdiscolor,Lygodiumjaponicum,
Gardeniajasminoides,Pinusmassonia,G.mangosta,U.lobata,
Mallotusapelta,Vitexnegundo,Meliaazedarach,S.bonox,Brous-
sonetiapapyrifera,PaederiascandensandRhuschinensis.","tivespecies","n/a","AmbrosiaartemisiifoliaL.","AsteraceaeBercht.&J.Presl","annual","invasive",NA,NA,"MBC","T1","MBC","n/a","n/a",309.48,19.95,4,614.62,6.64,4,0.68615721,"n/a",NA,NA,NA,"cropland","annual",FALSE,0.686110720976068,0.00106804711842735,0.685605875905352,245
"R21","Invasion effects of Chromolaena odorata on soil carbon and nitrogen fractions in a tropical savanna","108.470–108.490","19.050–19.170","field","grassland","Hyptissuavedens,Eragrostiszylindrica,Tridaxprocumbens","Grass","n/a","Chromolaeodorata L.","AsteraceaeBercht.&J.Presl","perennial","invasive",24.6,1019,"MBC","F3","MBC","mg/kg","0-10",419.847328244274,20.9924,3,458.015267175572,22.9008,3,0.087015347,"0-10",0,10,5,"grassland","perennial",FALSE,0.0870113769896305,0.00166667200000427,0.0870113769896305,246
"R21","Invasion effects of Chromolae odorata on soil carbon and nitrogen fractions in a tropical savan","108.470–108.490","19.050–19.170","field","grassland","Hyptissuavedens,Eragrostiszylindrica,Tridaxprocumbens","Grass","n/a","Chromolaeodorata L.","AsteraceaeBercht.&J.Presl","perennial","invasive",24.6,1019,"MBC","F3","MBC","mg/kg","10-20",652.67175572519,61.0687,3,458.015267175572,22.9008,3,-0.35415879,"10-20",10,20,15,"grassland","perennial",FALSE,-0.354171813720614,0.00375161262984837,-0.355214284035536,247
"R21","Invasion effects of Chromolae odorata on soil carbon and nitrogen fractions in a tropical savan","108.470–108.490","19.050–19.170","field","forest","Crotonlaui,Microcospaniculata,Dimocarpuslongga","Forest","n/a","Chromolaeodorata L.","AsteraceaeBercht.&J.Presl","perennial","invasive",24.6,1019,"MBC","F3","MBC","mg/kg","0-10",229.007633587786,26.7176,3,225.190839694656,15.2672,3,-0.01682118,"0-10",0,10,5,"forest","perennial",FALSE,-0.0168071183163822,0.00606918324186815,-0.0183095782510153,248
"R21","Invasion effects of Chromolae odorata on soil carbon and nitrogen fractions in a tropical savan","108.470–108.490","19.050–19.170","field","forest","Crotonlaui,Microcospaniculata,Dimocarpuslongga","Forest","n/a","Chromolaeodorata L.","AsteraceaeBercht.&J.Presl","perennial","invasive",24.6,1019,"MBC","F3","MBC","mg/kg","10-20",360.687022900763,28.626,3,225.190839694656,15.2672,3,-0.471074373,"10-20",10,20,15,"forest","perennial",FALSE,-0.471062390593979,0.00363174367925168,-0.471346130747304,249
"R28","Response of the soil microbial community composition and biomass to a short-term Spartina alterniflora invasion in a coastal wetland of eastern China","32.3651-34.2832","119.5125-121.547","field","n/a","Suaedasalsa","Amaranthaceae","annual","S.alterniflora","Poaceae","perennial","invasive",13.8,1000,"MBC","F1","MBC","mg/kg","0-30",71.2742980561555,4.3197,9,197.624190064794,19.9784,9,1.019870513,"0-30",0,30,15,NA,"perennial",FALSE,1.01983141081499,0.00154366044157414,1.02019511080412,250
"R28","Response of the soil microbial community composition and biomass to a short-term Spartina alterniflora invasion in a coastal wetland of eastern China","32.3651-34.2832","119.5125-121.547","field","n/a","Phragmitesaustralis","Poaceae","perennial","S.alterniflora","Poaceae","perennial","invasive",13.8,1000,"MBC","F1","MBC","mg/kg","0-30",64.2548596112311,12.419,9,197.624190064794,19.9784,9,1.123564271,"0-30",0,30,15,NA,"perennial",FALSE,1.12350984028983,0.00528620575857166,1.12200226762047,251
"R29","Response of topsoil Fe-bound organic carbon pool and microbial community to Spartina alterniflora invasion in coastal wetlands","n/a","n/a","field","n/a","Kandeliaobovata Sheue&al.","Rhizophoraceae Pers.","n/a","S.alterniflora","Poaceae","perennial","invasive",NA,NA,"MBC","T1","MBC","g/kg","n/a",0.24,0.04,3,0.4,0.1,3,0.510825624,"n/a",NA,NA,NA,NA,"perennial",FALSE,0.510825623765991,0.0300925925925926,0.516612660803028,252
"R29","Response of topsoil Fe-bound organic carbon pool and microbial community to Spartina alterniflora invasion in coastal wetlands","n/a","n/a","field","n/a","Kandeliaobovata Sheue&al.","Rhizophoraceae Pers.","n/a","S.alterniflora","Poaceae","perennial","invasive",NA,NA,"MBC","T1","MBC","g/kg","n/a",0.44,0.08,3,0.23,0,3,-0.648695418,"n/a",NA,NA,NA,NA,"perennial",FALSE,-0.648695417989111,0.0110192837465565,-0.65420505986239,253
"R29","Response of topsoil Fe-bound organic carbon pool and microbial community to Spartina alterniflora invasion in coastal wetlands","n/a","n/a","field","n/a","Kandeliaobovata Sheue&al.","Rhizophoraceae Pers.","n/a","S.alterniflora","Poaceae","perennial","invasive",NA,NA,"MBC","T1","MBC","g/kg","n/a",0.54,0.11,3,0.58,0.07,3,0.071458964,"n/a",NA,NA,NA,NA,"perennial",FALSE,0.0714589639821449,0.0186870639227475,0.0669707629759832,254
"R29","Response of topsoil Fe-bound organic carbon pool and microbial community to Spartina alterniflora invasion in coastal wetlands","n/a","n/a","field","n/a","Avicenniamari (Forsk.)Vierh.","Acanthaceae","n/a","S.alterniflora","Poaceae","perennial","invasive",NA,NA,"MBC","T1","MBC","g/kg","n/a",0.36,0.02,3,0.45,0.01,3,0.223143551,"n/a",NA,NA,NA,NA,"perennial",FALSE,0.22314355131421,0.00119341563786008,0.222711452548778,255
"R29","Response of topsoil Fe-bound organic carbon pool and microbial community to Spartina alterniflora invasion in coastal wetlands","n/a","n/a","field","n/a","Avicenniamari (Forsk.)Vierh.","Acanthaceae","n/a","S.alterniflora","Poaceae","perennial","invasive",NA,NA,"MBC","T1","MBC","g/kg","n/a",0.46,0.02,3,0.43,0.06,3,-0.067441281,"n/a",NA,NA,NA,NA,"perennial",FALSE,-0.0674412807955326,0.0071201143144185,-0.0645113433610707,256
"R29","Response of topsoil Fe-bound organic carbon pool and microbial community to Spartina alterniflora invasion in coastal wetlands","n/a","n/a","field","n/a","Avicenniamari (Forsk.)Vierh.","Acanthaceae","n/a","S.alterniflora","Poaceae","perennial","invasive",NA,NA,"MBC","T1","MBC","g/kg","n/a",0.87,0.04,3,0.71,0.07,3,-0.203228242,"n/a",NA,NA,NA,NA,"perennial",FALSE,-0.203228241613268,0.00394472639282794,-0.201960506945502,257
"R29","Response of topsoil Fe-bound organic carbon pool and microbial community to Spartina alterniflora invasion in coastal wetlands","n/a","n/a","field","n/a","Phragmitesaustralis","Poaceae","perennial","S.alterniflora","Poaceae","perennial","invasive",NA,NA,"MBC","T1","MBC","g/kg","n/a",0.39,0,3,0.44,0.01,3,0.120627988,"n/a",NA,NA,NA,NA,"perennial",FALSE,0.120627987788615,0.000172176308539945,0.120714075942885,258
"R29","Response of topsoil Fe-bound organic carbon pool and microbial community to Spartina alterniflora invasion in coastal wetlands","n/a","n/a","field","n/a","Phragmitesaustralis","Poaceae","perennial","S.alterniflora","Poaceae","perennial","invasive",NA,NA,"MBC","T1","MBC","g/kg","n/a",0.42,0.02,3,0.43,0.01,3,0.023530497,"n/a",NA,NA,NA,NA,"perennial",FALSE,0.023530497410194,0.000936135526261463,0.0232427072746097,259
"R29","Response of topsoil Fe-bound organic carbon pool and microbial community to Spartina alterniflora invasion in coastal wetlands","n/a","n/a","field","n/a","Phragmitesaustralis","Poaceae","perennial","S.alterniflora","Poaceae","perennial","invasive",NA,NA,"MBC","T1","MBC","g/kg","n/a",0.42,0.02,3,0.43,0.01,3,0.023530497,"n/a",NA,NA,NA,NA,"perennial",FALSE,0.023530497410194,0.000936135526261463,0.0232427072746097,260
"R31","Seawall construction alters soil carbon and nitrogen dynamics and soil microbial biomass in an invasive Spartina alterniflora salt marsh in eastern China","32.59-33.03","120.47-120.53","field","n/a","Suaedasalsa","n/a","annual","S.alterniflora","Poaceae","perennial","invasive",14.1,1000,"MBC","F4","MBC","mg/kg","0-10",521.854304635761,9.2715,3,237.086092715231,42.3841,3,-0.788940374,"0-10",0,10,5,NA,"perennial",FALSE,-0.788965103457181,0.0107582301097908,-0.783691204020227,261
"R31","Seawall construction alters soil carbon and nitrogen dymics and soil microbial biomass in an invasive Spartina alterniflora salt marsh in eastern China","32.59-33.03","120.47-120.53","field","n/a","Suaedasalsa","n/a","annual","S.alterniflora","Poaceae","perennial","invasive",14.1,1000,"MBC","F4","MBC","mg/kg","10-20",303.311258278145,23.8411,3,152.317880794701,22.5166,3,-0.688771814,"10-20",10,20,15,NA,"perennial",FALSE,-0.688789875190994,0.00934367654890231,-0.686177501190685,262
"R31","Seawall construction alters soil carbon and nitrogen dymics and soil microbial biomass in an invasive Spartina alterniflora salt marsh in eastern China","32.59-33.03","120.47-120.53","field","n/a","Suaedasalsa","n/a","annual","S.alterniflora","Poaceae","perennial","invasive",14.1,1000,"MBC","F4","MBC","mg/kg","20-30",290.066225165562,23.8411,3,147.019867549668,31.7881,3,-0.679553641,"20-30",20,30,25,NA,"perennial",FALSE,-0.67954152850417,0.0178350080892951,-0.672875861702288,263
"R32","Species choice inmangrove reforestationmay influence the quantity and quality of long-term carbon sequestration and storage","23.45","116.43","field","Mangroveplantations,sandybeaches&mudflats","Kandeliaobovata Sheue&al.","Rhizophoraceae Pers.","n/a","Sonneratiaapetala Buch.-Ham.","Lythraceae","n/a","invasive",NA,NA,"MBC","T1","MBC","g/kg","0-20",0.38,0.03,3,0.66,0.12,3,0.552068582,"0-20",0,20,10,"wetland_coastal",NA,FALSE,0.55206858230004,0.0130968460734263,0.556539443009883,264
"R32","Species choice inmangrove reforestationmay influence the quantity and quality of long-term carbon sequestration and storage","23.45","116.43","field","Mangroveplantations,sandybeaches&mudflats","Kandeliaobovata Sheue&al.","Rhizophoraceae Pers.","n/a","Sonneratiaapetala Buch.-Ham.","Lythraceae","n/a","invasive",NA,NA,"MBC","T1","MBC","g/kg","20-40",0.48,0.08,3,0.39,0.03,3,-0.207639365,"20-40",20,40,30,"wetland_coastal",NA,FALSE,-0.207639364778244,0.0112316458470305,-0.211282801113988,265
"R32","Species choice inmangrove reforestationmay influence the quantity and quality of long-term carbon sequestration and storage","23.45","116.43","field","Mangroveplantations,sandybeaches&mudflats","Kandeliaobovata Sheue&al.","Rhizophoraceae Pers.","n/a","Sonneratiaapetala Buch.-Ham.","Lythraceae","n/a","invasive",NA,NA,"MBC","T1","MBC","g/kg","40-60",0.2,0.03,3,0.6,0.1,3,1.098612289,"40-60",40,60,50,"wetland_coastal",NA,FALSE,1.09861228866811,0.0167592592592593,1.09949191829774,266
"R32","Species choice inmangrove reforestationmay influence the quantity and quality of long-term carbon sequestration and storage","23.45","116.43","field","Mangroveplantations,sandybeaches&mudflats","Kandeliaobovata Sheue&al.","Rhizophoraceae Pers.","n/a","Sonneratiaapetala Buch.-Ham.","Lythraceae","n/a","invasive",NA,NA,"MBC","T1","MBC","g/kg","60-80",0.21,0.01,3,1.14,0.16,3,1.691676011,"60-80",60,80,70,"wetland_coastal",NA,FALSE,1.69167601067107,0.00732198080832826,1.69458114317652,267
"R32","Species choice inmangrove reforestationmay influence the quantity and quality of long-term carbon sequestration and storage","23.45","116.43","field","Mangroveplantations,sandybeaches&mudflats","Kandeliaobovata Sheue&al.","Rhizophoraceae Pers.","n/a","Sonneratiaapetala Buch.-Ham.","Lythraceae","n/a","invasive",NA,NA,"MBC","T1","MBC","g/kg","80-100",0.37,0.03,3,0.64,0.03,3,0.547965171,"80-100",80,100,90,"wetland_coastal",NA,FALSE,0.547965170715447,0.00292380244475895,0.547235691368068,268
"R33","The effect of plant invasion on soil microbial carbon-use efficiency in semiarid grasslands of the Rocky Mountain West","46.5145","114.0042","field","n/a","Pseudoroegneriaspicata(Pursh)ÁLöve","Poaceae","n/a","Bromustectorum L.","Poaceae","annual","invasive",NA,NA,"MBC","T1","MBC","mg/kg","n/a",869.41,172.5,5,477.99,80.08,5,-0.598225009,"n/a",NA,NA,NA,NA,"annual",FALSE,-0.59822500890343,0.0134869262391332,-0.599354884439901,269
"R33","The effect of plant invasion on soil microbial carbon-­use efficiency in semi-­arid grasslands of the Rocky Mountain West","46.4048","114.0140","field","n/a","Elymuselymoides(Raf.)Swezey","Poaceae","n/a","Euphorbiaesula L.","EuphorbiaceaeJuss.","perennial","invasive",7.7,350,"MBC","T1","MBC","mg/kg","n/a",869.41,172.5,5,565.5,96.59,5,-0.430104525,"n/a",NA,NA,NA,NA,"perennial",FALSE,-0.430104525117782,0.0137081807752082,-0.431123773386216,270
"R33","The effect of plant invasion on soil microbial carbon-use efficiency in semiarid grasslands of the Rocky Mountain West","46.5145","114.0042","field","n/a","Koelariamacrantha(Ledeb.)Schult.","Poaceae","n/a","CentaureastoebeL.","AsteraceaeBercht.&J.Presl","annual","invasive",7.7,350,"MBC","T1","MBC","mg/kg","n/a",869.1,138.03,5,1143.59,277.14,5,0.274469523,"n/a",NA,NA,NA,NA,"annual",FALSE,0.274469522650316,0.0167906632147318,0.277820129548119,271
"R33","The effect of plant invasion on soil microbial carbon-use efficiency in semiarid grasslands of the Rocky Mountain West","46.4048","114.0140","field","n/a","Boutelouagracilis(Willd.ExKunth)Lag.ExGriffiths","Poaceae","n/a","PotentillarectaLinn.","Rosaceae","perennial","invasive",7.7,350,"MBC","T1","MBC","mg/kg","n/a",903.79,66.49,5,653.3,107.19,5,-0.324560591,"n/a",NA,NA,NA,NA,"perennial",FALSE,-0.324560590674486,0.00646655066936689,-0.322409764724845,272
"R36","Effects of Spartina Alterniflora Invasion on Soil Physical and Chemical Properties in Wetlands of the Yangtze River","31.25-31.28","121.50-122.05","field","SiltIsland","P.australis","Poaceae","perennial","S.alterniflora","Poaceae","perennial","invasive",15.3,1022,"MBC","F5","MBC","mg/kg","0-100",44.7058823529411,5.88,3,76.4705882352941,6.82,3,0.536701317,"0-100",0,100,50,"wetland_coastal","perennial",FALSE,0.536801110169253,0.0084176891221514,0.535243564148611,273
"R36","Effects of Spartina Alterniflora Invasion on Soil Physical and Chemical Properties in Wetlands of the Yangtze River","31.25-31.28","121.50-122.05","field","SiltIsland","Bolboschoenoplectusmariqueter (Tang&F.T.Wang)Tatanov","Cyperaceae","perennial","S.alterniflora","Poaceae","perennial","invasive",15.3,1022,"MBC","F5","MBC","mg/kg","0-100",31.0588235294117,4.71,3,45.6470588235294,4.71,3,0.39082789,"0-100",0,100,50,"wetland_coastal","perennial",FALSE,0.385056236476959,0.0112145875161664,0.382997852506048,274
"R38","Relationship among vegetation types and soil microbial biomass in the Loess Hilly region of China","36.254","109.3153","field","Forest","Platycladusorientalis(L.)Franco","Cupressaceae","n/a","Robiniapseudoacacia L.","Fabaceae","n/a","invasive",NA,NA,"MBC","F1","MBC","mg/kg","0-20",99.1983967935871,34.3465675140908,3,72.8657314629258,53.1046777600618,3,-0.308460983,"0-20",0,20,10,"forest",NA,FALSE,-0.308503400265366,0.217011677191509,-0.23995854088761,275
"R38","Relationship among vegetation types and soil microbial biomass in the Loess Hilly region of China","36.254","109.3153","field","Forest","QuercuswutaishanseaMary","Fagaceae","n/a","Robiniapseudoacacia L.","Fabaceae","n/a","invasive",NA,NA,"MBC","F1","MBC","mg/kg","0-20",112.905811623246,46.2284360540133,3,72.8657314629258,53.1046777600618,3,-0.43791401,"0-20",0,20,10,"forest",NA,FALSE,-0.437935493138945,0.232931747413596,-0.377350668872232,276
"R38","Relationship among vegetation types and soil microbial biomass in the Loess Hilly region of China","36.254","109.3153","field","Forest","bushes","n/a","n/a","Robiniapseudoacacia L.","Fabaceae","n/a","invasive",NA,NA,"MBC","F1","MBC","mg/kg","0-20",138.877755511022,32.4932731499921,3,72.8657314629258,53.1046777600618,3,-0.644933219,"0-20",0,20,10,"forest",NA,FALSE,-0.64497563688658,0.195298068470399,-0.565573973148269,277
"R39","Substrate availability regulates the suppressive effects of Canada goldenrod invasion on soil respiration","32.14","119.29","field","Shore","P.australis","Poaceae","perennial","SolidagocadensisL.","AsteraceaeBercht.&J.Presl","perennial","invasive",17.1,1272.1,"MBC","T1","MBC","(×10–1 mg C g−1 soil)","0-10",8.02,4,3,5.74,3.11,3,-0.334479212,"0-10",0,10,5,"wetland_coastal","perennial",FALSE,-0.334479211546948,0.180771583045732,-0.327011643998643,278
"R39","Substrate availability regulates the suppressive effects of Cada goldenrod invasion on soil respiration","32.12","119.30","greenhouse","n/a","P.australis","Poaceae","perennial","SolidagocadensisL.","AsteraceaeBercht.&J.Presl","perennial","invasive",17.1,1272.1,"MBC","T2","MBC","(×10–1 mg C g−1 soil)","0-10",2.19,0.66,3,1.81,0.18,3,-0.190574699,"0-10",0,10,5,NA,"perennial",FALSE,-0.190574698550675,0.0335712007787714,-0.204063696272255,279
"R40","Effect of the invasion by Soildago canadensis on soil properties in Hangzhou bay wetland and reclamation district","121.0958","30.1929","field","wetland","Phaceluruslatifolius (Steud.)Ohwi","Poaceae","perennial","SolidagocadensisL.","AsteraceaeBercht.&J.Presl","perennial","invasive",16,1273,"MBC","F2","MBC","mg/kg","0-10",81.1491935483871,7.06,5,237.096774193548,68.45,5,1.072182699,"0-10",0,10,5,"wetland_coastal","perennial",FALSE,1.07217903159995,0.0181834252038908,1.07975693555592,280
"R40","Effect of the invasion by Soildago cadensis on soil properties in Hangzhou bay wetland and reclamation district","121.0958","30.1929","field","wetland","Imperatacylindrica (L.)P.Beauv.","Poaceae","perennial","SolidagocadensisL.","AsteraceaeBercht.&J.Presl","perennial","invasive",16,1273,"MBC","F2","MBC","mg/kg","0-10",82.5604838709677,20.46,5,237.096774193548,68.45,5,1.054956691,"0-10",0,10,5,"wetland_coastal","perennial",FALSE,1.05493722516545,0.0289524000096191,1.05713064171855,281
"R40","Effect of the invasion by Soildago cadensis on soil properties in Hangzhou bay wetland and reclamation district","121.0958","30.1929","field","wetland","Phragmitesaustralis","Poaceae","perennial","SolidagocadensisL.","AsteraceaeBercht.&J.Presl","perennial","invasive",16,1273,"MBC","F2","MBC","mg/kg","0-10",166.532258064516,64.21,5,237.096774193548,68.45,5,0.35330652,"0-10",0,10,5,"wetland_coastal","perennial",FALSE,0.353279354937593,0.0464026071771256,0.346747667906946,282
"R40","Effect of the invasion by Soildago cadensis on soil properties in Hangzhou bay wetland and reclamation district","121.0958","30.1929","field","wetland","Phaceluruslatifolius (Steud.)Ohwi","Poaceae","perennial","SolidagocadensisL.","AsteraceaeBercht.&J.Presl","perennial","invasive",16,1273,"MBC","F2","MBC","mg/kg","10-20",49.3951612903226,14.11,5,58.5685483870967,13.41,5,0.170272196,"10-20",10,20,15,"wetland_coastal","perennial",FALSE,0.170345365747237,0.0268045774128236,0.167427840351658,283
"R40","Effect of the invasion by Soildago cadensis on soil properties in Hangzhou bay wetland and reclamation district","121.0958","30.1929","field","wetland","Imperatacylindrica (L.)P.Beauv.","Poaceae","perennial","SolidagocadensisL.","AsteraceaeBercht.&J.Presl","perennial","invasive",16,1273,"MBC","F2","MBC","mg/kg","10-20",48.6895161290322,8.47,5,58.5685483870967,13.41,5,0.18474895,"10-20",10,20,15,"wetland_coastal","perennial",FALSE,0.184734103199338,0.0165371392923492,0.186950296863996,284
"R40","Effect of the invasion by Soildago cadensis on soil properties in Hangzhou bay wetland and reclamation district","121.0958","30.1929","field","wetland","Phragmitesaustralis","Poaceae","perennial","SolidagocadensisL.","AsteraceaeBercht.&J.Presl","perennial","invasive",16,1273,"MBC","F2","MBC","mg/kg","10-20",40.2217741935483,14.11,5,58.5685483870967,13.41,5,0.375858236,"10-20",10,20,15,"wetland_coastal","perennial",FALSE,0.375789339962049,0.0350975946742539,0.368725305935754,285
"R41","Effects of moso bamboo invasion on soil active organic carbon and nitrogen in a evergreen broad-leaved forest in subtropical China","33.41","120.00","field","forest","Quercusglauca","Fagaceae","n/a","Phyllostachysedulis","Poaceae","annual","invasive",NA,NA,"MBC","F2","MBC","mg/kg","0-20",1050.19305019305,69.5,9,463.320463320463,30.89,9,-0.818308419,"0-20",0,20,10,"forest","annual",FALSE,-0.818310323513952,0.000980508854212894,-0.818306687815595,286
"R41","Effects of moso bamboo invasion on soil active organic carbon and nitrogen in a evergreen broad-leaved forest in subtropical China","33.41","120.00","field","forest","Quercusglauca","Fagaceae","n/a","Phyllostachysedulis","Poaceae","annual","invasive",NA,NA,"MBC","F2","MBC","mg/kg","0-20",254.826254826254,38.61,9,254.826254826254,54.05,9,0,"0-20",0,20,10,"forest","annual",FALSE,0,0.00754949497761968,0.00122399246380982,287
"R41","Effects of moso bamboo invasion on soil active organic carbon and nitrogen in a evergreen broad-leaved forest in subtropical China","33.41","120.00","field","forest","Quercusglauca","Fagaceae","n/a","Phyllostachysedulis","Poaceae","annual","invasive",NA,NA,"MBC","F2","MBC","mg/kg","0-20",1629.34362934362,146.72,9,1034.74903474903,84.94,9,-0.454015173,"0-20",0,20,10,"forest","annual",FALSE,-0.454018333525154,0.00164967796471635,-0.454094465420603,288
"R41","Effects of moso bamboo invasion on soil active organic carbon and nitrogen in a evergreen broad-leaved forest in subtropical China","33.41","120.00","field","forest","Quercusglauca","Fagaceae","n/a","Phyllostachysedulis","Poaceae","annual","invasive",NA,NA,"MBC","F2","MBC","mg/kg","0-20",764.478764478764,92.66,9,370.65637065637,38.61,9,-0.723910664,"0-20",0,20,10,"forest","annual",FALSE,-0.7239188392267,0.00283797258596849,-0.724132195214899,289
"R41","Effects of moso bamboo invasion on soil active organic carbon and nitrogen in a evergreen broad-leaved forest in subtropical China","30.1830-30.2455","119.2347-119.2827","field","turereserve","forest","n/a","n/a","Phyllostachysedulis","Poaceae","annual","invasive",NA,NA,"MBC","F1","MBC","mg/kg","0-20",769.635627530364,255.06,10,1075.70850202429,178.54,10,0.334813315,"0-20",0,20,10,NA,"annual",FALSE,0.334817603271383,0.0137375809758635,0.330703560670187,290
"R43","Effect of invasive plants Ambrosia artemisiifolia L. on soil carbon and nitrogen transition","26.124331","111.354871","field","Forest","TorilisscabraThunb.","Apiaceae","annual","AmbrosiaartemisiifoliaL.","AsteraceaeBercht.&J.Presl","annual","invasive",NA,NA,"MBC","T2","MBC","ug/kg","n/a",205.32,15.74,3,312.26,21.23,3,0.419266436,"n/a",NA,NA,NA,"forest","annual",FALSE,0.419266436421272,0.00349975967393678,0.419057355708291,291
"R44","Significant changes in soil microbial community structure and metabolic function after Mikania micrantha invasion","23.1305-23.1943","114.1921-114.2706","field","Forest","forest","MyrtaceaeJuss.","n/a","Mikaniamicrantha KunthinHumb.&al.","AsteraceaeBercht.&J.Presl","perennial","invasive",NA,NA,"MBC","T1","MBC","mg/kg","0-10",45.63,3.17,6,39.45,4.87,6,-0.145531348,"0-10",0,10,5,"forest","perennial",FALSE,-0.145531347647428,0.00334426622959513,-0.144663603928084,292
"R45","Impacts of Ipomoea cairica and Wedelia trilobata invasion on soil chemical and microbiological characteristics","23.09","113.21","field","hill","Neyraudiareyudia","Poaceae","perennial","Ipomoeacairica (L.)Sweet)","Convolvulaceae","perennial","invasive",NA,NA,"MBC","T3","MBC","mg/kg","0-10",350.48,32.32,4,883.74,30.13,4,0.924859258,"0-10",0,10,5,"grassland","perennial",FALSE,0.924859258223864,0.00241656134016525,0.923941573296096,293
"R45","Impacts of Ipomoea cairica and Wedelia trilobata invasion on soil chemical and microbiological characteristics","23.09","113.21","field","hill","Neyraudiareyudia","Poaceae","perennial","Sphagneticolatrilobata(L.)Pruski","AsteraceaeBercht.&J.Presl","perennial","invasive",15.3,1022,"MBC","T3","MBC","mg/kg","0-10",350.48,32.32,4,835.09,96.66,4,0.86823586,"0-10",0,10,5,"grassland","perennial",FALSE,0.868235859968026,0.00547536565958146,0.868847577199966,294
"R46","Effects of Spartina alterniflora invasion on soil carbon dynamics in wetlands of the Yangtze River estuary","31.25-31.28","121.50-122.05","field","SiltIsland","P.australis","Poaceae","perennial","S.alterniflora","Poaceae","perennial","invasive",15.3,1022,"MBC","F7","MBC","mg/kg","0-20",56.1679790026246,3.41,3,81.1023622047244,7.87,3,0.367300155,"0-20",0,20,10,"wetland_coastal","perennial",FALSE,0.367365261875895,0.00436738064887459,0.368320353906377,295
"R46","Effects of Spartina alterniflora invasion on soil carbon dynamics in wetlands of the Yangtze River estuary","31.25-31.28","121.50-122.05","field","SiltIsland","Bolboschoenoplectusmariqueter (Tang&F.T.Wang)Tatanov","Cyperaceae","perennial","S.alterniflora","Poaceae","perennial","invasive",15.3,1022,"MBC","F7","MBC","mg/kg","0-20",31.2335958005249,2.89,3,45.4068241469816,2.36,3,0.374353174,"0-20",0,20,10,"wetland_coastal","perennial",FALSE,0.37416810138625,0.00375429736359044,0.373191404557841,296
"R47","Spartina alterniflora invasion affects methane emissions in the Yangtze River estuary","31.25-31.28","121.50-122.05","field","SiltIsland","P.australis","Poaceae","perennial","S.alterniflora","Poaceae","perennial","invasive",15.3,1022,"MBC","T2","MBC","mg/kg","0-20",45,10.6,4,76,14,4,0.524070851,"0-20",0,20,10,"wetland_coastal","perennial",FALSE,0.524070850516011,0.0223549844396566,0.521376737797568,297
"R47","Spartina alterniflora invasion affects methane emissions in the Yangtze River estuary","31.25-31.28","121.50-122.05","field","SiltIsland","P.australis","Poaceae","perennial","S.alterniflora","Poaceae","perennial","invasive",15.3,1022,"MBC","T2","MBC","mg/kg","0-20",30.9,10.2,4,45.4,10.8,4,0.384755921,"0-20",0,20,10,"wetland_coastal","perennial",FALSE,0.384755921143603,0.0413883950977249,0.3782090969185,298
"R48","Non-linear impacts of Eucalyptus plantation stand age on soil microbial metabolic diversity","22.14-22.21","107.47-107.56","field","Forestfarm","Pinusmassonia Lamb.","PiceaeSpreng.exF.Rudolphi","n/a","EucalyptusurophyllaS.T.Blake&Eucalyptusgrandis W.HillexMaiden","MyrtaceaeJuss.","n/a","turalized",NA,NA,"MBC","T1","MBC","mg/kg","0-10",328.48,35.26,3,577.42,32.34,3,0.564093951,"0-10",0,10,5,"forest",NA,FALSE,0.564093951390888,0.0048864566532351,0.562696346073957,299
"R49","Changes in plant community and soil ecological indicators in response to Prosopis juliflora and Acacia mearnsii invasion and removal in two biodiversity hotspots in Southern India","10.2942","79.8579","field","plain","n/a","n/a","n/a","Prosopisjuliflora (Sw.)DC.","Fabaceae","n/a","turalized",29.5,1250,"MBC","T2","MBC","ug/g","0-10",231,39.0087656488567,12,292,48.258275544849,12,0.234336092,"0-10",0,10,5,"grassland",NA,TRUE,0.234336091746488,0.00465252600597714,0.23428595657252,300
"R49","Changes in plant community and soil ecological indicators in response to Prosopis juliflora and Acacia mearnsii invasion and removal in two biodiversity hotspots in Southern India","10.2942","79.8579","field","plain","n/a","n/a","n/a","Acaciapolystachya A.Cunn_exBenth.","Fabaceae","n/a","turalized",29.5,1250,"MBC","T2","MBC","ug/g","0-10",116.8,19.7239126744003,12,2078,343.427043089713,12,2.878698101,"0-10",0,10,5,"grassland",NA,TRUE,2.87869810126505,0.00465252600597714,2.87864796609108,301
"R50","Grass invasion of a hardwood forest is associated with declines in belowground carbon pools","33.5327","83.2193","field","forest","Acerrubrum,Quercusnigra,Platanusoccidentalis,andLiquidambarstyraciflua","n/a","n/a","M.vimineum","Poaceae","annual","invasive",NA,NA,"MBC","T2","MBC","ug/g dry wt soil -1","0-10",68.56,55.3829630843276,6,25.03,25.6706525043677,6,-1.007634169,"0-10",0,10,5,"forest","annual",FALSE,-1.00763416884584,0.284065222052843,-0.974359130673355,302
"R51","Biochemical characterization and mycorrhizal fungal community of plant species in the Brazilian seasonal dry forest","-37.82","-6.81","field","n/a","M.tenuiflora","Fabaceae","n/a","Ctenitismadagascariensis","DryopteridaceaeHene","n/a","invasive",28,936.07,"MBC","T1","MBC","mg/kg","0-20",2.98,0.32,12,5.31,0.54,12,0.577668535,"0-20",0,20,10,NA,NA,FALSE,0.577668534736534,0.00182273899209482,0.577618986556201,303
"R53","Response of bacterial community characteristics in the rhizosphere soil of Stellera chamaejasme L. to its expansion on the Qinghai-Tibet Plateau","30.3-30.4","101.37-101.43","field","plateau","n/a","n/a","n/a","Stellerachamaejasme L.","ThymelaeaceaeJuss.","n/a","invasive",7,NA,"MBC","T1","MBC","mg/kg","0-20",137.67,4.04,3,411,7,3,1.093733697,"0-20",0,20,10,"grassland",NA,FALSE,1.09373369742138,0.000383745644829091,1.09363851674105,304
"R55","Invasion Effects of Solidago canadensis on Soil Nutrients and Active Organic Carbon Components in Reclamation District of Hangzhou Bay Wetland","30.1929","121.0958","field","wetland","Phaceluruslatifolius (Steud.)Ohwi","Poaceae","perennial","SolidagocadensisL.","AsteraceaeBercht.&J.Presl","perennial","invasive",16,1273,"MBC","F4","MBC","mg/kg","0-10",80.7692307692307,6.28,5,236.923076923076,67.3,5,1.076116922,"0-10",0,10,5,"wetland_coastal","perennial",FALSE,1.07613943281605,0.0173469261928751,1.08360380936373,305
"R55","Invasion Effects of Solidago canadensis on Soil Nutrients and Active Organic Carbon Components in Reclamation District of Hangzhou Bay Wetland","30.1929","121.0958","field","wetland","Imperatacylindrica (L.)P.Beauv.","Poaceae","perennial","SolidagocadensisL.","AsteraceaeBercht.&J.Presl","perennial","invasive",16,1273,"MBC","F4","MBC","mg/kg","0-10",85.26,18.85,5,236.923076923076,67.3,5,1.02201712,"0-10",0,10,5,"wetland_coastal","perennial",FALSE,1.02203010716901,0.0259138588953602,1.02521101736546,306
"R55","Invasion Effects of Solidago canadensis on Soil Nutrients and Active Organic Carbon Components in Reclamation District of Hangzhou Bay Wetland","30.1929","121.0958","field","wetland","P.australis","Poaceae","perennial","SolidagocadensisL.","AsteraceaeBercht.&J.Presl","perennial","invasive",16,1273,"MBC","F4","MBC","mg/kg","0-10",169.615384615384,58.33,5,236.923076923076,67.3,5,0.33416189,"0-10",0,10,5,"wetland_coastal","perennial",FALSE,0.334202088086674,0.0397906889857033,0.330444583237944,307
"R55","Invasion Effects of Solidago canadensis on Soil Nutrients and Active Organic Carbon Components in Reclamation District of Hangzhou Bay Wetland","30.1929","121.0958","field","wetland","Phaceluruslatifolius (Steud.)Ohwi","Poaceae","perennial","SolidagocadensisL.","AsteraceaeBercht.&J.Presl","perennial","invasive",16,1273,"MBC","F4","MBC","mg/kg","10-20",57.4358974358974,9.87,5,61.025641025641,14.36,5,0.060624622,"10-20",10,20,15,"wetland_coastal","perennial",FALSE,0.060624621816435,0.0169803011083616,0.0632087174878033,308
"R55","Invasion Effects of Solidago canadensis on Soil Nutrients and Active Organic Carbon Components in Reclamation District of Hangzhou Bay Wetland","30.1929","121.0958","field","wetland","Imperatacylindrica (L.)P.Beauv.","Poaceae","perennial","SolidagocadensisL.","AsteraceaeBercht.&J.Presl","perennial","invasive",16,1273,"MBC","F4","MBC","mg/kg","10-20",48.4615384615384,8.97,5,61.025641025641,14.36,5,0.230626831,"10-20",10,20,15,"wetland_coastal","perennial",FALSE,0.230523658611833,0.0179262956586556,0.232634757008054,309
"R55","Invasion Effects of Solidago canadensis on Soil Nutrients and Active Organic Carbon Components in Reclamation District of Hangzhou Bay Wetland","30.1929","121.0958","field","wetland","P.australis","Poaceae","perennial","SolidagocadensisL.","AsteraceaeBercht.&J.Presl","perennial","invasive",16,1273,"MBC","F4","MBC","mg/kg","10-20",42.1794871794871,9.87,5,61.025641025641,14.36,5,0.369419372,"10-20",10,20,15,"wetland_coastal","perennial",FALSE,0.36936010346605,0.0220254462255491,0.369421626578824,310
"R59","Chromoleana odorata fallow-cropping cycles maintain soil carbon stocks and yam yields 40 years after conversion of native- to farmland, implications for forest conservation","4.55-5.00","6.10-6.15","field","forest&grassland","forest","Lecaniodiscuscupanioides(Sapindaceae),Dialiumguineense(Caesalpiniaceae),Antiarisafrica(Moraceae),Diospyrosmespiliformis
(Ebeceae),Colagigantea(Sterculiaceae),Olaxsubscorpioidea(Olacaceae),Mimusopskumel(Sapotaceae),Milletiazechi
(Fabaceae),Griffoniasimplicifolia(Caesalpiniaceae),Celtisprantlii(Ulmaceae),Olyralatifolia(Poaceae),Uvariaovata(Annoceae)","n/a","Chromolaeodorata (L.)R.M.King&H.Rob.)","AsteraceaeBercht.&J.Presl","perennial","invasive",27.9,1218,"MBC","T6","MBC","mg/kg soil","0-10",393.3,125.443413537738,5,238.3,82.9581219652422,5,-0.501042295,"0-10",0,10,5,"forest","perennial",FALSE,-0.501042295333067,0.044584108121498,-0.499096184563871,311
"R59","Chromoleana odorata fallow-cropping cycles maintain soil carbon stocks and yam yields 40 years after conversion of native- to farmland, implications for forest conservation","4.55-5.00","6.10-6.15","field","forest&grassland","grassland","Brideliaferruginea(Euphorbiacea),Cussoniabarteri(Araliaceae),Crossopteryxfebrifuga(Rubiaceae),Termiliaglaucescens
(Combretaceae),Annosenegalensis(Annoceae),Piliostigmathonningii(Ceasalpiniaceae),Borassusaethiopum(Araceae),
Hyparrheniadiplandra(Poaceae),Imperatacylindrica(Poaceae),Andropogonschirensis(Poaceae)","n/a","Chromolaeodorata (L.)R.M.King&H.Rob.)","AsteraceaeBercht.&J.Presl","perennial","invasive",27.9,1218,"MBC","T6","MBC","mg/kg soil","0-10",151.7,37.1187284264965,5,182,45.6157867409957,5,0.182101801,"0-10",0,10,5,"forest","perennial",FALSE,0.182101800722309,0.024537858866344,0.182396571325364,312
"R60","Effects of the invasion of Ambrosia artemisiifolia and Bidens pilosa on soil microbial community structures and carbon metabolic pathways","39.3042","116.3607","greenhouse","Homogeneousorchardsinthefield","Setariaviridis (L.)P.Beauv.","Poaceae","annual","AmbrosiaartemisiifoliaL.","AsteraceaeBercht.&J.Presl","annual","invasive",NA,513,"MBC","F2-2","MBC","mg/kg","n/a",483.116883116882,31.1688,5,1558.44155844155,109.09,5,1.17117553,"n/a",NA,NA,NA,"forest","annual",FALSE,1.17118298150294,0.0018124481828646,1.17125674107824,313
"R60","Effects of the invasion of Ambrosia artemisiifolia and Bidens pilosa on soil microbial community structures and carbon metabolic pathways","39.3042","116.3607","greenhouse","Homogeneousorchardsinthefield","Melilotusofficilis (L.)Pall.","Fabaceae","perennial","AmbrosiaartemisiifoliaL.","AsteraceaeBercht.&J.Presl","annual","invasive",NA,513,"MBC","F2-2","MBC","mg/kg","n/a",685.714285714285,46.754,5,1542.85714285714,124.675,5,0.810938318,"n/a",NA,NA,NA,"forest","annual",FALSE,0.810930216216328,0.00223576440779365,0.81111831639519,314
"R60","Effects of the invasion of Ambrosia artemisiifolia and Bidens pilosa on soil microbial community structures and carbon metabolic pathways","39.3042","116.3607","greenhouse","Homogeneousorchardsinthefield","Chenopodiumalbum L.","Amaranthaceae","annual","AmbrosiaartemisiifoliaL.","AsteraceaeBercht.&J.Presl","annual","invasive",NA,513,"MBC","F2-2","MBC","mg/kg","n/a",1418.18181818181,62.337,5,1542.85714285714,124.675,5,0.084263478,"n/a",NA,NA,NA,"forest","annual",FALSE,0.0842603436177437,0.00169240093128703,0.0847201255348591,315
"R60","Effects of the invasion of Ambrosia artemisiifolia and Bidens pilosa on soil microbial community structures and carbon metabolic pathways","39.3042","116.3607","greenhouse","Homogeneousorchardsinthefield","Setariaviridis (L.)P.Beauv.","Poaceae","annual","Bidenspilosa L.","AsteraceaeBercht.&J.Presl","annual","invasive",NA,513,"MBC","F2-2","MBC","mg/kg","n/a",456.521739130434,43.478,5,2586.95652173913,108.695,5,1.734606209,"n/a",NA,NA,NA,"forest","annual",FALSE,1.73460105538811,0.00216711536073209,1.7338705758802,316
"R60","Effects of the invasion of Ambrosia artemisiifolia and Bidens pilosa on soil microbial community structures and carbon metabolic pathways","39.3042","116.3607","greenhouse","Homogeneousorchardsinthefield","Melilotusofficilis (L.)Pall.","Fabaceae","perennial","Bidenspilosa L.","AsteraceaeBercht.&J.Presl","annual","invasive",NA,513,"MBC","F2-2","MBC","mg/kg","n/a",652.173913043478,43.478,5,2543.47826086956,108.695,5,1.360983237,"n/a",NA,NA,NA,"forest","annual",FALSE,1.3609765531356,0.00125413061469925,1.36071474022069,317
"R60","Effects of the invasion of Ambrosia artemisiifolia and Bidens pilosa on soil microbial community structures and carbon metabolic pathways","39.3042","116.3607","greenhouse","Homogeneousorchardsinthefield","Chenopodiumalbum L.","Amaranthaceae","annual","Bidenspilosa L.","AsteraceaeBercht.&J.Presl","annual","invasive",NA,513,"MBC","F2-2","MBC","mg/kg","n/a",1413.04347826086,43.478,5,2586.95652173913,65.217,5,0.604740029,"n/a",NA,NA,NA,"forest","annual",FALSE,0.604736223215899,0.000316454982328443,0.60470510386682,318
"R9","Crop-weed competition changes the decomposition of soil organic matter fractions in the rhizosphere","-5.9945700000000004","-37.942100000000003","greenhouse","n/a","ZeamaysL.","Poaceae","annual","BidenspilosaL.","compositae","annual","invasive",NA,NA,"POC","F2","POC","mg C g soil-1","n/a",1.71511627906976,0.0872,5,1.51162790697674,0.1454,5,-0.13021464,"n/a",NA,NA,NA,NA,"annual",FALSE,-0.126293725324291,0.00236739691247915,-0.125627009350234,319
"R9","Crop-weed competition changes the decomposition of soil organic matter fractions in the rhizosphere","-5.9945700000000004","-37.942100000000003","greenhouse","n/a","AmaranthusviridisL.","Amaranthaceae","annual","BidenspilosaL.","compositae","annual","invasive",NA,NA,"POC","F2","POC","mg C g soil-2","n/a",1.33720930232558,0.1163,5,1.51162790697674,0.1454,5,0.119440037,"n/a",NA,NA,NA,NA,"annual",FALSE,0.122602322092331,0.00336324623732801,0.122771113403963,320
"R9","Crop-weed competition changes the decomposition of soil organic matter fractions in the rhizosphere","-5.9945700000000004","-37.942100000000003","greenhouse","n/a","I.grandifolia","BignoniaceaeJuss.","annual","BidenspilosaL.","compositae","annual","invasive",NA,NA,"POC","F2","POC","mg C g soil-3","n/a",1.6860465116279,0.1453,5,1.51162790697674,0.1454,5,-0.112618878,"n/a",NA,NA,NA,NA,"annual",FALSE,-0.109199291964991,0.00333574158977269,-0.109016748329581,321
"R12","Effects of Invasive Spartina alterniﬂora Loisel. and Subsequent Ecological Replacement bySonneratia apetala Buch.-Ham. on Soil OrganicCarbon Fractions and Stock","22.26","113.38","field","n/a","KandeliaobovataSheue&al.","Rhizophoraceae Pers.","n/a","S.alterniflora","Poaceae","perennial","invasive",22.4,NA,"POC","F2","POC","g/kg","n/a",45.3703703703703,1.5104,3,14.8989898989898,1.6148,3,-1.113489881,"n/a",NA,NA,NA,NA,"perennial",FALSE,-1.11356583833517,0.00428505636543258,-1.11179272815021,322
"R12","Effects of Invasive Spartina alterniﬂora Loisel. and Subsequent Ecological Replacement bySonneratia apetala Buch.-Ham. on Soil OrganicCarbon Fractions and Stock","22.26","113.38","field","n/a","KandeliaobovataSheue&al.","Rhizophoraceae Pers.","n/a","S.alterniflora","Poaceae","perennial","invasive",22.4,NA,"POC","F2","POC","g/kg","n/a",45.7912457912457,1.3647,3,12.4579124579124,1.9458,3,-1.301542213,"n/a",NA,NA,NA,NA,"perennial",FALSE,-1.30173697309183,0.00842782655421325,-1.29781912559254,323
"R12","Effects of Invasive Spartina alterniﬂora Loisel. and Subsequent Ecological Replacement bySonneratia apetala Buch.-Ham. on Soil OrganicCarbon Fractions and Stock","22.26","113.38","field","n/a","KandeliaobovataSheue&al.","Rhizophoraceae Pers.","n/a","S.alterniflora","Poaceae","perennial","invasive",22.4,NA,"POC","F2","POC","g/kg","n/a",14.057239057239,0.8969,3,18.2659932659932,2.2844,3,0.261926484,"n/a",NA,NA,NA,NA,"perennial",FALSE,0.261903541123705,0.00657054406082933,0.263831854133842,324
"R12","Effects of Invasive Spartina alterniﬂora Loisel. and Subsequent Ecological Replacement bySonneratia apetala Buch.-Ham. on Soil OrganicCarbon Fractions and Stock","22.26","113.38","field","n/a","KandeliaobovataSheue&al.","Rhizophoraceae Pers.","n/a","S.alterniflora","Poaceae","perennial","invasive",22.4,NA,"POC","F2","POC","g/kg","n/a",14.1414141414141,0.9045,3,13.1313131313131,0.4467,3,-0.074107972,"n/a",NA,NA,NA,NA,"perennial",FALSE,-0.0741079721537214,0.00174941258291943,-0.0745969387483586,325
"R17","Frequent Fire Reduces the Magnitude of Positive Interactions Between an Invasive Grass and Soil Microbes in Temperate Forests","37.32","88.45","field","forest","Ulmusspecies,Acerspecies,Fraxinusspecies,Juglansnigra,Quercusspecies,Caryaspecies,andPlatanusocci-dentalis","hardwood","n/a","Microstegium","Poaceae","n/a","invasive",NA,12800,"POC","T2","POC","g C m-2","0-5",588,92,40,657,61,40,0.15957071,"0-5",0,5,2.5,"forest",NA,FALSE,0.110957070585984,0.000827524263521186,0.110758819204856,326
"R17","Frequent Fire Reduces the Magnitude of Positive Interactions Between an Invasive Grass and Soil Microbes in Temperate Forests","37.32","88.45","field","forest","Ulmusspecies,Acerspecies,Fraxinusspecies,Juglansnigra,Quercusspecies,Caryaspecies,andPlatanusocci-dentalis","hardwood","n/a","Microstegium","Poaceae","n/a","invasive",NA,12800,"POC","T2","POC","g C m-2","5-10",203,32,40,174,16,40,-0.15415068,"5-10",5,10,7.5,"forest",NA,FALSE,-0.154150679827258,0.000832612077728436,-0.154355597307528,327
"R17","Frequent Fire Reduces the Magnitude of Positive Interactions Between an Invasive Grass and Soil Microbes in Temperate Forests","37.32","88.45","field","forest","Ulmusspecies,Acerspecies,Fraxinusspecies,Juglansnigra,Quercusspecies,Caryaspecies,andPlatanusocci-dentalis","hardwood","n/a","Microstegium","Poaceae","n/a","invasive",NA,12800,"POC","T2","POC","g C m-2","10-15",88,14,40,87,8,40,-0.011428696,"10-15",10,15,12.5,"forest",NA,FALSE,-0.0114286958236227,0.000844136492478564,-0.0116393755112678,328
"R18","Grass Invasions Across a Regional Gradient are Associated with Declines in Belowground Carbon Pools","33.53-35.03","83.21-83.29","field","forest","n/a","n/a","n/a","M.vimineum","herbaceous","annual","invasive",17,12200,"POC","F1","POC","g cm-2","n/a",1696,192,36,1575.99999999999,384,36,-0.073382546,"n/a",NA,NA,NA,"forest","annual",FALSE,-0.0733825459340303,0.00200510058842552,-0.0727359942158233,329
"R21","Invasion effects of Chromolaena odorata on soil carbon and nitrogen fractions in a tropical savanna","108.470–108.490","19.050–19.170","field","grassland","Hyptissuavedens,Eragrostiszylindrica,Tridaxprocumbens","Grass","n/a","Chromolaeodorata L.","AsteraceaeBercht.&J.Presl","perennial","invasive",24.6,1019,"POC","F3","POC","mg/g","0-10",3.28767123287671,0.3836,3,3.94520547945205,0.5479,3,0.182828014,"0-10",0,10,5,"grassland","perennial",FALSE,0.182321556793954,0.0109669247290526,0.183267074668666,330
"R21","Invasion effects of Chromolae odorata on soil carbon and nitrogen fractions in a tropical savan","108.470–108.490","19.050–19.170","field","grassland","Hyptissuavedens,Eragrostiszylindrica,Tridaxprocumbens","Grass","n/a","Chromolaeodorata L.","AsteraceaeBercht.&J.Presl","perennial","invasive",24.6,1019,"POC","F3","POC","mg/g","10-20",9.67123287671233,1.0137,3,3.94520547945205,0.5479,3,-0.895312731,"10-20",10,20,15,"grassland","perennial",FALSE,-0.896654757357297,0.0100911119204766,-0.895271333078298,331
"R21","Invasion effects of Chromolae odorata on soil carbon and nitrogen fractions in a tropical savan","108.470–108.490","19.050–19.170","field","forest","Crotonlaui,Microcospaniculata,Dimocarpuslongga","Forest","n/a","Chromolaeodorata L.","AsteraceaeBercht.&J.Presl","perennial","invasive",24.6,1019,"POC","F3","POC","mg/g","0-10",1.01369863013698,0.1096,3,1.50684931506849,0.137,3,0.40215932,"0-10",0,10,5,"forest","perennial",FALSE,0.396415272588251,0.00665193880443997,0.395844675114405,332
"R21","Invasion effects of Chromolae odorata on soil carbon and nitrogen fractions in a tropical savan","108.470–108.490","19.050–19.170","field","forest","Crotonlaui,Microcospaniculata,Dimocarpuslongga","Forest","n/a","Chromolaeodorata L.","AsteraceaeBercht.&J.Presl","perennial","invasive",24.6,1019,"POC","F3","POC","mg/g","10-20",2.02739726027397,0.3014,3,1.50684931506849,0.137,3,-0.295926142,"10-20",10,20,15,"forest","perennial",FALSE,-0.2967319079717,0.0101223186784356,-0.299037695382543,333
"R24","Loss of faster-cycling soil carbon pools following grass invasion across multiple forest sites","33.20-33.89","83.37-83.60","field","forest","Quercussp.","Fagaceae","n/a","M.vimineum","Poaceae","annual","invasive",NA,NA,"POC","F1","POC","g C m-2","0-10",113.888888888888,15.7407,8,84.2592592592592,5.5556,8,-0.301325814,"0-10",0,10,5,"forest","annual",FALSE,-0.30132484885556,0.00293120723383671,-0.302247031146517,334
"R24","Loss of faster-cycling soil carbon pools following grass invasion across multiple forest sites","33.20-33.89","83.37-83.60","field","forest","CaryacathayensisSarg.","JuglandaceaeDC.exPerleb","n/a","M.vimineum","Poaceae","annual","invasive",NA,NA,"POC","F1","POC","g C m-2","0-10",116.666666666666,12.963,8,82.4074074074074,5.5556,8,-0.347642648,"0-10",0,10,5,"forest","annual",FALSE,-0.347645537219332,0.00211133787180594,-0.348133086978327,335
"R32","Species choice inmangrove reforestationmay influence the quantity and quality of long-term carbon sequestration and storage","23.45","116.43","field","Mangroveplantations,sandybeaches&mudflats","Kandeliaobovata Sheue&al.","Rhizophoraceae Pers.","n/a","Sonneratiaapetala Buch.-Ham.","Lythraceae","n/a","invasive",NA,NA,"POC","T1","POXC","g/kg","0-20",10.05,0.59,3,1.41,0.09,3,-1.96398293,"0-20",0,20,10,"wetland_coastal",NA,FALSE,-1.96398293011501,0.00250689702788546,-1.9638782980495,336
"R32","Species choice inmangrove reforestationmay influence the quantity and quality of long-term carbon sequestration and storage","23.45","116.43","field","Mangroveplantations,sandybeaches&mudflats","Kandeliaobovata Sheue&al.","Rhizophoraceae Pers.","n/a","Sonneratiaapetala Buch.-Ham.","Lythraceae","n/a","invasive",NA,NA,"POC","T1","POXC","g/kg","20-40",8.66,0.52,3,3.09,0.9,3,-1.030543632,"20-40",20,40,30,"wetland_coastal",NA,FALSE,-1.03054363166469,0.0294797255602232,-1.01700561717079,337
"R32","Species choice inmangrove reforestationmay influence the quantity and quality of long-term carbon sequestration and storage","23.45","116.43","field","Mangroveplantations,sandybeaches&mudflats","Kandeliaobovata Sheue&al.","Rhizophoraceae Pers.","n/a","Sonneratiaapetala Buch.-Ham.","Lythraceae","n/a","invasive",NA,NA,"POC","T1","POXC","g/kg","40-60",6.99,0.37,3,1.74,0.27,3,-1.390595443,"40-60",40,60,50,"wetland_coastal",NA,FALSE,-1.39059544301928,0.00896011839956662,-1.38704934288494,338
"R32","Species choice inmangrove reforestationmay influence the quantity and quality of long-term carbon sequestration and storage","23.45","116.43","field","Mangroveplantations,sandybeaches&mudflats","Kandeliaobovata Sheue&al.","Rhizophoraceae Pers.","n/a","Sonneratiaapetala Buch.-Ham.","Lythraceae","n/a","invasive",NA,NA,"POC","T1","POXC","g/kg","60-80",5.5,0.33,3,4.35,1.74,3,-0.234572247,"60-80",60,80,70,"wetland_coastal",NA,FALSE,-0.234572247137833,0.0545333333333334,-0.208505580471166,339
"R32","Species choice inmangrove reforestationmay influence the quantity and quality of long-term carbon sequestration and storage","23.45","116.43","field","Mangroveplantations,sandybeaches&mudflats","Kandeliaobovata Sheue&al.","Rhizophoraceae Pers.","n/a","Sonneratiaapetala Buch.-Ham.","Lythraceae","n/a","invasive",NA,NA,"POC","T1","POXC","g/kg","80-100",4.46,0.35,3,3.12,0.93,3,-0.357315764,"80-100",80,100,90,"wetland_coastal",NA,FALSE,-0.357315764210582,0.0316694101606645,-0.343533851933912,340
"R37","Effects of Spartina Alterniflora Invasion on Soil Physical and Chemical Properties in Wetlands of the Yangtze River","23.90-23.93","117.40-117.50","field","estuary","Mangrove","n/a","n/a","S.alterniflora","Poaceae","perennial","invasive",15.3,1022,"POC","F3","POXC","g/kg","0-15",14.8941176470588,1.48,3,6.91764705882352,0.42,3,-0.766274077,"0-15",0,15,7.5,"wetland_coastal","perennial",FALSE,-0.766890654805494,0.00452008049850121,-0.767921953558146,341
"R37","Effects of Spartina Alterniflora Invasion on Soil Physical and Chemical Properties in Wetlands of the Yangtze River","23.90-23.93","117.40-117.50","field","estuary","Mangrove","n/a","n/a","S.alterniflora","Poaceae","perennial","invasive",15.3,1022,"POC","F3","POXC","g/kg","15-30",7.05882352941176,1.69,3,1.27058823529411,0.28,3,-1.715428151,"15-30",15,30,22.5,"wetland_coastal","perennial",FALSE,-1.71479842809193,0.0352944801383175,-1.71625796811537,342
"R37","Effects of Spartina Alterniflora Invasion on Soil Physical and Chemical Properties in Wetlands of the Yangtze River","23.90-23.93","117.40-117.50","field","estuary","Mangrove","n/a","n/a","S.alterniflora","Poaceae","perennial","invasive",15.3,1022,"POC","F3","POXC","g/kg","30-50",5.15294117647058,0.71,3,1.41176470588235,0.21,3,-1.29540701,"30-50",30,50,40,"wetland_coastal","perennial",FALSE,-1.2947271675944,0.0137037918938478,-1.29420354270799,343
"R37","Effects of Spartina Alterniflora Invasion on Soil Physical and Chemical Properties in Wetlands of the Yangtze River","23.90-23.93","117.40-117.50","field","estuary","Mangrove","n/a","n/a","S.alterniflora","Poaceae","perennial","invasive",15.3,1022,"POC","F3","POXC","g/kg","50-75",4.65882352941176,0.56,3,1.19999999999999,0.21,3,-1.356693891,"50-75",50,75,62.5,"wetland_coastal","perennial",FALSE,-1.35644139797022,0.0150245085535491,-1.35374531891366,344
"R37","Effects of Spartina Alterniflora Invasion on Soil Physical and Chemical Properties in Wetlands of the Yangtze River","23.90-23.93","117.40-117.50","field","estuary","Mangrove","n/a","n/a","S.alterniflora","Poaceae","perennial","invasive",15.3,1022,"POC","F3","POXC","g/kg","75-100",2.04705882352941,0.35,3,0.56470588235294,0.14,3,-1.297658288,"75-100",75,100,87.5,"wetland_coastal","perennial",FALSE,-1.28785428830664,0.0302319373568724,-1.28248269911471,345
"R50","Grass invasion of a hardwood forest is associated with declines in belowground carbon pools","33.5327","83.2193","field","forest","Acerrubrum,Quercusnigra,Platanusoccidentalis,andLiquidambarstyraciflua","n/a","n/a","M.vimineum","Poaceae","annual","invasive",NA,NA,"POC","T2","POC","mg g-1 dry wt soil-1","0-10",8.46,3.03736728105114,6,5.99,2.98837748619548,6,-0.345257761,"0-10",0,10,5,"forest","annual",FALSE,-0.345257761490774,0.0629659862400634,-0.335258150047273,346
"R52","Characteristics of Particulate Organic Carbon and Nitrogen in Soil of Leucaena leucocephala Plantation in the Dry-hot Valley","25.31-26.07","101.36-102.07","field","rivervalley","TermiliafranchetiiGagnep.\PhyllanthusemblicaLinn.\Dodoeaviscosa(L.)Jacq)\(OsteomelesschwerieSchneid.)\(DiospyrosdumetorumW.W.Smith)","n/a","n/a","Leucaeleucocephala(Lam.)deWit","Fabaceae","n/a","invasive",NA,NA,"POC","T2","POC","g/kg","0-10",2.93,0.57,4,7.32,0.53,4,0.915607905,"0-10",0,10,5,"wetland_coastal",NA,FALSE,0.915607904944244,0.0107719781207899,0.911532514139993,347
"R54","Effects of Spartina alterniflora invasion on soil organic carbon composition of mangrove wetland in Zhangjiang River Estuary","23.90-23.93","117.40-117.50","field","estuary","Mangrove","n/a","n/a","S.alterniflora","Poaceae","perennial","invasive",21.2,1714.5,"POC","F3","POC","g/kg","0-15",14.8550185873605,1.54,3,7.09293680297397,0.47,3,-0.739987699,"0-15",0,15,7.5,"wetland_coastal","perennial",FALSE,-0.739238287760207,0.00504599721544229,-0.740297686773664,348
"R54","Effects of Spartina alterniflora invasion on soil organic carbon composition of mangrove wetland in Zhangjiang River Estuary","23.90-23.93","117.40-117.50","field","estuary","Mangrove","n/a","n/a","S.alterniflora","Poaceae","perennial","invasive",21.2,1714.5,"POC","F3","POC","g/kg","15-30",7.29368029739776,1.41,3,1.27137546468401,0.2,3,-1.747486646,"15-30",15,30,22.5,"wetland_coastal","perennial",FALSE,-1.74690890306271,0.0207060944594661,-1.74901314439205,349
"R54","Effects of Spartina alterniflora invasion on soil organic carbon composition of mangrove wetland in Zhangjiang River Estuary","23.90-23.93","117.40-117.50","field","estuary","Mangrove","n/a","n/a","S.alterniflora","Poaceae","perennial","invasive",21.2,1714.5,"POC","F3","POC","g/kg","30-50",5.15241635687732,0.8,3,1.33828996282527,0.13,3,-1.346327101,"30-50",30,50,40,"wetland_coastal","perennial",FALSE,-1.3480731482997,0.0111812637108129,-1.35051845891025,350
"R54","Effects of Spartina alterniflora invasion on soil organic carbon composition of mangrove wetland in Zhangjiang River Estuary","23.90-23.93","117.40-117.50","field","estuary","Mangrove","n/a","n/a","S.alterniflora","Poaceae","perennial","invasive",21.2,1714.5,"POC","F3","POC","g/kg","50-75",4.61710037174721,0.74,3,1.20446096654274,0.27,3,-1.348073148,"50-75",50,75,62.5,"wetland_coastal","perennial",FALSE,-1.3437347467011,0.0253127900095774,-1.33964091022441,351
"R54","Effects of Spartina alterniflora invasion on soil organic carbon composition of mangrove wetland in Zhangjiang River Estuary","23.90-23.93","117.40-117.50","field","estuary","Mangrove","n/a","n/a","S.alterniflora","Poaceae","perennial","invasive",21.2,1714.5,"POC","F3","POC","g/kg","75-100",2.20817843866171,0.4,3,0.535315985130108,0.27,3,-1.409178655,"75-100",75,100,87.5,"wetland_coastal","perennial",FALSE,-1.41706601978665,0.0957358574536647,-1.38013590163848,352
"R9","Crop-weed competition changes the decomposition of soil organic matter fractions in the rhizosphere","-5.9945700000000004","-37.942100000000003","greenhouse","n/a","ZeamaysL.","Poaceae","annual","BidenspilosaL.","compositae","annual","invasive",NA,NA,"MAOC","F2","MAOC","mg C g soil-1","n/a",7.06395348837209,0.2326,5,5.93023255813953,0.1744,5,-0.174420838,"n/a",NA,NA,NA,NA,"annual",FALSE,-0.174941449496332,0.00038982064156596,-0.174963386343405,353
"R9","Crop-weed competition changes the decomposition of soil organic matter fractions in the rhizosphere","-5.9945700000000004","-37.942100000000003","greenhouse","n/a","AmaranthusviridisL.","Amaranthaceae","annual","BidenspilosaL.","compositae","annual","invasive",NA,NA,"MAOC","F2","MAOC","mg C g soil-2","n/a",6.86046511627906,0.2616,5,5.93023255813953,0.1744,5,-0.145683229,"n/a",NA,NA,NA,NA,"annual",FALSE,-0.145711811181393,0.000463776119938208,-0.145770725767652,354
"R9","Crop-weed competition changes the decomposition of soil organic matter fractions in the rhizosphere","-5.9945700000000004","-37.942100000000003","greenhouse","n/a","I.grandifolia","BignoniaceaeJuss.","annual","BidenspilosaL.","compositae","annual","invasive",NA,NA,"MAOC","F2","MAOC","mg C g soil-3","n/a",6.71511627906976,0.1163,5,5.93023255813953,0.1744,5,-0.125063942,"n/a",NA,NA,NA,NA,"annual",FALSE,-0.124297716677577,0.000232963955591636,-0.124241225181663,355
"R17","Frequent Fire Reduces the Magnitude of Positive Interactions Between an Invasive Grass and Soil Microbes in Temperate Forests","37.32","88.45","field","forest","Ulmusspecies,Acerspecies,Fraxinusspecies,Juglansnigra,Quercusspecies,Caryaspecies,andPlatanusocci-dentalis","hardwood","n/a","Microstegium","Poaceae","n/a","invasive",NA,12800,"MAOC","T2","MAOC","g C m-2","0-5",995,88,40,1134,60,40,0.130763747,"0-5",0,5,2.5,"forest",NA,FALSE,0.130763747129105,0.000265537459882266,0.130700965241637,356
"R17","Frequent Fire Reduces the Magnitude of Positive Interactions Between an Invasive Grass and Soil Microbes in Temperate Forests","37.32","88.45","field","forest","Ulmusspecies,Acerspecies,Fraxinusspecies,Juglansnigra,Quercusspecies,Caryaspecies,andPlatanusocci-dentalis","hardwood","n/a","Microstegium","Poaceae","n/a","invasive",NA,12800,"MAOC","T2","MAOC","g C m-2","5-10",763,68,40,750,40,40,-0.017184825,"5-10",5,10,7.5,"forest",NA,FALSE,-0.0171848247541009,0.00026967888095114,-0.0172485530834653,357
"R17","Frequent Fire Reduces the Magnitude of Positive Interactions Between an Invasive Grass and Soil Microbes in Temperate Forests","37.32","88.45","field","forest","Ulmusspecies,Acerspecies,Fraxinusspecies,Juglansnigra,Quercusspecies,Caryaspecies,andPlatanusocci-dentalis","hardwood","n/a","Microstegium","Poaceae","n/a","invasive",NA,12800,"MAOC","T2","MAOC","g C m-2","10-15",517,46,40,522,28,40,0.009624713,"10-15",10,15,12.5,"forest",NA,FALSE,0.00962471337420969,0.000269843949221708,0.00956172222856494,358
"R18","Grass Invasions Across a Regional Gradient are Associated with Declines in Belowground Carbon Pools","33.53-35.03","83.21-83.29","field","forest","n/a","n/a","n/a","M.vimineum","herbaceous","annual","invasive",17,12200,"MAOC","F1","MINC","g cm-2","n/a",552,80,36,1168,448,36,0.749500117,"n/a",NA,NA,NA,"forest","annual",FALSE,0.749500117111077,0.00467009792722568,0.751251721886961,359
"R24","Loss of faster-cycling soil carbon pools following grass invasion across multiple forest sites","33.20-33.89","83.37-83.60","field","forest","Quercussp.","Fagaceae","n/a","M.vimineum","Poaceae","annual","invasive",NA,NA,"MAOC","F1","MAOC","g C m-2","0-10",182.407407407407,22.2222,8,191.666666666666,14.8148,8,0.049518243,"0-10",0,10,5,"forest","annual",FALSE,0.0495150645273794,0.00260204312017136,0.0489608500339705,360
"R24","Loss of faster-cycling soil carbon pools following grass invasion across multiple forest sites","33.20-33.89","83.37-83.60","field","forest","CaryacathayensisSarg.","JuglandaceaeDC.exPerleb","n/a","M.vimineum","Poaceae","annual","invasive",NA,NA,"MAOC","F1","MAOC","g C m-2","0-10",184.259259259259,16.6667,8,184.259259259259,8.3333,8,0,"0-10",0,10,5,"forest","annual",FALSE,0,0.00127837885407753,-0.000383516110704276,361
"R50","Grass invasion of a hardwood forest is associated with declines in belowground carbon pools","33.5327","83.2193","field","forest","Acerrubrum,Quercusnigra,Platanusoccidentalis,andLiquidambarstyraciflua","n/a","n/a","M.vimineum","Poaceae","annual","invasive",NA,NA,"MAOC","T2","MAOC","mg g-1 dry wt soil-1","0-10",13.75,5.90327028010746,6,11.25,5.97675497239095,6,-0.200670695,"0-10",0,10,5,"forest","annual",FALSE,-0.200670695462151,0.0777613190490765,-0.192510564863233,362
"R4","Assessing the effects of short-term Spartina alterniflora invasion on labile andrecalcitrant C and N pools by means of soil fractiotion and stable C and N isotopes","31.3-31.17","121.46-122.15","field","wetland","S.mariqueter","Cyperaceae","perennial","S.alterniflora","Poaceae","perennial","invasive",15.7,1145,"ROC","F1","LC","mg/g","0-5",0.962461132245904,0.13732,6,2.19745222929936,0.222929936,6,0.829279355,"0-5",0,5,2.5,"wetland_coastal","perennial",FALSE,0.825560207400804,0.00510806090595281,0.824721502855046,363
"R4","Assessing the effects of short-term Spartina alterniflora invasion on labile andrecalcitrant C and N pools by means of soil fractiotion and stable C and N isotopes","31.3-31.17","121.46-122.15","field","wetland","S.mariqueter","Cyperaceae","perennial","S.alterniflora","Poaceae","perennial","invasive",15.7,1145,"ROC","F1","LC","mg/g","5-20",1.15270901731895,0.092487,6,2.21337579617834,0.23089172,6,0.653230573,"5-20",5,20,12.5,"wetland_coastal","perennial",FALSE,0.65240402028192,0.00288658542278668,0.652774384562608,364
"R4","Assessing the effects of short-term Spartina alterniflora invasion on labile andrecalcitrant C and N pools by means of soil fractiotion and stable C and N isotopes","31.3-31.17","121.46-122.15","field","wetland","S.mariqueter","Cyperaceae","perennial","S.alterniflora","Poaceae","perennial","invasive",15.7,1145,"ROC","F1","LC","mg/g","20-40",1.7534003856376,0.099285,6,2.25318471337579,0.191082803,6,0.251314428,"20-40",20,40,30,"wetland_coastal","perennial",FALSE,0.250787663499776,0.00173305096661722,0.251119804505678,365
"R4","Assessing the effects of short-term Spartina alterniflora invasion on labile andrecalcitrant C and N pools by means of soil fractiotion and stable C and N isotopes","31.3-31.17","121.46-122.15","field","wetland","S.mariqueter","Cyperaceae","perennial","S.alterniflora","Poaceae","perennial","invasive",15.7,1145,"ROC","F1","LC","mg/g","40-60",1.23423141730505,0.119852,6,1.82324840764331,0.127388535,6,0.391822332,"40-60",40,60,50,"wetland_coastal","perennial",FALSE,0.390171307336439,0.00238522761800681,0.389792306285494,366
"R4","Assessing the effects of short-term Spartina alterniflora invasion on labile andrecalcitrant C and N pools by means of soil fractiotion and stable C and N isotopes","31.3-31.17","121.46-122.15","field","wetland","S.mariqueter","Cyperaceae","perennial","S.alterniflora","Poaceae","perennial","invasive",15.7,1145,"ROC","F1","LC","mg/g","60-80",1.1645560824778,0.004581,6,1.61624203821656,0.119426752,6,0.334006144,"60-80",60,80,70,"wetland_coastal","perennial",FALSE,0.327763755689583,0.000912574378792707,0.328217463895756,367
"R4","Assessing the effects of short-term Spartina alterniflora invasion on labile andrecalcitrant C and N pools by means of soil fractiotion and stable C and N isotopes","31.3-31.17","121.46-122.15","field","wetland","S.mariqueter","Cyperaceae","perennial","S.alterniflora","Poaceae","perennial","invasive",15.7,1145,"ROC","F1","LC","mg/g","80-100",1.2131950596696,0.149823,6,1.25,0.103503185,6,0.032523192,"80-100",80,100,90,"wetland_coastal","perennial",FALSE,0.02988612663858,0.00368452838713543,0.0291865727708943,368
"R4","Assessing the effects of short-term Spartina alterniflora invasion on labile andrecalcitrant C and N pools by means of soil fractiotion and stable C and N isotopes","31.3-31.17","121.46-122.15","field","wetland","S.mariqueter","Cyperaceae","perennial","S.alterniflora","Poaceae","perennial","invasive",15.7,1145,"ROC","F1","RC","mg/g","0-5",2.18488022651866,0.13238,6,2.39361702127659,0.25075,6,0.091968489,"0-5",0,5,2.5,"wetland_coastal","perennial",FALSE,0.0912446091279249,0.00244087251973551,0.0918532048688802,369
"R4","Assessing the effects of short-term Spartina alterniflora invasion on labile andrecalcitrant C and N pools by means of soil fractiotion and stable C and N isotopes","31.3-31.17","121.46-122.15","field","wetland","S.mariqueter","Cyperaceae","perennial","S.alterniflora","Poaceae","perennial","invasive",15.7,1145,"ROC","F1","RC","mg/g","5-20",2.21739885698403,0.120832,6,3.53343465045592,0.31155,6,0.463790675,"5-20",5,20,12.5,"wetland_coastal","perennial",FALSE,0.465935563815925,0.00179062557427935,0.466335967959452,370
"R4","Assessing the effects of short-term Spartina alterniflora invasion on labile andrecalcitrant C and N pools by means of soil fractiotion and stable C and N isotopes","31.3-31.17","121.46-122.15","field","wetland","S.mariqueter","Cyperaceae","perennial","S.alterniflora","Poaceae","perennial","invasive",15.7,1145,"ROC","F1","RC","mg/g","20-40",2.24237844598467,0.149923,6,3.70060790273556,0.30395,6,0.501856954,"20-40",20,40,30,"wetland_coastal","perennial",FALSE,0.500959995398796,0.00186938310657859,0.501149667766053,371
"R4","Assessing the effects of short-term Spartina alterniflora invasion on labile andrecalcitrant C and N pools by means of soil fractiotion and stable C and N isotopes","31.3-31.17","121.46-122.15","field","wetland","S.mariqueter","Cyperaceae","perennial","S.alterniflora","Poaceae","perennial","invasive",15.7,1145,"ROC","F1","RC","mg/g","40-60",1.82571612208383,0.148201,6,3.35866261398176,0.28875,6,0.607625007,"40-60",40,60,50,"wetland_coastal","perennial",FALSE,0.609570557456697,0.00233006387230469,0.609637381611611,372
"R4","Assessing the effects of short-term Spartina alterniflora invasion on labile andrecalcitrant C and N pools by means of soil fractiotion and stable C and N isotopes","31.3-31.17","121.46-122.15","field","wetland","S.mariqueter","Cyperaceae","perennial","S.alterniflora","Poaceae","perennial","invasive",15.7,1145,"ROC","F1","RC","mg/g","60-80",1.63774384630083,0.130021,6,3.01671732522796,0.28115,6,0.61056059,"60-80",60,80,70,"wetland_coastal","perennial",FALSE,0.610849670583758,0.00249809407417558,0.611048247265743,373
"R4","Assessing the effects of short-term Spartina alterniflora invasion on labile andrecalcitrant C and N pools by means of soil fractiotion and stable C and N isotopes","31.3-31.17","121.46-122.15","field","wetland","S.mariqueter","Cyperaceae","perennial","S.alterniflora","Poaceae","perennial","invasive",15.7,1145,"ROC","F1","RC","mg/g","80-100",1.26840029878228,0.150939,6,2.46960486322188,0.27355,6,0.66520125,"80-100",80,100,90,"wetland_coastal","perennial",FALSE,0.666301664198087,0.00440502404650096,0.666144029430335,374
"R8","Changes in Soil Organic Carbon Dymics in a tive C4 Plant-Domited Tidal Marsh Following Sparti alterniflora Invasion","26.0036–26.0342","119.3412–119.4040","field","n/a","C.malaccensis","Cyperaceae","annual","S.alterniflora","Poaceae","perennial","invasive",19.6,1350,"ROC","F3","EOC","g/kg","0-10",5.53005464480874,0.3497,3,7.30054644808743,0.0874,3,0.277686533,"0-10",0,10,5,NA,"perennial",FALSE,0.27775150424918,0.00138071564908539,0.277108920344171,375
"R8","Changes in Soil Organic Carbon Dymics in a tive C4 Plant-Domited Tidal Marsh Following Sparti alterniflora Invasion","26.0036–26.0342","119.3412–119.4040","field","n/a","C.malaccensis","Cyperaceae","annual","S.alterniflora","Poaceae","perennial","invasive",19.6,1350,"ROC","F3","EOC","g/kg","10-20",4.32786885245901,0.5027,3,5.07103825136612,0.0656,3,0.157773276,"10-20",10,20,15,NA,"perennial",FALSE,0.158470340971776,0.0045530452942994,0.156249600140917,376
"R8","Changes in Soil Organic Carbon Dymics in a tive C4 Plant-Domited Tidal Marsh Following Sparti alterniflora Invasion","26.0036–26.0342","119.3412–119.4040","field","n/a","C.malaccensis","Cyperaceae","annual","S.alterniflora","Poaceae","perennial","invasive",19.6,1350,"ROC","F3","EOC","g/kg","20-30",4.98360655737704,0.6339,3,4.39344262295082,0.8306,3,-0.126100664,"20-30",20,30,25,NA,"perennial",FALSE,-0.126040720895363,0.0173068941186646,-0.122780302786321,377
"R8","Changes in Soil Organic Carbon Dymics in a tive C4 Plant-Domited Tidal Marsh Following Sparti alterniflora Invasion","26.0036–26.0342","119.3412–119.4040","field","n/a","C.malaccensis","Cyperaceae","annual","S.alterniflora","Poaceae","perennial","invasive",19.6,1350,"ROC","F3","EOC","g/kg","30-40",5.09289617486338,0.2842,3,5.00546448087431,0.0874,3,-0.015841915,"30-40",30,40,35,NA,"perennial",FALSE,-0.0173164500114608,0.00113962762045914,-0.0177846359471743,378
"R8","Changes in Soil Organic Carbon Dymics in a tive C4 Plant-Domited Tidal Marsh Following Sparti alterniflora Invasion","26.0036–26.0342","119.3412–119.4040","field","n/a","C.malaccensis","Cyperaceae","annual","S.alterniflora","Poaceae","perennial","invasive",19.6,1350,"ROC","F3","EOC","g/kg","40-50",4.43715846994535,0.5246,3,4.61202185792349,0.1749,3,0.037573481,"40-50",40,50,45,NA,"perennial",FALSE,0.0386521544342787,0.00513872641135198,0.0365621665256956,379
"R21","Invasion effects of Chromolaena odorata on soil carbon and nitrogen fractions in a tropical savanna","108.470–108.490","19.050–19.170","field","grassland","Hyptissuavedens,Eragrostiszylindrica,Tridaxprocumbens","Grass","n/a","Chromolaeodorata L.","AsteraceaeBercht.&J.Presl","perennial","invasive",24.6,1019,"ROC","F3","EOC","mg/g","0-10",6.03314917127071,0.7293,3,5.92265193370165,0.7293,3,-0.018410562,"0-10",0,10,5,"grassland","perennial",FALSE,-0.018484814674103,0.00992510446485976,-0.0183930932622513,380
"R21","Invasion effects of Chromolae odorata on soil carbon and nitrogen fractions in a tropical savan","108.470–108.490","19.050–19.170","field","grassland","Hyptissuavedens,Eragrostiszylindrica,Tridaxprocumbens","Grass","n/a","Chromolaeodorata L.","AsteraceaeBercht.&J.Presl","perennial","invasive",24.6,1019,"ROC","F3","EOC","mg/g","10-20",8.13259668508287,0.8177,3,5.92265193370165,0.7293,3,-0.317224475,"10-20",10,20,15,"grassland","perennial",FALSE,-0.317095957658075,0.00842410580316922,-0.316253736915378,381
"R21","Invasion effects of Chromolae odorata on soil carbon and nitrogen fractions in a tropical savan","108.470–108.490","19.050–19.170","field","forest","Crotonlaui,Microcospaniculata,Dimocarpuslongga","Forest","n/a","Chromolaeodorata L.","AsteraceaeBercht.&J.Presl","perennial","invasive",24.6,1019,"ROC","F3","EOC","mg/g","0-10",2.38674033149171,0.221,3,3.04972375690607,0.3315,3,0.243848225,"0-10",0,10,5,"forest","perennial",FALSE,0.245122458032984,0.00679638414130767,0.245662711144375,382
"R21","Invasion effects of Chromolae odorata on soil carbon and nitrogen fractions in a tropical savan","108.470–108.490","19.050–19.170","field","forest","Crotonlaui,Microcospaniculata,Dimocarpuslongga","Forest","n/a","Chromolaeodorata L.","AsteraceaeBercht.&J.Presl","perennial","invasive",24.6,1019,"ROC","F3","EOC","mg/g","10-20",3.27071823204419,0.4862,3,3.04972375690607,0.3315,3,-0.069648394,"10-20",10,20,15,"forest","perennial",FALSE,-0.0699585886069101,0.0113042870420179,-0.0716722869458735,383
"R23","Invasion of Praxelis clematidea increases the chemically non-labile rather than labile soil organic carbon in a tropical savanna","19.05-19.17","108.47 - 108.49","field","n/a","Hyptissuavedens,Eragrostiszylindrica,Tridaxprocumbens,Borreriaarticularis,andFimbristylisfusca,aswellasseveralshrubs,suchasSidaalnifoliaandWaltheriaamerica.","n/a","n/a","Praxelisclematidea","AsteraceaeBercht.&J.Presl","annual","invasive",24.6,1019,"ROC","F2","ROC","g/kg","0-10",2.34883720930232,0.2791,3,3.76744186046511,0.3256,3,0.472659673,"0-10",0,10,5,NA,"annual",FALSE,0.472475818391125,0.00719618302571126,0.471367469303713,384
"R23","Invasion of Praxelis clematidea increases the chemically non-labile rather than labile soil organic carbon in a tropical savan","19.05-19.17","108.47 - 108.49","field","forest","Hyptissuavedens,Eragrostiszylindrica,Tridaxprocumbens,Borreriaarticularis,andFimbristylisfusca,aswellasseveralshrubs,suchasSidaalnifoliaandWaltheriaamerica.","n/a","n/a","Praxelisclematidea","AsteraceaeBercht.&J.Presl","annual","invasive",24.6,1019,"ROC","F2","ROC","g/kg","10-20",1.7906976744186,0.1628,3,1.46511627906976,0.3488,3,-0.196953219,"10-20",10,20,15,"forest","annual",FALSE,-0.200670695462154,0.0216475522230623,-0.192602055132935,385
"R28","Response of the soil microbial community composition and biomass to a short-term Spartina alterniflora invasion in a coastal wetland of eastern China","32.3651-34.2832","119.5125-121.547","field","n/a","Suaedasalsa","Amaranthaceae","annual","S.alterniflora","Poaceae","perennial","invasive",13.8,1000,"ROC","T2","RC","g/kg","0-30",3.1,0.11,9,6.95,0.72,9,0.807339548,"0-30",0,30,15,NA,"perennial",FALSE,0.8073395480856,0.00133238542757152,0.807865840232846,386
"R28","Response of the soil microbial community composition and biomass to a short-term Spartina alterniflora invasion in a coastal wetland of eastern China","32.3651-34.2832","119.5125-121.547","field","n/a","Phragmitesaustralis","Poaceae","perennial","S.alterniflora","Poaceae","perennial","invasive",13.8,1000,"ROC","T2","RC","g/kg","0-30",2.29,0.1,9,6.95,0.72,9,1.15189842,"0-30",0,30,15,NA,"perennial",FALSE,1.11018984201055,0.00140436318354898,1.11068014527981,387
"R28","Response of the soil microbial community composition and biomass to a short-term Spartina alterniflora invasion in a coastal wetland of eastern China","32.3651-34.2832","119.5125-121.547","field","n/a","Suaedasalsa","Amaranthaceae","annual","S.alterniflora","Poaceae","perennial","invasive",13.8,1000,"ROC","T2","LC","g/kg","0-30",0.53,0.15,9,1.57,0.19,9,1.085953892,"0-30",0,30,15,NA,"perennial",FALSE,1.08595389179619,0.0105272560189144,1.0823175554055,388
"R28","Response of the soil microbial community composition and biomass to a short-term Spartina alterniflora invasion in a coastal wetland of eastern China","32.3651-34.2832","119.5125-121.547","field","n/a","Phragmitesaustralis","Poaceae","perennial","S.alterniflora","Poaceae","perennial","invasive",13.8,1000,"ROC","T2","LC","g/kg","0-30",0.63,0.08,9,1.57,0.19,9,0.91311579,"0-30",0,30,15,NA,"perennial",FALSE,0.913111078956775,0.00341895478609655,0.913028893182499,389
"R40","Effect of the invasion by Soildago canadensis on soil properties in Hangzhou bay wetland and reclamation district","121.0958","30.1929","field","wetland","Phaceluruslatifolius (Steud.)Ohwi","Poaceae","perennial","SolidagocadensisL.","AsteraceaeBercht.&J.Presl","perennial","invasive",16,1273,"ROC","F2","ROC","g/kg","0-10",2.60176991150442,0.17,5,1.5929203539823,0.17,5,-0.491777429,"0-10",0,10,5,"wetland_coastal","perennial",FALSE,-0.49062291644847,0.00313179321913195,-0.489910886514826,390
"R40","Effect of the invasion by Soildago cadensis on soil properties in Hangzhou bay wetland and reclamation district","121.0958","30.1929","field","wetland","Imperatacylindrica (L.)P.Beauv.","Poaceae","perennial","SolidagocadensisL.","AsteraceaeBercht.&J.Presl","perennial","invasive",16,1273,"ROC","F2","ROC","g/kg","0-10",2.45132743362831,0.18,5,1.5929203539823,0.17,5,-0.432354008,"0-10",0,10,5,"wetland_coastal","perennial",FALSE,-0.431060655297125,0.00335630785927031,-0.43046088268355,391
"R40","Effect of the invasion by Soildago cadensis on soil properties in Hangzhou bay wetland and reclamation district","121.0958","30.1929","field","wetland","Phragmitesaustralis","Poaceae","perennial","SolidagocadensisL.","AsteraceaeBercht.&J.Presl","perennial","invasive",16,1273,"ROC","F2","ROC","g/kg","0-10",3.39823008849557,0.14,5,1.5929203539823,0.17,5,-0.760041415,"0-10",0,10,5,"wetland_coastal","perennial",FALSE,-0.757685701697515,0.0026173802107446,-0.756716465259678,392
"R40","Effect of the invasion by Soildago cadensis on soil properties in Hangzhou bay wetland and reclamation district","121.0958","30.1929","field","wetland","Phaceluruslatifolius (Steud.)Ohwi","Poaceae","perennial","SolidagocadensisL.","AsteraceaeBercht.&J.Presl","perennial","invasive",16,1273,"ROC","F2","ROC","g/kg","10-20",1.9646017699115,0.31,5,1.19469026548672,0.19,5,-0.498991166,"10-20",10,20,15,"wetland_coastal","perennial",FALSE,-0.497402603433853,0.0100382689213739,-0.497363182064635,393
"R40","Effect of the invasion by Soildago cadensis on soil properties in Hangzhou bay wetland and reclamation district","121.0958","30.1929","field","wetland","Imperatacylindrica (L.)P.Beauv.","Poaceae","perennial","SolidagocadensisL.","AsteraceaeBercht.&J.Presl","perennial","invasive",16,1273,"ROC","F2","ROC","g/kg","10-20",2.1858407079646,0.2,5,1.19469026548672,0.19,5,-0.609948237,"10-20",10,20,15,"wetland_coastal","perennial",FALSE,-0.604113558189552,0.00673293174165475,-0.602421468230475,394
"R40","Effect of the invasion by Soildago cadensis on soil properties in Hangzhou bay wetland and reclamation district","121.0958","30.1929","field","wetland","Phragmitesaustralis","Poaceae","perennial","SolidagocadensisL.","AsteraceaeBercht.&J.Presl","perennial","invasive",16,1273,"ROC","F2","ROC","g/kg","10-20",3.20353982300884,0.18,5,1.19469026548672,0.19,5,-0.989197503,"10-20",10,20,15,"wetland_coastal","perennial",FALSE,-0.986369433387343,0.0056899706218823,-0.98415586286838,395
"R55","Invasion Effects of Solidago canadensis on Soil Nutrients and Active Organic Carbon Components in Reclamation District of Hangzhou Bay Wetland","30.1929","121.0958","field","wetland","Phaceluruslatifolius (Steud.)Ohwi","Poaceae","perennial","SolidagocadensisL.","AsteraceaeBercht.&J.Presl","perennial","invasive",16,1273,"ROC","F4","ROC","g/kg","0-10",2.62988505747126,0.17,5,1.6183908045977,0.22,5,-0.484557697,"0-10",0,10,5,"wetland_coastal","perennial",FALSE,-0.4855078157817,0.00453150828834082,-0.48407776914462,396
"R55","Invasion Effects of Solidago canadensis on Soil Nutrients and Active Organic Carbon Components in Reclamation District of Hangzhou Bay Wetland","30.1929","121.0958","field","wetland","Imperatacylindrica (L.)P.Beauv.","Poaceae","perennial","SolidagocadensisL.","AsteraceaeBercht.&J.Presl","perennial","invasive",16,1273,"ROC","F4","ROC","g/kg","0-10",2.49,0.2,5,1.6183908045977,0.22,5,-0.429856561,"0-10",0,10,5,"wetland_coastal","perennial",FALSE,-0.430850385407259,0.00498610255057631,-0.429647635901297,397
"R55","Invasion Effects of Solidago canadensis on Soil Nutrients and Active Organic Carbon Components in Reclamation District of Hangzhou Bay Wetland","30.1929","121.0958","field","wetland","P.australis","Poaceae","perennial","SolidagocadensisL.","AsteraceaeBercht.&J.Presl","perennial","invasive",16,1273,"ROC","F4","ROC","g/kg","0-10",3.42,0.15,5,1.6183908045977,0.22,5,-0.747214402,"0-10",0,10,5,"wetland_coastal","perennial",FALSE,-0.748208226005156,0.00408053454548515,-0.746552692496649,398
"R55","Invasion Effects of Solidago canadensis on Soil Nutrients and Active Organic Carbon Components in Reclamation District of Hangzhou Bay Wetland","30.1929","121.0958","field","wetland","Phaceluruslatifolius (Steud.)Ohwi","Poaceae","perennial","SolidagocadensisL.","AsteraceaeBercht.&J.Presl","perennial","invasive",16,1273,"ROC","F4","ROC","g/kg","10-20",2.04,0.23,5,1.28,0.15,5,-0.46608973,"10-20",10,20,15,"wetland_coastal","perennial",FALSE,-0.466089729924599,0.00528887345762447,-0.465987584622161,399
"R55","Invasion Effects of Solidago canadensis on Soil Nutrients and Active Organic Carbon Components in Reclamation District of Hangzhou Bay Wetland","30.1929","121.0958","field","wetland","Imperatacylindrica (L.)P.Beauv.","Poaceae","perennial","SolidagocadensisL.","AsteraceaeBercht.&J.Presl","perennial","invasive",16,1273,"ROC","F4","ROC","g/kg","10-20",2.23,0.17,5,1.28,0.15,5,-0.555141508,"10-20",10,20,15,"wetland_coastal","perennial",FALSE,-0.555141507540502,0.00390888169542986,-0.554349366356967,400
"R55","Invasion Effects of Solidago canadensis on Soil Nutrients and Active Organic Carbon Components in Reclamation District of Hangzhou Bay Wetland","30.1929","121.0958","field","wetland","P.australis","Poaceae","perennial","SolidagocadensisL.","AsteraceaeBercht.&J.Presl","perennial","invasive",16,1273,"ROC","F4","ROC","g/kg","10-20",3.29,0.14,5,1.28,0.15,5,-0.944027487,"10-20",10,20,15,"wetland_coastal","perennial",FALSE,-0.944027486845755,0.00310873685243606,-0.942835273240723,401
"R61","The effects of Spartina alterniflora seaward invasion on soil organic carbon fractions, sources and distribution","33.35-33.38","120.30-120.40","field","beach","n/a","n/a","n/a","S.alterniflora","Poaceae","perennial","invasive",NA,NA,"ROC","T2","LC","mg/g","0-20",0.38,0.08,3,3,0.11,3,2.066196315,"0-20",0,20,10,"wetland_coastal","perennial",FALSE,2.06619631492982,0.0152219246947779,2.05903350073057,402
"R31","Seawall construction alters soil carbon and nitrogen dynamics and soil microbial biomass in an invasive Spartina alterniflora salt marsh in eastern China","32.59-33.03","120.47-120.53","field","n/a","Suaedasalsa","n/a","annual","S.alterniflora","Poaceae","perennial","invasive",14.1,1000,"WSOC","F3","WSOC","mg/g","0-10",189.461883408071,19.6188,3,120.5157,17.3767,3,-0.452362206,"0-10",0,10,5,NA,"perennial",FALSE,-0.45240782642512,0.0105040949396824,-0.45072998779485,403
"R31","Seawall construction alters soil carbon and nitrogen dymics and soil microbial biomass in an invasive Spartina alterniflora salt marsh in eastern China","32.59-33.03","120.47-120.53","field","n/a","Suaedasalsa","n/a","annual","S.alterniflora","Poaceae","perennial","invasive",14.1,1000,"WSOC","F3","WSOC","mg/g","10-20",172.085201793721,11.2108,3,122.757847533632,4.4843,3,-0.337786366,"10-20",10,20,15,NA,"perennial",FALSE,-0.337776017770693,0.00185950666411672,-0.338260966232127,404
"R31","Seawall construction alters soil carbon and nitrogen dymics and soil microbial biomass in an invasive Spartina alterniflora salt marsh in eastern China","32.59-33.03","120.47-120.53","field","n/a","Suaedasalsa","n/a","annual","S.alterniflora","Poaceae","perennial","invasive",14.1,1000,"WSOC","F3","WSOC","mg/g","20-30",168.72197309417,5.04484,3,119.955156950672,8.4081,3,-0.341082182,"20-30",20,30,25,NA,"perennial",FALSE,-0.341134249727027,0.00193571821633794,-0.340464400214337,405
"R32","Species choice inmangrove reforestationmay influence the quantity and quality of long-term carbon sequestration and storage","23.45","116.43","field","Mangroveplantations,sandybeaches&mudflats","Kandeliaobovata Sheue&al.","Rhizophoraceae Pers.","n/a","Sonneratiaapetala Buch.-Ham.","Lythraceae","n/a","invasive",NA,NA,"WSOC","T1","WSOC","mg/kg","0-20",434.64,1.13,3,23.85,0.71,3,-2.902733885,"0-20",0,20,10,"wetland_coastal",NA,FALSE,-2.90273388490892,0.000297658645459102,-2.9025873086643,406
"R32","Species choice inmangrove reforestationmay influence the quantity and quality of long-term carbon sequestration and storage","23.45","116.43","field","Mangroveplantations,sandybeaches&mudflats","Kandeliaobovata Sheue&al.","Rhizophoraceae Pers.","n/a","Sonneratiaapetala Buch.-Ham.","Lythraceae","n/a","invasive",NA,NA,"WSOC","T1","WSOC","mg/kg","20-40",35.82,6.81,3,38.12,2.95,3,0.062232682,"20-40",20,40,30,"wetland_coastal",NA,FALSE,0.0622326821534356,0.0140444494420469,0.0572067169204081,407
"R32","Species choice inmangrove reforestationmay influence the quantity and quality of long-term carbon sequestration and storage","23.45","116.43","field","Mangroveplantations,sandybeaches&mudflats","Kandeliaobovata Sheue&al.","Rhizophoraceae Pers.","n/a","Sonneratiaapetala Buch.-Ham.","Lythraceae","n/a","invasive",NA,NA,"WSOC","T1","WSOC","mg/kg","40-60",35.82,4.75,3,20.38,0.93,3,-0.563952369,"40-60",40,60,50,"wetland_coastal",NA,FALSE,-0.563952368837987,0.00655570417144933,-0.56653609816679,408
"R32","Species choice inmangrove reforestationmay influence the quantity and quality of long-term carbon sequestration and storage","23.45","116.43","field","Mangroveplantations,sandybeaches&mudflats","Kandeliaobovata Sheue&al.","Rhizophoraceae Pers.","n/a","Sonneratiaapetala Buch.-Ham.","Lythraceae","n/a","invasive",NA,NA,"WSOC","T1","WSOC","mg/kg","60-80",35.11,2.99,3,37.01,2.89,3,0.052702156,"60-80",60,80,70,"wetland_coastal",NA,FALSE,0.0527021562177237,0.00444998763070184,0.0525096891082299,409
"R32","Species choice inmangrove reforestationmay influence the quantity and quality of long-term carbon sequestration and storage","23.45","116.43","field","Mangroveplantations,sandybeaches&mudflats","Kandeliaobovata Sheue&al.","Rhizophoraceae Pers.","n/a","Sonneratiaapetala Buch.-Ham.","Lythraceae","n/a","invasive",NA,NA,"WSOC","T1","WSOC","mg/kg","80-100",23.78,3.91,3,37.93,0.68,3,0.466897464,"80-100",80,100,90,"wetland_coastal",NA,FALSE,0.466897464438172,0.00911887293337899,0.462445162850936,410
"R35","Total and available soil carbon fractions under the perennial grass Cynodon dactylon (L.) Pers and the bioenergy crop Arundo dox L.","28.9587","100.645","field","n/a","Arundodox L.","Poaceae","perennial","Cynodondactylon (L.)Persoon","Poaceae","perennial","invasive",21.5,546,"WSOC","T2","WSOC","g/kg","0-10",0.76,0.223606797749979,3,1.36,0.244948974278318,3,0.581921545,"0-10",0,10,5,NA,"perennial",FALSE,0.581921545449721,0.0396681811065635,0.572900603685367,411
"R35","Total and available soil carbon fractions under the perennial grass Cynodon dactylon (L.) Pers and the bioenergy crop Arundo dox L.","28.9587","100.645","field","n/a","Arundodox L.","Poaceae","perennial","Cynodondactylon (L.)Persoon","Poaceae","perennial","invasive",21.5,546,"WSOC","T2","WSOC","g/kg","10-20",0.44,0.14142135623731,3,0.67,0.173205080756888,3,0.420502985,"10-20",10,20,15,NA,"perennial",FALSE,0.420502985472705,0.0567119380278824,0.414423692778657,412
"R35","Total and available soil carbon fractions under the perennial grass Cynodon dactylon (L.) Pers and the bioenergy crop Arundo dox L.","28.9587","100.645","field","n/a","Arundodox L.","Poaceae","perennial","Cynodondactylon (L.)Persoon","Poaceae","perennial","invasive",21.5,546,"WSOC","T2","WSOC","g/kg","20-30",0.36,0.14142135623731,3,0.48,0.14142135623731,3,0.287682072,"20-30",20,30,25,NA,"perennial",FALSE,0.287682072451781,0.0803755144032927,0.27642950043532,413
"R35","Total and available soil carbon fractions under the perennial grass Cynodon dactylon (L.) Pers and the bioenergy crop Arundo dox L.","28.9587","100.645","field","n/a","Arundodox L.","Poaceae","perennial","Cynodondactylon (L.)Persoon","Poaceae","perennial","invasive",21.5,546,"WSOC","T2","WSOC","g/kg","30-40",0.3,0.14142135623731,3,0.421,0.14142135623731,3,0.336472237,"30-40",30,40,35,NA,"perennial",FALSE,0.33885035902618,0.111687643545397,0.320620106724804,414
"R36","Effects of Spartina Alterniflora Invasion on Soil Physical and Chemical Properties in Wetlands of the Yangtze River","31.25-31.28","121.50-122.05","field","SiltIsland","P.australis","Poaceae","perennial","S.alterniflora","Poaceae","perennial","invasive",15.3,1022,"WSOC","T2","WSOC","g/kg","40-50",0.31,0.173205080756888,3,0.4,0.14142135623731,3,0.25489225,"40-50",40,50,45,"wetland_coastal","perennial",FALSE,0.25489224962879,0.145724939299342,0.223696446645786,415
"R40","Effect of the invasion by Soildago canadensis on soil properties in Hangzhou bay wetland and reclamation district","121.0958","30.1929","field","wetland","Phaceluruslatifolius (Steud.)Ohwi","Poaceae","perennial","SolidagocadensisL.","AsteraceaeBercht.&J.Presl","perennial","invasive",16,1273,"WSOC","F2","WSOC","g/kg","0-10",0.329809725158562,0.06,5,0.247357293868921,0.02,5,-0.277631737,"0-10",0,10,5,"wetland_coastal","perennial",FALSE,-0.287682072451783,0.00792669771349261,-0.290337924778469,416
"R40","Effect of the invasion by Soildago cadensis on soil properties in Hangzhou bay wetland and reclamation district","121.0958","30.1929","field","wetland","Imperatacylindrica (L.)P.Beauv.","Poaceae","perennial","SolidagocadensisL.","AsteraceaeBercht.&J.Presl","perennial","invasive",16,1273,"WSOC","F2","WSOC","g/kg","0-10",0.417547568710359,0.05,5,0.247357293868921,0.02,5,-0.518793793,"0-10",0,10,5,"wetland_coastal","perennial",FALSE,-0.523564649543423,0.00417535744978505,-0.524344831738255,417
"R40","Effect of the invasion by Soildago cadensis on soil properties in Hangzhou bay wetland and reclamation district","121.0958","30.1929","field","wetland","Phragmitesaustralis","Poaceae","perennial","SolidagocadensisL.","AsteraceaeBercht.&J.Presl","perennial","invasive",16,1273,"WSOC","F2","WSOC","g/kg","0-10",0.253699788583509,0.04,5,0.247357293868921,0.02,5,0,"0-10",0,10,5,"wetland_coastal","perennial",FALSE,-0.025317807984291,0.00627925208561622,-0.0271499374970385,418
"R40","Effect of the invasion by Soildago cadensis on soil properties in Hangzhou bay wetland and reclamation district","121.0958","30.1929","field","wetland","Phaceluruslatifolius (Steud.)Ohwi","Poaceae","perennial","SolidagocadensisL.","AsteraceaeBercht.&J.Presl","perennial","invasive",16,1273,"WSOC","F2","WSOC","g/kg","10-20",0.321353065539112,0.03,5,0.190274841437632,0.03,5,-0.521296924,"10-20",10,20,15,"wetland_coastal","perennial",FALSE,-0.524070850516012,0.00671479658741152,-0.522456493254162,419
"R40","Effect of the invasion by Soildago cadensis on soil properties in Hangzhou bay wetland and reclamation district","121.0958","30.1929","field","wetland","Imperatacylindrica (L.)P.Beauv.","Poaceae","perennial","SolidagocadensisL.","AsteraceaeBercht.&J.Presl","perennial","invasive",16,1273,"WSOC","F2","WSOC","g/kg","10-20",0.313953488372092,0.05,5,0.190274841437632,0.03,5,-0.489548225,"10-20",10,20,15,"wetland_coastal","perennial",FALSE,-0.500775287912487,0.0100444578875172,-0.50082576130069,420
"R40","Effect of the invasion by Soildago cadensis on soil properties in Hangzhou bay wetland and reclamation district","121.0958","30.1929","field","wetland","Phragmitesaustralis","Poaceae","perennial","SolidagocadensisL.","AsteraceaeBercht.&J.Presl","perennial","invasive",16,1273,"WSOC","F2","WSOC","g/kg","10-20",0.271670190274841,0.08,5,0.190274841437632,0.03,5,-0.351397887,"10-20",10,20,15,"wetland_coastal","perennial",FALSE,-0.356119234005009,0.022314826306059,-0.362304891602483,421
"R41","Effects of moso bamboo invasion on soil active organic carbon and nitrogen in a evergreen broad-leaved forest in subtropical China","33.41","120.00","field","forest","Quercusglauca","Fagaceae","n/a","Phyllostachysedulis","Poaceae","annual","invasive",NA,NA,"WSOC","F2","WSOC","mg/kg","0-20",241.825095057034,29.66,9,173.38403041825,18.25,9,-0.332749283,"0-20",0,20,10,"forest","annual",FALSE,-0.332705753825741,0.00290248389065135,-0.332925975966762,422
"R41","Effects of moso bamboo invasion on soil active organic carbon and nitrogen in a evergreen broad-leaved forest in subtropical China","33.41","120.00","field","forest","Quercusglauca","Fagaceae","n/a","Phyllostachysedulis","Poaceae","annual","invasive",NA,NA,"WSOC","F2","WSOC","mg/kg","0-20",191.634980988593,15.97,9,132.31939163498,9.13,9,-0.370343198,"0-20",0,20,10,"forest","annual",FALSE,-0.370373788296901,0.00130064095008133,-0.370495113178062,423
"R41","Effects of moso bamboo invasion on soil active organic carbon and nitrogen in a evergreen broad-leaved forest in subtropical China","33.41","120.00","field","forest","Quercusglauca","Fagaceae","n/a","Phyllostachysedulis","Poaceae","annual","invasive",NA,NA,"WSOC","F2","WSOC","mg/kg","0-20",474.524714828897,29.66,9,303.422053231939,2.28,9,-0.447185782,"0-20",0,20,10,"forest","annual",FALSE,-0.447188951479564,0.000440366160097974,-0.447402860727414,424
"R41","Effects of moso bamboo invasion on soil active organic carbon and nitrogen in a evergreen broad-leaved forest in subtropical China","33.41","120.00","field","forest","Quercusglauca","Fagaceae","n/a","Phyllostachysedulis","Poaceae","annual","invasive",NA,NA,"WSOC","F2","WSOC","mg/kg","0-20",196.197718631178,52.47,9,250.950570342205,20.53,9,0.246119169,"0-20",0,20,10,"forest","annual",FALSE,0.246133069538911,0.00869042318057025,0.242531491566932,425
